# WaveFront *.obj file (generated by Autodesk ATF)

mtllib kosteczka.mtl

g Bryła1

v -20.000000 -24.000000 15.000000
v -19.946717 -24.000000 14.271994
v -19.788003 -24.000000 13.559505
v -19.527241 -24.000000 12.877717
v -19.169989 -24.000000 12.241161
v -18.723861 -24.000000 11.663406
v -18.198365 -24.000000 11.156764
v -17.604702 -24.000000 10.732035
v -16.955524 -24.000000 10.398269
v -16.264667 -24.000000 10.162582
v -15.546856 -24.000000 10.029995
v -14.817390 -24.000000 10.003336
v -14.091816 -24.000000 10.083172
v -13.385598 -24.000000 10.267801
v -12.713788 -24.000000 10.553289
v -12.090705 -24.000000 10.933551
v -11.529629 -24.000000 11.400483
v -11.042518 -24.000000 11.944131
v -10.639753 -24.000000 12.552911
v -10.329919 -24.000000 13.213846
v -10.119621 -24.000000 13.912849
v -10.013339 -24.000000 14.635023
v -10.013339 -24.000000 15.364977
v -10.119621 -24.000000 16.087151
v -10.329919 -24.000000 16.786154
v -10.639753 -24.000000 17.447089
v -11.042518 -24.000000 18.055869
v -11.529629 -24.000000 18.599517
v -12.090705 -24.000000 19.066449
v -12.713788 -24.000000 19.446711
v -13.385598 -24.000000 19.732199
v -14.091816 -24.000000 19.916828
v -14.817390 -24.000000 19.996664
v -15.546856 -24.000000 19.970005
v -16.264667 -24.000000 19.837418
v -16.955524 -24.000000 19.601731
v -17.604702 -24.000000 19.267965
v -18.198365 -24.000000 18.843236
v -18.723861 -24.000000 18.336594
v -19.169989 -24.000000 17.758839
v -19.527241 -24.000000 17.122283
v -19.788003 -24.000000 16.440495
v -19.946717 -24.000000 15.728006
v 10.000000 -24.000000 -15.000000
v 10.053283 -24.000000 -15.728006
v 10.211997 -24.000000 -16.440495
v 10.472759 -24.000000 -17.122283
v 10.830011 -24.000000 -17.758839
v 11.276139 -24.000000 -18.336594
v 11.801635 -24.000000 -18.843236
v 12.395298 -24.000000 -19.267965
v 13.044476 -24.000000 -19.601731
v 13.735333 -24.000000 -19.837418
v 14.453144 -24.000000 -19.970005
v 15.182610 -24.000000 -19.996664
v 15.908184 -24.000000 -19.916828
v 16.614402 -24.000000 -19.732199
v 17.286212 -24.000000 -19.446711
v 17.909295 -24.000000 -19.066449
v 18.470371 -24.000000 -18.599517
v 18.957482 -24.000000 -18.055869
v 19.360247 -24.000000 -17.447089
v 19.670081 -24.000000 -16.786154
v 19.880379 -24.000000 -16.087151
v 19.986661 -24.000000 -15.364977
v 19.986661 -24.000000 -14.635023
v 19.880379 -24.000000 -13.912849
v 19.670081 -24.000000 -13.213846
v 19.360247 -24.000000 -12.552911
v 18.957482 -24.000000 -11.944131
v 18.470371 -24.000000 -11.400483
v 17.909295 -24.000000 -10.933551
v 17.286212 -24.000000 -10.553289
v 16.614402 -24.000000 -10.267801
v 15.908184 -24.000000 -10.083172
v 15.182610 -24.000000 -10.003336
v 14.453144 -24.000000 -10.029995
v 13.735333 -24.000000 -10.162582
v 13.044476 -24.000000 -10.398269
v 12.395298 -24.000000 -10.732035
v 11.801635 -24.000000 -11.156764
v 11.276139 -24.000000 -11.663406
v 10.830011 -24.000000 -12.241161
v 10.472759 -24.000000 -12.877717
v 10.211997 -24.000000 -13.559505
v 10.053283 -24.000000 -14.271994
v 24.499306 10.000000 15.000000
v 24.499306 10.053283 14.271994
v 24.499306 10.211997 13.559505
v 24.499306 10.472759 12.877717
v 24.499306 10.830011 12.241161
v 24.499306 11.276139 11.663406
v 24.499306 11.801635 11.156764
v 24.499306 12.395298 10.732035
v 24.499306 13.044476 10.398269
v 24.499306 13.735333 10.162582
v 24.499306 14.453144 10.029995
v 24.499306 15.182610 10.003336
v 24.499306 15.908184 10.083172
v 24.499306 16.614402 10.267801
v 24.499306 17.286212 10.553289
v 24.499306 17.909295 10.933551
v 24.499306 18.470371 11.400483
v 24.499306 18.957482 11.944131
v 24.499306 19.360247 12.552911
v 24.499306 19.670081 13.213846
v 24.499306 19.880379 13.912849
v 24.499306 19.986661 14.635023
v 24.499306 19.986661 15.364977
v 24.499306 19.880379 16.087151
v 24.499306 19.670081 16.786154
v 24.499306 19.360247 17.447089
v 24.499306 18.957482 18.055869
v 24.499306 18.470371 18.599517
v 24.499306 17.909295 19.066449
v 24.499306 17.286212 19.446711
v 24.499306 16.614402 19.732199
v 24.499306 15.908184 19.916828
v 24.499306 15.182610 19.996664
v 24.499306 14.453144 19.970005
v 24.499306 13.735333 19.837418
v 24.499306 13.044476 19.601731
v 24.499306 12.395298 19.267965
v 24.499306 11.801635 18.843236
v 24.499306 11.276139 18.336594
v 24.499306 10.830011 17.758839
v 24.499306 10.472759 17.122283
v 24.499306 10.211997 16.440495
v 24.499306 10.053283 15.728006
v 24.499306 -20.000000 -15.000000
v 24.499306 -19.946717 -15.728006
v 24.499306 -19.788003 -16.440495
v 24.499306 -19.527241 -17.122283
v 24.499306 -19.169989 -17.758839
v 24.499306 -18.723861 -18.336594
v 24.499306 -18.198365 -18.843236
v 24.499306 -17.604702 -19.267965
v 24.499306 -16.955524 -19.601731
v 24.499306 -16.264667 -19.837418
v 24.499306 -15.546856 -19.970005
v 24.499306 -14.817390 -19.996664
v 24.499306 -14.091816 -19.916828
v 24.499306 -13.385598 -19.732199
v 24.499306 -12.713788 -19.446711
v 24.499306 -12.090705 -19.066449
v 24.499306 -11.529629 -18.599517
v 24.499306 -11.042518 -18.055869
v 24.499306 -10.639753 -17.447089
v 24.499306 -10.329919 -16.786154
v 24.499306 -10.119621 -16.087151
v 24.499306 -10.013339 -15.364977
v 24.499306 -10.013339 -14.635023
v 24.499306 -10.119621 -13.912849
v 24.499306 -10.329919 -13.213846
v 24.499306 -10.639753 -12.552911
v 24.499306 -11.042518 -11.944131
v 24.499306 -11.529629 -11.400483
v 24.499306 -12.090705 -10.933551
v 24.499306 -12.713788 -10.553289
v 24.499306 -13.385598 -10.267801
v 24.499306 -14.091816 -10.083172
v 24.499306 -14.817390 -10.003336
v 24.499306 -15.546856 -10.029995
v 24.499306 -16.264667 -10.162582
v 24.499306 -16.955524 -10.398269
v 24.499306 -17.604702 -10.732035
v 24.499306 -18.198365 -11.156764
v 24.499306 -18.723861 -11.663406
v 24.499306 -19.169989 -12.241161
v 24.499306 -19.527241 -12.877717
v 24.499306 -19.788003 -13.559505
v 24.499306 -19.946717 -14.271994
v 24.499306 10.000000 -15.000000
v 24.499306 10.053283 -15.728006
v 24.499306 10.211997 -16.440495
v 24.499306 10.472759 -17.122283
v 24.499306 10.830011 -17.758839
v 24.499306 11.276139 -18.336594
v 24.499306 11.801635 -18.843236
v 24.499306 12.395298 -19.267965
v 24.499306 13.044476 -19.601731
v 24.499306 13.735333 -19.837418
v 24.499306 14.453144 -19.970005
v 24.499306 15.182610 -19.996664
v 24.499306 15.908184 -19.916828
v 24.499306 16.614402 -19.732199
v 24.499306 17.286212 -19.446711
v 24.499306 17.909295 -19.066449
v 24.499306 18.470371 -18.599517
v 24.499306 18.957482 -18.055869
v 24.499306 19.360247 -17.447089
v 24.499306 19.670081 -16.786154
v 24.499306 19.880379 -16.087151
v 24.499306 19.986661 -15.364977
v 24.499306 19.986661 -14.635023
v 24.499306 19.880379 -13.912849
v 24.499306 19.670081 -13.213846
v 24.499306 19.360247 -12.552911
v 24.499306 18.957482 -11.944131
v 24.499306 18.470371 -11.400483
v 24.499306 17.909295 -10.933551
v 24.499306 17.286212 -10.553289
v 24.499306 16.614402 -10.267801
v 24.499306 15.908184 -10.083172
v 24.499306 15.182610 -10.003336
v 24.499306 14.453144 -10.029995
v 24.499306 13.735333 -10.162582
v 24.499306 13.044476 -10.398269
v 24.499306 12.395298 -10.732035
v 24.499306 11.801635 -11.156764
v 24.499306 11.276139 -11.663406
v 24.499306 10.830011 -12.241161
v 24.499306 10.472759 -12.877717
v 24.499306 10.211997 -13.559505
v 24.499306 10.053283 -14.271994
v 24.499306 -20.000000 15.000000
v 24.499306 -19.946717 14.271994
v 24.499306 -19.788003 13.559505
v 24.499306 -19.527241 12.877717
v 24.499306 -19.169989 12.241161
v 24.499306 -18.723861 11.663406
v 24.499306 -18.198365 11.156764
v 24.499306 -17.604702 10.732035
v 24.499306 -16.955524 10.398269
v 24.499306 -16.264667 10.162582
v 24.499306 -15.546856 10.029995
v 24.499306 -14.817390 10.003336
v 24.499306 -14.091816 10.083172
v 24.499306 -13.385598 10.267801
v 24.499306 -12.713788 10.553289
v 24.499306 -12.090705 10.933551
v 24.499306 -11.529629 11.400483
v 24.499306 -11.042518 11.944131
v 24.499306 -10.639753 12.552911
v 24.499306 -10.329919 13.213846
v 24.499306 -10.119621 13.912849
v 24.499306 -10.013339 14.635023
v 24.499306 -10.013339 15.364977
v 24.499306 -10.119621 16.087151
v 24.499306 -10.329919 16.786154
v 24.499306 -10.639753 17.447089
v 24.499306 -11.042518 18.055869
v 24.499306 -11.529629 18.599517
v 24.499306 -12.090705 19.066449
v 24.499306 -12.713788 19.446711
v 24.499306 -13.385598 19.732199
v 24.499306 -14.091816 19.916828
v 24.499306 -14.817390 19.996664
v 24.499306 -15.546856 19.970005
v 24.499306 -16.264667 19.837418
v 24.499306 -16.955524 19.601731
v 24.499306 -17.604702 19.267965
v 24.499306 -18.198365 18.843236
v 24.499306 -18.723861 18.336594
v 24.499306 -19.169989 17.758839
v 24.499306 -19.527241 17.122283
v 24.499306 -19.788003 16.440495
v 24.499306 -19.946717 15.728006
v -24.499306 20.000000 15.000000
v -24.499306 19.946717 14.271994
v -24.499306 19.788003 13.559505
v -24.499306 19.527241 12.877717
v -24.499306 19.169989 12.241161
v -24.499306 18.723861 11.663406
v -24.499306 18.198365 11.156764
v -24.499306 17.604702 10.732035
v -24.499306 16.955524 10.398269
v -24.499306 16.264667 10.162582
v -24.499306 15.546856 10.029995
v -24.499306 14.817390 10.003336
v -24.499306 14.091816 10.083172
v -24.499306 13.385598 10.267801
v -24.499306 12.713788 10.553289
v -24.499306 12.090705 10.933551
v -24.499306 11.529629 11.400483
v -24.499306 11.042518 11.944131
v -24.499306 10.639753 12.552911
v -24.499306 10.329919 13.213846
v -24.499306 10.119621 13.912849
v -24.499306 10.013339 14.635023
v -24.499306 10.013339 15.364977
v -24.499306 10.119621 16.087151
v -24.499306 10.329919 16.786154
v -24.499306 10.639753 17.447089
v -24.499306 11.042518 18.055869
v -24.499306 11.529629 18.599517
v -24.499306 12.090705 19.066449
v -24.499306 12.713788 19.446711
v -24.499306 13.385598 19.732199
v -24.499306 14.091816 19.916828
v -24.499306 14.817390 19.996664
v -24.499306 15.546856 19.970005
v -24.499306 16.264667 19.837418
v -24.499306 16.955524 19.601731
v -24.499306 17.604702 19.267965
v -24.499306 18.198365 18.843236
v -24.499306 18.723861 18.336594
v -24.499306 19.169989 17.758839
v -24.499306 19.527241 17.122283
v -24.499306 19.788003 16.440495
v -24.499306 19.946717 15.728006
v -24.499306 -10.000000 -15.000000
v -24.499306 -10.053283 -15.728006
v -24.499306 -10.211997 -16.440495
v -24.499306 -10.472759 -17.122283
v -24.499306 -10.830011 -17.758839
v -24.499306 -11.276139 -18.336594
v -24.499306 -11.801635 -18.843236
v -24.499306 -12.395298 -19.267965
v -24.499306 -13.044476 -19.601731
v -24.499306 -13.735333 -19.837418
v -24.499306 -14.453144 -19.970005
v -24.499306 -15.182610 -19.996664
v -24.499306 -15.908184 -19.916828
v -24.499306 -16.614402 -19.732199
v -24.499306 -17.286212 -19.446711
v -24.499306 -17.909295 -19.066449
v -24.499306 -18.470371 -18.599517
v -24.499306 -18.957482 -18.055869
v -24.499306 -19.360247 -17.447089
v -24.499306 -19.670081 -16.786154
v -24.499306 -19.880379 -16.087151
v -24.499306 -19.986661 -15.364977
v -24.499306 -19.986661 -14.635023
v -24.499306 -19.880379 -13.912849
v -24.499306 -19.670081 -13.213846
v -24.499306 -19.360247 -12.552911
v -24.499306 -18.957482 -11.944131
v -24.499306 -18.470371 -11.400483
v -24.499306 -17.909295 -10.933551
v -24.499306 -17.286212 -10.553289
v -24.499306 -16.614402 -10.267801
v -24.499306 -15.908184 -10.083172
v -24.499306 -15.182610 -10.003336
v -24.499306 -14.453144 -10.029995
v -24.499306 -13.735333 -10.162582
v -24.499306 -13.044476 -10.398269
v -24.499306 -12.395298 -10.732035
v -24.499306 -11.801635 -11.156764
v -24.499306 -11.276139 -11.663406
v -24.499306 -10.830011 -12.241161
v -24.499306 -10.472759 -12.877717
v -24.499306 -10.211997 -13.559505
v -24.499306 -10.053283 -14.271994
v 20.000000 24.000000 15.000000
v 19.946717 24.000000 14.271994
v 19.788003 24.000000 13.559505
v 19.527241 24.000000 12.877717
v 19.169989 24.000000 12.241161
v 18.723861 24.000000 11.663406
v 18.198365 24.000000 11.156764
v 17.604702 24.000000 10.732035
v 16.955524 24.000000 10.398269
v 16.264667 24.000000 10.162582
v 15.546856 24.000000 10.029995
v 14.817390 24.000000 10.003336
v 14.091816 24.000000 10.083172
v 13.385598 24.000000 10.267801
v 12.713788 24.000000 10.553289
v 12.090705 24.000000 10.933551
v 11.529629 24.000000 11.400483
v 11.042518 24.000000 11.944131
v 10.639753 24.000000 12.552911
v 10.329919 24.000000 13.213846
v 10.119621 24.000000 13.912849
v 10.013339 24.000000 14.635023
v 10.013339 24.000000 15.364977
v 10.119621 24.000000 16.087151
v 10.329919 24.000000 16.786154
v 10.639753 24.000000 17.447089
v 11.042518 24.000000 18.055869
v 11.529629 24.000000 18.599517
v 12.090705 24.000000 19.066449
v 12.713788 24.000000 19.446711
v 13.385598 24.000000 19.732199
v 14.091816 24.000000 19.916828
v 14.817390 24.000000 19.996664
v 15.546856 24.000000 19.970005
v 16.264667 24.000000 19.837418
v 16.955524 24.000000 19.601731
v 17.604702 24.000000 19.267965
v 18.198365 24.000000 18.843236
v 18.723861 24.000000 18.336594
v 19.169989 24.000000 17.758839
v 19.527241 24.000000 17.122283
v 19.788003 24.000000 16.440495
v 19.946717 24.000000 15.728006
v 5.000000 24.000000 -0.000000
v 4.946717 24.000000 -0.728006
v 4.788003 24.000000 -1.440495
v 4.527241 24.000000 -2.122283
v 4.169989 24.000000 -2.758839
v 3.723861 24.000000 -3.336594
v 3.198365 24.000000 -3.843236
v 2.604702 24.000000 -4.267965
v 1.955524 24.000000 -4.601731
v 1.264667 24.000000 -4.837418
v 0.546856 24.000000 -4.970005
v -0.182610 24.000000 -4.996664
v -0.908184 24.000000 -4.916828
v -1.614402 24.000000 -4.732199
v -2.286212 24.000000 -4.446711
v -2.909295 24.000000 -4.066449
v -3.470371 24.000000 -3.599517
v -3.957482 24.000000 -3.055869
v -4.360247 24.000000 -2.447089
v -4.670081 24.000000 -1.786154
v -4.880379 24.000000 -1.087151
v -4.986661 24.000000 -0.364977
v -4.986661 24.000000 0.364977
v -4.880379 24.000000 1.087151
v -4.670081 24.000000 1.786154
v -4.360247 24.000000 2.447089
v -3.957482 24.000000 3.055869
v -3.470371 24.000000 3.599517
v -2.909295 24.000000 4.066449
v -2.286212 24.000000 4.446711
v -1.614402 24.000000 4.732199
v -0.908184 24.000000 4.916828
v -0.182610 24.000000 4.996664
v 0.546856 24.000000 4.970005
v 1.264667 24.000000 4.837418
v 1.955524 24.000000 4.601731
v 2.604702 24.000000 4.267965
v 3.198365 24.000000 3.843236
v 3.723861 24.000000 3.336594
v 4.169989 24.000000 2.758839
v 4.527241 24.000000 2.122283
v 4.788003 24.000000 1.440495
v 4.946717 24.000000 0.728006
v 20.000000 24.000000 -15.000000
v 19.946717 24.000000 -15.728006
v 19.788003 24.000000 -16.440495
v 19.527241 24.000000 -17.122283
v 19.169989 24.000000 -17.758839
v 18.723861 24.000000 -18.336594
v 18.198365 24.000000 -18.843236
v 17.604702 24.000000 -19.267965
v 16.955524 24.000000 -19.601731
v 16.264667 24.000000 -19.837418
v 15.546856 24.000000 -19.970005
v 14.817390 24.000000 -19.996664
v 14.091816 24.000000 -19.916828
v 13.385598 24.000000 -19.732199
v 12.713788 24.000000 -19.446711
v 12.090705 24.000000 -19.066449
v 11.529629 24.000000 -18.599517
v 11.042518 24.000000 -18.055869
v 10.639753 24.000000 -17.447089
v 10.329919 24.000000 -16.786154
v 10.119621 24.000000 -16.087151
v 10.013339 24.000000 -15.364977
v 10.013339 24.000000 -14.635023
v 10.119621 24.000000 -13.912849
v 10.329919 24.000000 -13.213846
v 10.639753 24.000000 -12.552911
v 11.042518 24.000000 -11.944131
v 11.529629 24.000000 -11.400483
v 12.090705 24.000000 -10.933551
v 12.713788 24.000000 -10.553289
v 13.385598 24.000000 -10.267801
v 14.091816 24.000000 -10.083172
v 14.817390 24.000000 -10.003336
v 15.546856 24.000000 -10.029995
v 16.264667 24.000000 -10.162582
v 16.955524 24.000000 -10.398269
v 17.604702 24.000000 -10.732035
v 18.198365 24.000000 -11.156764
v 18.723861 24.000000 -11.663406
v 19.169989 24.000000 -12.241161
v 19.527241 24.000000 -12.877717
v 19.788003 24.000000 -13.559505
v 19.946717 24.000000 -14.271994
v -10.000000 24.000000 -15.000000
v -10.053283 24.000000 -15.728006
v -10.211997 24.000000 -16.440495
v -10.472759 24.000000 -17.122283
v -10.830011 24.000000 -17.758839
v -11.276139 24.000000 -18.336594
v -11.801635 24.000000 -18.843236
v -12.395298 24.000000 -19.267965
v -13.044476 24.000000 -19.601731
v -13.735333 24.000000 -19.837418
v -14.453144 24.000000 -19.970005
v -15.182610 24.000000 -19.996664
v -15.908184 24.000000 -19.916828
v -16.614402 24.000000 -19.732199
v -17.286212 24.000000 -19.446711
v -17.909295 24.000000 -19.066449
v -18.470371 24.000000 -18.599517
v -18.957482 24.000000 -18.055869
v -19.360247 24.000000 -17.447089
v -19.670081 24.000000 -16.786154
v -19.880379 24.000000 -16.087151
v -19.986661 24.000000 -15.364977
v -19.986661 24.000000 -14.635023
v -19.880379 24.000000 -13.912849
v -19.670081 24.000000 -13.213846
v -19.360247 24.000000 -12.552911
v -18.957482 24.000000 -11.944131
v -18.470371 24.000000 -11.400483
v -17.909295 24.000000 -10.933551
v -17.286212 24.000000 -10.553289
v -16.614402 24.000000 -10.267801
v -15.908184 24.000000 -10.083172
v -15.182610 24.000000 -10.003336
v -14.453144 24.000000 -10.029995
v -13.735333 24.000000 -10.162582
v -13.044476 24.000000 -10.398269
v -12.395298 24.000000 -10.732035
v -11.801635 24.000000 -11.156764
v -11.276139 24.000000 -11.663406
v -10.830011 24.000000 -12.241161
v -10.472759 24.000000 -12.877717
v -10.211997 24.000000 -13.559505
v -10.053283 24.000000 -14.271994
v -10.000000 24.000000 15.000000
v -10.053283 24.000000 14.271994
v -10.211997 24.000000 13.559505
v -10.472759 24.000000 12.877717
v -10.830011 24.000000 12.241161
v -11.276139 24.000000 11.663406
v -11.801635 24.000000 11.156764
v -12.395298 24.000000 10.732035
v -13.044476 24.000000 10.398269
v -13.735333 24.000000 10.162582
v -14.453144 24.000000 10.029995
v -15.182610 24.000000 10.003336
v -15.908184 24.000000 10.083172
v -16.614402 24.000000 10.267801
v -17.286212 24.000000 10.553289
v -17.909295 24.000000 10.933551
v -18.470371 24.000000 11.400483
v -18.957482 24.000000 11.944131
v -19.360247 24.000000 12.552911
v -19.670081 24.000000 13.213846
v -19.880379 24.000000 13.912849
v -19.986661 24.000000 14.635023
v -19.986661 24.000000 15.364977
v -19.880379 24.000000 16.087151
v -19.670081 24.000000 16.786154
v -19.360247 24.000000 17.447089
v -18.957482 24.000000 18.055869
v -18.470371 24.000000 18.599517
v -17.909295 24.000000 19.066449
v -17.286212 24.000000 19.446711
v -16.614402 24.000000 19.732199
v -15.908184 24.000000 19.916828
v -15.182610 24.000000 19.996664
v -14.453144 24.000000 19.970005
v -13.735333 24.000000 19.837418
v -13.044476 24.000000 19.601731
v -12.395298 24.000000 19.267965
v -11.801635 24.000000 18.843236
v -11.276139 24.000000 18.336594
v -10.830011 24.000000 17.758839
v -10.472759 24.000000 17.122283
v -10.211997 24.000000 16.440495
v -10.053283 24.000000 15.728006
v -5.000000 0.000000 -24.000000
v -4.946717 -0.728006 -24.000000
v -4.788003 -1.440495 -24.000000
v -4.527241 -2.122283 -24.000000
v -4.169989 -2.758839 -24.000000
v -3.723861 -3.336594 -24.000000
v -3.198365 -3.843236 -24.000000
v -2.604702 -4.267965 -24.000000
v -1.955524 -4.601731 -24.000000
v -1.264667 -4.837418 -24.000000
v -0.546856 -4.970005 -24.000000
v 0.182610 -4.996664 -24.000000
v 0.908184 -4.916828 -24.000000
v 1.614402 -4.732199 -24.000000
v 2.286212 -4.446711 -24.000000
v 2.909295 -4.066449 -24.000000
v 3.470371 -3.599517 -24.000000
v 3.957482 -3.055869 -24.000000
v 4.360247 -2.447089 -24.000000
v 4.670081 -1.786154 -24.000000
v 4.880379 -1.087151 -24.000000
v 4.986661 -0.364977 -24.000000
v 4.986661 0.364977 -24.000000
v 4.880379 1.087151 -24.000000
v 4.670081 1.786154 -24.000000
v 4.360247 2.447089 -24.000000
v 3.957482 3.055869 -24.000000
v 3.470371 3.599517 -24.000000
v 2.909295 4.066449 -24.000000
v 2.286212 4.446711 -24.000000
v 1.614402 4.732199 -24.000000
v 0.908184 4.916828 -24.000000
v 0.182610 4.996664 -24.000000
v -0.546856 4.970005 -24.000000
v -1.264667 4.837418 -24.000000
v -1.955524 4.601731 -24.000000
v -2.604702 4.267965 -24.000000
v -3.198365 3.843236 -24.000000
v -3.723861 3.336594 -24.000000
v -4.169989 2.758839 -24.000000
v -4.527241 2.122283 -24.000000
v -4.788003 1.440495 -24.000000
v -4.946717 0.728006 -24.000000
v -5.000000 0.000000 -25.000000
v -4.946717 0.728006 -25.000000
v -4.788003 1.440495 -25.000000
v -4.527241 2.122283 -25.000000
v -4.169989 2.758839 -25.000000
v -3.723861 3.336594 -25.000000
v -3.198365 3.843236 -25.000000
v -2.604702 4.267965 -25.000000
v -1.955524 4.601731 -25.000000
v -1.264667 4.837418 -25.000000
v -0.546856 4.970005 -25.000000
v 0.182610 4.996664 -25.000000
v 0.908184 4.916828 -25.000000
v 1.614402 4.732199 -25.000000
v 2.286212 4.446711 -25.000000
v 2.909295 4.066449 -25.000000
v 3.470371 3.599517 -25.000000
v 3.957482 3.055869 -25.000000
v 4.360247 2.447089 -25.000000
v 4.670081 1.786154 -25.000000
v 4.880379 1.087151 -25.000000
v 4.986661 0.364977 -25.000000
v 4.986661 -0.364977 -25.000000
v 4.880379 -1.087151 -25.000000
v 4.670081 -1.786154 -25.000000
v 4.360247 -2.447089 -25.000000
v 3.957482 -3.055869 -25.000000
v 3.470371 -3.599517 -25.000000
v 2.909295 -4.066449 -25.000000
v 2.286212 -4.446711 -25.000000
v 1.614402 -4.732199 -25.000000
v 0.908184 -4.916828 -25.000000
v 0.182610 -4.996664 -25.000000
v -0.546856 -4.970005 -25.000000
v -1.264667 -4.837418 -25.000000
v -1.955524 -4.601731 -25.000000
v -2.604702 -4.267965 -25.000000
v -3.198365 -3.843236 -25.000000
v -3.723861 -3.336594 -25.000000
v -4.169989 -2.758839 -25.000000
v -4.527241 -2.122283 -25.000000
v -4.788003 -1.440495 -25.000000
v -4.946717 -0.728006 -25.000000
v -25.499306 20.000000 15.000000
v -25.499306 19.946717 14.271994
v -25.499306 19.788003 13.559505
v -25.499306 19.527241 12.877717
v -25.499306 19.169989 12.241161
v -25.499306 18.723861 11.663406
v -25.499306 18.198365 11.156764
v -25.499306 17.604702 10.732035
v -25.499306 16.955524 10.398269
v -25.499306 16.264667 10.162582
v -25.499306 15.546856 10.029995
v -25.499306 14.817390 10.003336
v -25.499306 14.091816 10.083172
v -25.499306 13.385598 10.267801
v -25.499306 12.713788 10.553289
v -25.499306 12.090705 10.933551
v -25.499306 11.529629 11.400483
v -25.499306 11.042518 11.944131
v -25.499306 10.639753 12.552911
v -25.499306 10.329919 13.213846
v -25.499306 10.119621 13.912849
v -25.499306 10.013339 14.635023
v -25.499306 10.013339 15.364977
v -25.499306 10.119621 16.087151
v -25.499306 10.329919 16.786154
v -25.499306 10.639753 17.447089
v -25.499306 11.042518 18.055869
v -25.499306 11.529629 18.599517
v -25.499306 12.090705 19.066449
v -25.499306 12.713788 19.446711
v -25.499306 13.385598 19.732199
v -25.499306 14.091816 19.916828
v -25.499306 14.817390 19.996664
v -25.499306 15.546856 19.970005
v -25.499306 16.264667 19.837418
v -25.499306 16.955524 19.601731
v -25.499306 17.604702 19.267965
v -25.499306 18.198365 18.843236
v -25.499306 18.723861 18.336594
v -25.499306 19.169989 17.758839
v -25.499306 19.527241 17.122283
v -25.499306 19.788003 16.440495
v -25.499306 19.946717 15.728006
v -23.499306 5.000000 -0.000000
v -23.499306 4.946717 0.728006
v -23.499306 4.788003 1.440495
v -23.499306 4.527241 2.122283
v -23.499306 4.169989 2.758839
v -23.499306 3.723861 3.336594
v -23.499306 3.198365 3.843236
v -23.499306 2.604702 4.267965
v -23.499306 1.955524 4.601731
v -23.499306 1.264667 4.837418
v -23.499306 0.546856 4.970005
v -23.499306 -0.182610 4.996664
v -23.499306 -0.908184 4.916828
v -23.499306 -1.614402 4.732199
v -23.499306 -2.286212 4.446711
v -23.499306 -2.909295 4.066449
v -23.499306 -3.470371 3.599517
v -23.499306 -3.957482 3.055869
v -23.499306 -4.360247 2.447089
v -23.499306 -4.670081 1.786154
v -23.499306 -4.880379 1.087151
v -23.499306 -4.986661 0.364977
v -23.499306 -4.986661 -0.364977
v -23.499306 -4.880379 -1.087151
v -23.499306 -4.670081 -1.786154
v -23.499306 -4.360247 -2.447089
v -23.499306 -3.957482 -3.055869
v -23.499306 -3.470371 -3.599517
v -23.499306 -2.909295 -4.066449
v -23.499306 -2.286212 -4.446711
v -23.499306 -1.614402 -4.732199
v -23.499306 -0.908184 -4.916828
v -23.499306 -0.182610 -4.996664
v -23.499306 0.546856 -4.970005
v -23.499306 1.264667 -4.837418
v -23.499306 1.955524 -4.601731
v -23.499306 2.604702 -4.267965
v -23.499306 3.198365 -3.843236
v -23.499306 3.723861 -3.336594
v -23.499306 4.169989 -2.758839
v -23.499306 4.527241 -2.122283
v -23.499306 4.788003 -1.440495
v -23.499306 4.946717 -0.728006
v -25.499306 5.000000 -0.000000
v -25.499306 4.946717 -0.728006
v -25.499306 4.788003 -1.440495
v -25.499306 4.527241 -2.122283
v -25.499306 4.169989 -2.758839
v -25.499306 3.723861 -3.336594
v -25.499306 3.198365 -3.843236
v -25.499306 2.604702 -4.267965
v -25.499306 1.955524 -4.601731
v -25.499306 1.264667 -4.837418
v -25.499306 0.546856 -4.970005
v -25.499306 -0.182610 -4.996664
v -25.499306 -0.908184 -4.916828
v -25.499306 -1.614402 -4.732199
v -25.499306 -2.286212 -4.446711
v -25.499306 -2.909295 -4.066449
v -25.499306 -3.470371 -3.599517
v -25.499306 -3.957482 -3.055869
v -25.499306 -4.360247 -2.447089
v -25.499306 -4.670081 -1.786154
v -25.499306 -4.880379 -1.087151
v -25.499306 -4.986661 -0.364977
v -25.499306 -4.986661 0.364977
v -25.499306 -4.880379 1.087151
v -25.499306 -4.670081 1.786154
v -25.499306 -4.360247 2.447089
v -25.499306 -3.957482 3.055869
v -25.499306 -3.470371 3.599517
v -25.499306 -2.909295 4.066449
v -25.499306 -2.286212 4.446711
v -25.499306 -1.614402 4.732199
v -25.499306 -0.908184 4.916828
v -25.499306 -0.182610 4.996664
v -25.499306 0.546856 4.970005
v -25.499306 1.264667 4.837418
v -25.499306 1.955524 4.601731
v -25.499306 2.604702 4.267965
v -25.499306 3.198365 3.843236
v -25.499306 3.723861 3.336594
v -25.499306 4.169989 2.758839
v -25.499306 4.527241 2.122283
v -25.499306 4.788003 1.440495
v -25.499306 4.946717 0.728006
v -25.499306 -10.000000 -15.000000
v -25.499306 -10.053283 -15.728006
v -25.499306 -10.211997 -16.440495
v -25.499306 -10.472759 -17.122283
v -25.499306 -10.830011 -17.758839
v -25.499306 -11.276139 -18.336594
v -25.499306 -11.801635 -18.843236
v -25.499306 -12.395298 -19.267965
v -25.499306 -13.044476 -19.601731
v -25.499306 -13.735333 -19.837418
v -25.499306 -14.453144 -19.970005
v -25.499306 -15.182610 -19.996664
v -25.499306 -15.908184 -19.916828
v -25.499306 -16.614402 -19.732199
v -25.499306 -17.286212 -19.446711
v -25.499306 -17.909295 -19.066449
v -25.499306 -18.470371 -18.599517
v -25.499306 -18.957482 -18.055869
v -25.499306 -19.360247 -17.447089
v -25.499306 -19.670081 -16.786154
v -25.499306 -19.880379 -16.087151
v -25.499306 -19.986661 -15.364977
v -25.499306 -19.986661 -14.635023
v -25.499306 -19.880379 -13.912849
v -25.499306 -19.670081 -13.213846
v -25.499306 -19.360247 -12.552911
v -25.499306 -18.957482 -11.944131
v -25.499306 -18.470371 -11.400483
v -25.499306 -17.909295 -10.933551
v -25.499306 -17.286212 -10.553289
v -25.499306 -16.614402 -10.267801
v -25.499306 -15.908184 -10.083172
v -25.499306 -15.182610 -10.003336
v -25.499306 -14.453144 -10.029995
v -25.499306 -13.735333 -10.162582
v -25.499306 -13.044476 -10.398269
v -25.499306 -12.395298 -10.732035
v -25.499306 -11.801635 -11.156764
v -25.499306 -11.276139 -11.663406
v -25.499306 -10.830011 -12.241161
v -25.499306 -10.472759 -12.877717
v -25.499306 -10.211997 -13.559505
v -25.499306 -10.053283 -14.271994
v 5.000000 25.000000 -0.000000
v 4.946717 25.000000 -0.728006
v 4.788003 25.000000 -1.440495
v 4.527241 25.000000 -2.122283
v 4.169989 25.000000 -2.758839
v 3.723861 25.000000 -3.336594
v 3.198365 25.000000 -3.843236
v 2.604702 25.000000 -4.267965
v 1.955524 25.000000 -4.601731
v 1.264667 25.000000 -4.837418
v 0.546856 25.000000 -4.970005
v -0.182610 25.000000 -4.996664
v -0.908184 25.000000 -4.916828
v -1.614402 25.000000 -4.732199
v -2.286212 25.000000 -4.446711
v -2.909295 25.000000 -4.066449
v -3.470371 25.000000 -3.599517
v -3.957482 25.000000 -3.055869
v -4.360247 25.000000 -2.447089
v -4.670081 25.000000 -1.786154
v -4.880379 25.000000 -1.087151
v -4.986661 25.000000 -0.364977
v -4.986661 25.000000 0.364977
v -4.880379 25.000000 1.087151
v -4.670081 25.000000 1.786154
v -4.360247 25.000000 2.447089
v -3.957482 25.000000 3.055869
v -3.470371 25.000000 3.599517
v -2.909295 25.000000 4.066449
v -2.286212 25.000000 4.446711
v -1.614402 25.000000 4.732199
v -0.908184 25.000000 4.916828
v -0.182610 25.000000 4.996664
v 0.546856 25.000000 4.970005
v 1.264667 25.000000 4.837418
v 1.955524 25.000000 4.601731
v 2.604702 25.000000 4.267965
v 3.198365 25.000000 3.843236
v 3.723861 25.000000 3.336594
v 4.169989 25.000000 2.758839
v 4.527241 25.000000 2.122283
v 4.788003 25.000000 1.440495
v 4.946717 25.000000 0.728006
v 20.000000 25.000000 15.000000
v 19.946717 25.000000 14.271994
v 19.788003 25.000000 13.559505
v 19.527241 25.000000 12.877717
v 19.169989 25.000000 12.241161
v 18.723861 25.000000 11.663406
v 18.198365 25.000000 11.156764
v 17.604702 25.000000 10.732035
v 16.955524 25.000000 10.398269
v 16.264667 25.000000 10.162582
v 15.546856 25.000000 10.029995
v 14.817390 25.000000 10.003336
v 14.091816 25.000000 10.083172
v 13.385598 25.000000 10.267801
v 12.713788 25.000000 10.553289
v 12.090705 25.000000 10.933551
v 11.529629 25.000000 11.400483
v 11.042518 25.000000 11.944131
v 10.639753 25.000000 12.552911
v 10.329919 25.000000 13.213846
v 10.119621 25.000000 13.912849
v 10.013339 25.000000 14.635023
v 10.013339 25.000000 15.364977
v 10.119621 25.000000 16.087151
v 10.329919 25.000000 16.786154
v 10.639753 25.000000 17.447089
v 11.042518 25.000000 18.055869
v 11.529629 25.000000 18.599517
v 12.090705 25.000000 19.066449
v 12.713788 25.000000 19.446711
v 13.385598 25.000000 19.732199
v 14.091816 25.000000 19.916828
v 14.817390 25.000000 19.996664
v 15.546856 25.000000 19.970005
v 16.264667 25.000000 19.837418
v 16.955524 25.000000 19.601731
v 17.604702 25.000000 19.267965
v 18.198365 25.000000 18.843236
v 18.723861 25.000000 18.336594
v 19.169989 25.000000 17.758839
v 19.527241 25.000000 17.122283
v 19.788003 25.000000 16.440495
v 19.946717 25.000000 15.728006
v -10.000000 25.000000 -15.000000
v -10.053283 25.000000 -15.728006
v -10.211997 25.000000 -16.440495
v -10.472759 25.000000 -17.122283
v -10.830011 25.000000 -17.758839
v -11.276139 25.000000 -18.336594
v -11.801635 25.000000 -18.843236
v -12.395298 25.000000 -19.267965
v -13.044476 25.000000 -19.601731
v -13.735333 25.000000 -19.837418
v -14.453144 25.000000 -19.970005
v -15.182610 25.000000 -19.996664
v -15.908184 25.000000 -19.916828
v -16.614402 25.000000 -19.732199
v -17.286212 25.000000 -19.446711
v -17.909295 25.000000 -19.066449
v -18.470371 25.000000 -18.599517
v -18.957482 25.000000 -18.055869
v -19.360247 25.000000 -17.447089
v -19.670081 25.000000 -16.786154
v -19.880379 25.000000 -16.087151
v -19.986661 25.000000 -15.364977
v -19.986661 25.000000 -14.635023
v -19.880379 25.000000 -13.912849
v -19.670081 25.000000 -13.213846
v -19.360247 25.000000 -12.552911
v -18.957482 25.000000 -11.944131
v -18.470371 25.000000 -11.400483
v -17.909295 25.000000 -10.933551
v -17.286212 25.000000 -10.553289
v -16.614402 25.000000 -10.267801
v -15.908184 25.000000 -10.083172
v -15.182610 25.000000 -10.003336
v -14.453144 25.000000 -10.029995
v -13.735333 25.000000 -10.162582
v -13.044476 25.000000 -10.398269
v -12.395298 25.000000 -10.732035
v -11.801635 25.000000 -11.156764
v -11.276139 25.000000 -11.663406
v -10.830011 25.000000 -12.241161
v -10.472759 25.000000 -12.877717
v -10.211997 25.000000 -13.559505
v -10.053283 25.000000 -14.271994
v -10.000000 25.000000 15.000000
v -10.053283 25.000000 14.271994
v -10.211997 25.000000 13.559505
v -10.472759 25.000000 12.877717
v -10.830011 25.000000 12.241161
v -11.276139 25.000000 11.663406
v -11.801635 25.000000 11.156764
v -12.395298 25.000000 10.732035
v -13.044476 25.000000 10.398269
v -13.735333 25.000000 10.162582
v -14.453144 25.000000 10.029995
v -15.182610 25.000000 10.003336
v -15.908184 25.000000 10.083172
v -16.614402 25.000000 10.267801
v -17.286212 25.000000 10.553289
v -17.909295 25.000000 10.933551
v -18.470371 25.000000 11.400483
v -18.957482 25.000000 11.944131
v -19.360247 25.000000 12.552911
v -19.670081 25.000000 13.213846
v -19.880379 25.000000 13.912849
v -19.986661 25.000000 14.635023
v -19.986661 25.000000 15.364977
v -19.880379 25.000000 16.087151
v -19.670081 25.000000 16.786154
v -19.360247 25.000000 17.447089
v -18.957482 25.000000 18.055869
v -18.470371 25.000000 18.599517
v -17.909295 25.000000 19.066449
v -17.286212 25.000000 19.446711
v -16.614402 25.000000 19.732199
v -15.908184 25.000000 19.916828
v -15.182610 25.000000 19.996664
v -14.453144 25.000000 19.970005
v -13.735333 25.000000 19.837418
v -13.044476 25.000000 19.601731
v -12.395298 25.000000 19.267965
v -11.801635 25.000000 18.843236
v -11.276139 25.000000 18.336594
v -10.830011 25.000000 17.758839
v -10.472759 25.000000 17.122283
v -10.211997 25.000000 16.440495
v -10.053283 25.000000 15.728006
v 20.000000 25.000000 -15.000000
v 19.946717 25.000000 -15.728006
v 19.788003 25.000000 -16.440495
v 19.527241 25.000000 -17.122283
v 19.169989 25.000000 -17.758839
v 18.723861 25.000000 -18.336594
v 18.198365 25.000000 -18.843236
v 17.604702 25.000000 -19.267965
v 16.955524 25.000000 -19.601731
v 16.264667 25.000000 -19.837418
v 15.546856 25.000000 -19.970005
v 14.817390 25.000000 -19.996664
v 14.091816 25.000000 -19.916828
v 13.385598 25.000000 -19.732199
v 12.713788 25.000000 -19.446711
v 12.090705 25.000000 -19.066449
v 11.529629 25.000000 -18.599517
v 11.042518 25.000000 -18.055869
v 10.639753 25.000000 -17.447089
v 10.329919 25.000000 -16.786154
v 10.119621 25.000000 -16.087151
v 10.013339 25.000000 -15.364977
v 10.013339 25.000000 -14.635023
v 10.119621 25.000000 -13.912849
v 10.329919 25.000000 -13.213846
v 10.639753 25.000000 -12.552911
v 11.042518 25.000000 -11.944131
v 11.529629 25.000000 -11.400483
v 12.090705 25.000000 -10.933551
v 12.713788 25.000000 -10.553289
v 13.385598 25.000000 -10.267801
v 14.091816 25.000000 -10.083172
v 14.817390 25.000000 -10.003336
v 15.546856 25.000000 -10.029995
v 16.264667 25.000000 -10.162582
v 16.955524 25.000000 -10.398269
v 17.604702 25.000000 -10.732035
v 18.198365 25.000000 -11.156764
v 18.723861 25.000000 -11.663406
v 19.169989 25.000000 -12.241161
v 19.527241 25.000000 -12.877717
v 19.788003 25.000000 -13.559505
v 19.946717 25.000000 -14.271994
v 25.499306 -20.000000 15.000000
v 25.499306 -19.946717 14.271994
v 25.499306 -19.788003 13.559505
v 25.499306 -19.527241 12.877717
v 25.499306 -19.169989 12.241161
v 25.499306 -18.723861 11.663406
v 25.499306 -18.198365 11.156764
v 25.499306 -17.604702 10.732035
v 25.499306 -16.955524 10.398269
v 25.499306 -16.264667 10.162582
v 25.499306 -15.546856 10.029995
v 25.499306 -14.817390 10.003336
v 25.499306 -14.091816 10.083172
v 25.499306 -13.385598 10.267801
v 25.499306 -12.713788 10.553289
v 25.499306 -12.090705 10.933551
v 25.499306 -11.529629 11.400483
v 25.499306 -11.042518 11.944131
v 25.499306 -10.639753 12.552911
v 25.499306 -10.329919 13.213846
v 25.499306 -10.119621 13.912849
v 25.499306 -10.013339 14.635023
v 25.499306 -10.013339 15.364977
v 25.499306 -10.119621 16.087151
v 25.499306 -10.329919 16.786154
v 25.499306 -10.639753 17.447089
v 25.499306 -11.042518 18.055869
v 25.499306 -11.529629 18.599517
v 25.499306 -12.090705 19.066449
v 25.499306 -12.713788 19.446711
v 25.499306 -13.385598 19.732199
v 25.499306 -14.091816 19.916828
v 25.499306 -14.817390 19.996664
v 25.499306 -15.546856 19.970005
v 25.499306 -16.264667 19.837418
v 25.499306 -16.955524 19.601731
v 25.499306 -17.604702 19.267965
v 25.499306 -18.198365 18.843236
v 25.499306 -18.723861 18.336594
v 25.499306 -19.169989 17.758839
v 25.499306 -19.527241 17.122283
v 25.499306 -19.788003 16.440495
v 25.499306 -19.946717 15.728006
v 25.499306 10.000000 -15.000000
v 25.499306 10.053283 -15.728006
v 25.499306 10.211997 -16.440495
v 25.499306 10.472759 -17.122283
v 25.499306 10.830011 -17.758839
v 25.499306 11.276139 -18.336594
v 25.499306 11.801635 -18.843236
v 25.499306 12.395298 -19.267965
v 25.499306 13.044476 -19.601731
v 25.499306 13.735333 -19.837418
v 25.499306 14.453144 -19.970005
v 25.499306 15.182610 -19.996664
v 25.499306 15.908184 -19.916828
v 25.499306 16.614402 -19.732199
v 25.499306 17.286212 -19.446711
v 25.499306 17.909295 -19.066449
v 25.499306 18.470371 -18.599517
v 25.499306 18.957482 -18.055869
v 25.499306 19.360247 -17.447089
v 25.499306 19.670081 -16.786154
v 25.499306 19.880379 -16.087151
v 25.499306 19.986661 -15.364977
v 25.499306 19.986661 -14.635023
v 25.499306 19.880379 -13.912849
v 25.499306 19.670081 -13.213846
v 25.499306 19.360247 -12.552911
v 25.499306 18.957482 -11.944131
v 25.499306 18.470371 -11.400483
v 25.499306 17.909295 -10.933551
v 25.499306 17.286212 -10.553289
v 25.499306 16.614402 -10.267801
v 25.499306 15.908184 -10.083172
v 25.499306 15.182610 -10.003336
v 25.499306 14.453144 -10.029995
v 25.499306 13.735333 -10.162582
v 25.499306 13.044476 -10.398269
v 25.499306 12.395298 -10.732035
v 25.499306 11.801635 -11.156764
v 25.499306 11.276139 -11.663406
v 25.499306 10.830011 -12.241161
v 25.499306 10.472759 -12.877717
v 25.499306 10.211997 -13.559505
v 25.499306 10.053283 -14.271994
v 25.499306 10.000000 15.000000
v 25.499306 10.053283 14.271994
v 25.499306 10.211997 13.559505
v 25.499306 10.472759 12.877717
v 25.499306 10.830011 12.241161
v 25.499306 11.276139 11.663406
v 25.499306 11.801635 11.156764
v 25.499306 12.395298 10.732035
v 25.499306 13.044476 10.398269
v 25.499306 13.735333 10.162582
v 25.499306 14.453144 10.029995
v 25.499306 15.182610 10.003336
v 25.499306 15.908184 10.083172
v 25.499306 16.614402 10.267801
v 25.499306 17.286212 10.553289
v 25.499306 17.909295 10.933551
v 25.499306 18.470371 11.400483
v 25.499306 18.957482 11.944131
v 25.499306 19.360247 12.552911
v 25.499306 19.670081 13.213846
v 25.499306 19.880379 13.912849
v 25.499306 19.986661 14.635023
v 25.499306 19.986661 15.364977
v 25.499306 19.880379 16.087151
v 25.499306 19.670081 16.786154
v 25.499306 19.360247 17.447089
v 25.499306 18.957482 18.055869
v 25.499306 18.470371 18.599517
v 25.499306 17.909295 19.066449
v 25.499306 17.286212 19.446711
v 25.499306 16.614402 19.732199
v 25.499306 15.908184 19.916828
v 25.499306 15.182610 19.996664
v 25.499306 14.453144 19.970005
v 25.499306 13.735333 19.837418
v 25.499306 13.044476 19.601731
v 25.499306 12.395298 19.267965
v 25.499306 11.801635 18.843236
v 25.499306 11.276139 18.336594
v 25.499306 10.830011 17.758839
v 25.499306 10.472759 17.122283
v 25.499306 10.211997 16.440495
v 25.499306 10.053283 15.728006
v 25.499306 -20.000000 -15.000000
v 25.499306 -19.946717 -15.728006
v 25.499306 -19.788003 -16.440495
v 25.499306 -19.527241 -17.122283
v 25.499306 -19.169989 -17.758839
v 25.499306 -18.723861 -18.336594
v 25.499306 -18.198365 -18.843236
v 25.499306 -17.604702 -19.267965
v 25.499306 -16.955524 -19.601731
v 25.499306 -16.264667 -19.837418
v 25.499306 -15.546856 -19.970005
v 25.499306 -14.817390 -19.996664
v 25.499306 -14.091816 -19.916828
v 25.499306 -13.385598 -19.732199
v 25.499306 -12.713788 -19.446711
v 25.499306 -12.090705 -19.066449
v 25.499306 -11.529629 -18.599517
v 25.499306 -11.042518 -18.055869
v 25.499306 -10.639753 -17.447089
v 25.499306 -10.329919 -16.786154
v 25.499306 -10.119621 -16.087151
v 25.499306 -10.013339 -15.364977
v 25.499306 -10.013339 -14.635023
v 25.499306 -10.119621 -13.912849
v 25.499306 -10.329919 -13.213846
v 25.499306 -10.639753 -12.552911
v 25.499306 -11.042518 -11.944131
v 25.499306 -11.529629 -11.400483
v 25.499306 -12.090705 -10.933551
v 25.499306 -12.713788 -10.553289
v 25.499306 -13.385598 -10.267801
v 25.499306 -14.091816 -10.083172
v 25.499306 -14.817390 -10.003336
v 25.499306 -15.546856 -10.029995
v 25.499306 -16.264667 -10.162582
v 25.499306 -16.955524 -10.398269
v 25.499306 -17.604702 -10.732035
v 25.499306 -18.198365 -11.156764
v 25.499306 -18.723861 -11.663406
v 25.499306 -19.169989 -12.241161
v 25.499306 -19.527241 -12.877717
v 25.499306 -19.788003 -13.559505
v 25.499306 -19.946717 -14.271994
v 10.000000 -25.000000 -15.000000
v 10.053283 -25.000000 -15.728006
v 10.211997 -25.000000 -16.440495
v 10.472759 -25.000000 -17.122283
v 10.830011 -25.000000 -17.758839
v 11.276139 -25.000000 -18.336594
v 11.801635 -25.000000 -18.843236
v 12.395298 -25.000000 -19.267965
v 13.044476 -25.000000 -19.601731
v 13.735333 -25.000000 -19.837418
v 14.453144 -25.000000 -19.970005
v 15.182610 -25.000000 -19.996664
v 15.908184 -25.000000 -19.916828
v 16.614402 -25.000000 -19.732199
v 17.286212 -25.000000 -19.446711
v 17.909295 -25.000000 -19.066449
v 18.470371 -25.000000 -18.599517
v 18.957482 -25.000000 -18.055869
v 19.360247 -25.000000 -17.447089
v 19.670081 -25.000000 -16.786154
v 19.880379 -25.000000 -16.087151
v 19.986661 -25.000000 -15.364977
v 19.986661 -25.000000 -14.635023
v 19.880379 -25.000000 -13.912849
v 19.670081 -25.000000 -13.213846
v 19.360247 -25.000000 -12.552911
v 18.957482 -25.000000 -11.944131
v 18.470371 -25.000000 -11.400483
v 17.909295 -25.000000 -10.933551
v 17.286212 -25.000000 -10.553289
v 16.614402 -25.000000 -10.267801
v 15.908184 -25.000000 -10.083172
v 15.182610 -25.000000 -10.003336
v 14.453144 -25.000000 -10.029995
v 13.735333 -25.000000 -10.162582
v 13.044476 -25.000000 -10.398269
v 12.395298 -25.000000 -10.732035
v 11.801635 -25.000000 -11.156764
v 11.276139 -25.000000 -11.663406
v 10.830011 -25.000000 -12.241161
v 10.472759 -25.000000 -12.877717
v 10.211997 -25.000000 -13.559505
v 10.053283 -25.000000 -14.271994
v -20.000000 -25.000000 15.000000
v -19.946717 -25.000000 14.271994
v -19.788003 -25.000000 13.559505
v -19.527241 -25.000000 12.877717
v -19.169989 -25.000000 12.241161
v -18.723861 -25.000000 11.663406
v -18.198365 -25.000000 11.156764
v -17.604702 -25.000000 10.732035
v -16.955524 -25.000000 10.398269
v -16.264667 -25.000000 10.162582
v -15.546856 -25.000000 10.029995
v -14.817390 -25.000000 10.003336
v -14.091816 -25.000000 10.083172
v -13.385598 -25.000000 10.267801
v -12.713788 -25.000000 10.553289
v -12.090705 -25.000000 10.933551
v -11.529629 -25.000000 11.400483
v -11.042518 -25.000000 11.944131
v -10.639753 -25.000000 12.552911
v -10.329919 -25.000000 13.213846
v -10.119621 -25.000000 13.912849
v -10.013339 -25.000000 14.635023
v -10.013339 -25.000000 15.364977
v -10.119621 -25.000000 16.087151
v -10.329919 -25.000000 16.786154
v -10.639753 -25.000000 17.447089
v -11.042518 -25.000000 18.055869
v -11.529629 -25.000000 18.599517
v -12.090705 -25.000000 19.066449
v -12.713788 -25.000000 19.446711
v -13.385598 -25.000000 19.732199
v -14.091816 -25.000000 19.916828
v -14.817390 -25.000000 19.996664
v -15.546856 -25.000000 19.970005
v -16.264667 -25.000000 19.837418
v -16.955524 -25.000000 19.601731
v -17.604702 -25.000000 19.267965
v -18.198365 -25.000000 18.843236
v -18.723861 -25.000000 18.336594
v -19.169989 -25.000000 17.758839
v -19.527241 -25.000000 17.122283
v -19.788003 -25.000000 16.440495
v -19.946717 -25.000000 15.728006
v 20.000000 15.000000 24.000000
v 19.946717 14.271994 24.000000
v 19.788003 13.559505 24.000000
v 19.527241 12.877717 24.000000
v 19.169989 12.241161 24.000000
v 18.723861 11.663406 24.000000
v 18.198365 11.156764 24.000000
v 17.604702 10.732035 24.000000
v 16.955524 10.398269 24.000000
v 16.264667 10.162582 24.000000
v 15.546856 10.029995 24.000000
v 14.817390 10.003336 24.000000
v 14.091816 10.083172 24.000000
v 13.385598 10.267801 24.000000
v 12.713788 10.553289 24.000000
v 12.090705 10.933551 24.000000
v 11.529629 11.400483 24.000000
v 11.042518 11.944131 24.000000
v 10.639753 12.552911 24.000000
v 10.329919 13.213846 24.000000
v 10.119621 13.912849 24.000000
v 10.013339 14.635023 24.000000
v 10.013339 15.364977 24.000000
v 10.119621 16.087151 24.000000
v 10.329919 16.786154 24.000000
v 10.639753 17.447089 24.000000
v 11.042518 18.055869 24.000000
v 11.529629 18.599517 24.000000
v 12.090705 19.066449 24.000000
v 12.713788 19.446711 24.000000
v 13.385598 19.732199 24.000000
v 14.091816 19.916828 24.000000
v 14.817390 19.996664 24.000000
v 15.546856 19.970005 24.000000
v 16.264667 19.837418 24.000000
v 16.955524 19.601731 24.000000
v 17.604702 19.267965 24.000000
v 18.198365 18.843236 24.000000
v 18.723861 18.336594 24.000000
v 19.169989 17.758839 24.000000
v 19.527241 17.122283 24.000000
v 19.788003 16.440495 24.000000
v 19.946717 15.728006 24.000000
v 20.000000 15.000000 25.000000
v 19.946717 15.728006 25.000000
v 19.788003 16.440495 25.000000
v 19.527241 17.122283 25.000000
v 19.169989 17.758839 25.000000
v 18.723861 18.336594 25.000000
v 18.198365 18.843236 25.000000
v 17.604702 19.267965 25.000000
v 16.955524 19.601731 25.000000
v 16.264667 19.837418 25.000000
v 15.546856 19.970005 25.000000
v 14.817390 19.996664 25.000000
v 14.091816 19.916828 25.000000
v 13.385598 19.732199 25.000000
v 12.713788 19.446711 25.000000
v 12.090705 19.066449 25.000000
v 11.529629 18.599517 25.000000
v 11.042518 18.055869 25.000000
v 10.639753 17.447089 25.000000
v 10.329919 16.786154 25.000000
v 10.119621 16.087151 25.000000
v 10.013339 15.364977 25.000000
v 10.013339 14.635023 25.000000
v 10.119621 13.912849 25.000000
v 10.329919 13.213846 25.000000
v 10.639753 12.552911 25.000000
v 11.042518 11.944131 25.000000
v 11.529629 11.400483 25.000000
v 12.090705 10.933551 25.000000
v 12.713788 10.553289 25.000000
v 13.385598 10.267801 25.000000
v 14.091816 10.083172 25.000000
v 14.817390 10.003336 25.000000
v 15.546856 10.029995 25.000000
v 16.264667 10.162582 25.000000
v 16.955524 10.398269 25.000000
v 17.604702 10.732035 25.000000
v 18.198365 11.156764 25.000000
v 18.723861 11.663406 25.000000
v 19.169989 12.241161 25.000000
v 19.527241 12.877717 25.000000
v 19.788003 13.559505 25.000000
v 19.946717 14.271994 25.000000
v -10.000000 -15.000000 24.000000
v -10.053283 -15.728006 24.000000
v -10.211997 -16.440495 24.000000
v -10.472759 -17.122283 24.000000
v -10.830011 -17.758839 24.000000
v -11.276139 -18.336594 24.000000
v -11.801635 -18.843236 24.000000
v -12.395298 -19.267965 24.000000
v -13.044476 -19.601731 24.000000
v -13.735333 -19.837418 24.000000
v -14.453144 -19.970005 24.000000
v -15.182610 -19.996664 24.000000
v -15.908184 -19.916828 24.000000
v -16.614402 -19.732199 24.000000
v -17.286212 -19.446711 24.000000
v -17.909295 -19.066449 24.000000
v -18.470371 -18.599517 24.000000
v -18.957482 -18.055869 24.000000
v -19.360247 -17.447089 24.000000
v -19.670081 -16.786154 24.000000
v -19.880379 -16.087151 24.000000
v -19.986661 -15.364977 24.000000
v -19.986661 -14.635023 24.000000
v -19.880379 -13.912849 24.000000
v -19.670081 -13.213846 24.000000
v -19.360247 -12.552911 24.000000
v -18.957482 -11.944131 24.000000
v -18.470371 -11.400483 24.000000
v -17.909295 -10.933551 24.000000
v -17.286212 -10.553289 24.000000
v -16.614402 -10.267801 24.000000
v -15.908184 -10.083172 24.000000
v -15.182610 -10.003336 24.000000
v -14.453144 -10.029995 24.000000
v -13.735333 -10.162582 24.000000
v -13.044476 -10.398269 24.000000
v -12.395298 -10.732035 24.000000
v -11.801635 -11.156764 24.000000
v -11.276139 -11.663406 24.000000
v -10.830011 -12.241161 24.000000
v -10.472759 -12.877717 24.000000
v -10.211997 -13.559505 24.000000
v -10.053283 -14.271994 24.000000
v -10.000000 -15.000000 25.000000
v -10.053283 -14.271994 25.000000
v -10.211997 -13.559505 25.000000
v -10.472759 -12.877717 25.000000
v -10.830011 -12.241161 25.000000
v -11.276139 -11.663406 25.000000
v -11.801635 -11.156764 25.000000
v -12.395298 -10.732035 25.000000
v -13.044476 -10.398269 25.000000
v -13.735333 -10.162582 25.000000
v -14.453144 -10.029995 25.000000
v -15.182610 -10.003336 25.000000
v -15.908184 -10.083172 25.000000
v -16.614402 -10.267801 25.000000
v -17.286212 -10.553289 25.000000
v -17.909295 -10.933551 25.000000
v -18.470371 -11.400483 25.000000
v -18.957482 -11.944131 25.000000
v -19.360247 -12.552911 25.000000
v -19.670081 -13.213846 25.000000
v -19.880379 -13.912849 25.000000
v -19.986661 -14.635023 25.000000
v -19.986661 -15.364977 25.000000
v -19.880379 -16.087151 25.000000
v -19.670081 -16.786154 25.000000
v -19.360247 -17.447089 25.000000
v -18.957482 -18.055869 25.000000
v -18.470371 -18.599517 25.000000
v -17.909295 -19.066449 25.000000
v -17.286212 -19.446711 25.000000
v -16.614402 -19.732199 25.000000
v -15.908184 -19.916828 25.000000
v -15.182610 -19.996664 25.000000
v -14.453144 -19.970005 25.000000
v -13.735333 -19.837418 25.000000
v -13.044476 -19.601731 25.000000
v -12.395298 -19.267965 25.000000
v -11.801635 -18.843236 25.000000
v -11.276139 -18.336594 25.000000
v -10.830011 -17.758839 25.000000
v -10.472759 -17.122283 25.000000
v -10.211997 -16.440495 25.000000
v -10.053283 -15.728006 25.000000
v 20.000000 0.000000 24.000000
v 19.946717 -0.728006 24.000000
v 19.788003 -1.440495 24.000000
v 19.527241 -2.122283 24.000000
v 19.169989 -2.758839 24.000000
v 18.723861 -3.336594 24.000000
v 18.198365 -3.843236 24.000000
v 17.604702 -4.267965 24.000000
v 16.955524 -4.601731 24.000000
v 16.264667 -4.837418 24.000000
v 15.546856 -4.970005 24.000000
v 14.817390 -4.996664 24.000000
v 14.091816 -4.916828 24.000000
v 13.385598 -4.732199 24.000000
v 12.713788 -4.446711 24.000000
v 12.090705 -4.066449 24.000000
v 11.529629 -3.599517 24.000000
v 11.042518 -3.055869 24.000000
v 10.639753 -2.447089 24.000000
v 10.329919 -1.786154 24.000000
v 10.119621 -1.087151 24.000000
v 10.013339 -0.364977 24.000000
v 10.013339 0.364977 24.000000
v 10.119621 1.087151 24.000000
v 10.329919 1.786154 24.000000
v 10.639753 2.447089 24.000000
v 11.042518 3.055869 24.000000
v 11.529629 3.599517 24.000000
v 12.090705 4.066449 24.000000
v 12.713788 4.446711 24.000000
v 13.385598 4.732199 24.000000
v 14.091816 4.916828 24.000000
v 14.817390 4.996664 24.000000
v 15.546856 4.970005 24.000000
v 16.264667 4.837418 24.000000
v 16.955524 4.601731 24.000000
v 17.604702 4.267965 24.000000
v 18.198365 3.843236 24.000000
v 18.723861 3.336594 24.000000
v 19.169989 2.758839 24.000000
v 19.527241 2.122283 24.000000
v 19.788003 1.440495 24.000000
v 19.946717 0.728006 24.000000
v 20.000000 0.000000 25.000000
v 19.946717 0.728006 25.000000
v 19.788003 1.440495 25.000000
v 19.527241 2.122283 25.000000
v 19.169989 2.758839 25.000000
v 18.723861 3.336594 25.000000
v 18.198365 3.843236 25.000000
v 17.604702 4.267965 25.000000
v 16.955524 4.601731 25.000000
v 16.264667 4.837418 25.000000
v 15.546856 4.970005 25.000000
v 14.817390 4.996664 25.000000
v 14.091816 4.916828 25.000000
v 13.385598 4.732199 25.000000
v 12.713788 4.446711 25.000000
v 12.090705 4.066449 25.000000
v 11.529629 3.599517 25.000000
v 11.042518 3.055869 25.000000
v 10.639753 2.447089 25.000000
v 10.329919 1.786154 25.000000
v 10.119621 1.087151 25.000000
v 10.013339 0.364977 25.000000
v 10.013339 -0.364977 25.000000
v 10.119621 -1.087151 25.000000
v 10.329919 -1.786154 25.000000
v 10.639753 -2.447089 25.000000
v 11.042518 -3.055869 25.000000
v 11.529629 -3.599517 25.000000
v 12.090705 -4.066449 25.000000
v 12.713788 -4.446711 25.000000
v 13.385598 -4.732199 25.000000
v 14.091816 -4.916828 25.000000
v 14.817390 -4.996664 25.000000
v 15.546856 -4.970005 25.000000
v 16.264667 -4.837418 25.000000
v 16.955524 -4.601731 25.000000
v 17.604702 -4.267965 25.000000
v 18.198365 -3.843236 25.000000
v 18.723861 -3.336594 25.000000
v 19.169989 -2.758839 25.000000
v 19.527241 -2.122283 25.000000
v 19.788003 -1.440495 25.000000
v 19.946717 -0.728006 25.000000
v -10.000000 15.000000 24.000000
v -10.053283 14.271994 24.000000
v -10.211997 13.559505 24.000000
v -10.472759 12.877717 24.000000
v -10.830011 12.241161 24.000000
v -11.276139 11.663406 24.000000
v -11.801635 11.156764 24.000000
v -12.395298 10.732035 24.000000
v -13.044476 10.398269 24.000000
v -13.735333 10.162582 24.000000
v -14.453144 10.029995 24.000000
v -15.182610 10.003336 24.000000
v -15.908184 10.083172 24.000000
v -16.614402 10.267801 24.000000
v -17.286212 10.553289 24.000000
v -17.909295 10.933551 24.000000
v -18.470371 11.400483 24.000000
v -18.957482 11.944131 24.000000
v -19.360247 12.552911 24.000000
v -19.670081 13.213846 24.000000
v -19.880379 13.912849 24.000000
v -19.986661 14.635023 24.000000
v -19.986661 15.364977 24.000000
v -19.880379 16.087151 24.000000
v -19.670081 16.786154 24.000000
v -19.360247 17.447089 24.000000
v -18.957482 18.055869 24.000000
v -18.470371 18.599517 24.000000
v -17.909295 19.066449 24.000000
v -17.286212 19.446711 24.000000
v -16.614402 19.732199 24.000000
v -15.908184 19.916828 24.000000
v -15.182610 19.996664 24.000000
v -14.453144 19.970005 24.000000
v -13.735333 19.837418 24.000000
v -13.044476 19.601731 24.000000
v -12.395298 19.267965 24.000000
v -11.801635 18.843236 24.000000
v -11.276139 18.336594 24.000000
v -10.830011 17.758839 24.000000
v -10.472759 17.122283 24.000000
v -10.211997 16.440495 24.000000
v -10.053283 15.728006 24.000000
v -10.000000 15.000000 25.000000
v -10.053283 15.728006 25.000000
v -10.211997 16.440495 25.000000
v -10.472759 17.122283 25.000000
v -10.830011 17.758839 25.000000
v -11.276139 18.336594 25.000000
v -11.801635 18.843236 25.000000
v -12.395298 19.267965 25.000000
v -13.044476 19.601731 25.000000
v -13.735333 19.837418 25.000000
v -14.453144 19.970005 25.000000
v -15.182610 19.996664 25.000000
v -15.908184 19.916828 25.000000
v -16.614402 19.732199 25.000000
v -17.286212 19.446711 25.000000
v -17.909295 19.066449 25.000000
v -18.470371 18.599517 25.000000
v -18.957482 18.055869 25.000000
v -19.360247 17.447089 25.000000
v -19.670081 16.786154 25.000000
v -19.880379 16.087151 25.000000
v -19.986661 15.364977 25.000000
v -19.986661 14.635023 25.000000
v -19.880379 13.912849 25.000000
v -19.670081 13.213846 25.000000
v -19.360247 12.552911 25.000000
v -18.957482 11.944131 25.000000
v -18.470371 11.400483 25.000000
v -17.909295 10.933551 25.000000
v -17.286212 10.553289 25.000000
v -16.614402 10.267801 25.000000
v -15.908184 10.083172 25.000000
v -15.182610 10.003336 25.000000
v -14.453144 10.029995 25.000000
v -13.735333 10.162582 25.000000
v -13.044476 10.398269 25.000000
v -12.395298 10.732035 25.000000
v -11.801635 11.156764 25.000000
v -11.276139 11.663406 25.000000
v -10.830011 12.241161 25.000000
v -10.472759 12.877717 25.000000
v -10.211997 13.559505 25.000000
v -10.053283 14.271994 25.000000
v -10.000000 0.000000 24.000000
v -10.053283 -0.728006 24.000000
v -10.211997 -1.440495 24.000000
v -10.472759 -2.122283 24.000000
v -10.830011 -2.758839 24.000000
v -11.276139 -3.336594 24.000000
v -11.801635 -3.843236 24.000000
v -12.395298 -4.267965 24.000000
v -13.044476 -4.601731 24.000000
v -13.735333 -4.837418 24.000000
v -14.453144 -4.970005 24.000000
v -15.182610 -4.996664 24.000000
v -15.908184 -4.916828 24.000000
v -16.614402 -4.732199 24.000000
v -17.286212 -4.446711 24.000000
v -17.909295 -4.066449 24.000000
v -18.470371 -3.599517 24.000000
v -18.957482 -3.055869 24.000000
v -19.360247 -2.447089 24.000000
v -19.670081 -1.786154 24.000000
v -19.880379 -1.087151 24.000000
v -19.986661 -0.364977 24.000000
v -19.986661 0.364977 24.000000
v -19.880379 1.087151 24.000000
v -19.670081 1.786154 24.000000
v -19.360247 2.447089 24.000000
v -18.957482 3.055869 24.000000
v -18.470371 3.599517 24.000000
v -17.909295 4.066449 24.000000
v -17.286212 4.446711 24.000000
v -16.614402 4.732199 24.000000
v -15.908184 4.916828 24.000000
v -15.182610 4.996664 24.000000
v -14.453144 4.970005 24.000000
v -13.735333 4.837418 24.000000
v -13.044476 4.601731 24.000000
v -12.395298 4.267965 24.000000
v -11.801635 3.843236 24.000000
v -11.276139 3.336594 24.000000
v -10.830011 2.758839 24.000000
v -10.472759 2.122283 24.000000
v -10.211997 1.440495 24.000000
v -10.053283 0.728006 24.000000
v -10.000000 0.000000 25.000000
v -10.053283 0.728006 25.000000
v -10.211997 1.440495 25.000000
v -10.472759 2.122283 25.000000
v -10.830011 2.758839 25.000000
v -11.276139 3.336594 25.000000
v -11.801635 3.843236 25.000000
v -12.395298 4.267965 25.000000
v -13.044476 4.601731 25.000000
v -13.735333 4.837418 25.000000
v -14.453144 4.970005 25.000000
v -15.182610 4.996664 25.000000
v -15.908184 4.916828 25.000000
v -16.614402 4.732199 25.000000
v -17.286212 4.446711 25.000000
v -17.909295 4.066449 25.000000
v -18.470371 3.599517 25.000000
v -18.957482 3.055869 25.000000
v -19.360247 2.447089 25.000000
v -19.670081 1.786154 25.000000
v -19.880379 1.087151 25.000000
v -19.986661 0.364977 25.000000
v -19.986661 -0.364977 25.000000
v -19.880379 -1.087151 25.000000
v -19.670081 -1.786154 25.000000
v -19.360247 -2.447089 25.000000
v -18.957482 -3.055869 25.000000
v -18.470371 -3.599517 25.000000
v -17.909295 -4.066449 25.000000
v -17.286212 -4.446711 25.000000
v -16.614402 -4.732199 25.000000
v -15.908184 -4.916828 25.000000
v -15.182610 -4.996664 25.000000
v -14.453144 -4.970005 25.000000
v -13.735333 -4.837418 25.000000
v -13.044476 -4.601731 25.000000
v -12.395298 -4.267965 25.000000
v -11.801635 -3.843236 25.000000
v -11.276139 -3.336594 25.000000
v -10.830011 -2.758839 25.000000
v -10.472759 -2.122283 25.000000
v -10.211997 -1.440495 25.000000
v -10.053283 -0.728006 25.000000
v 20.000000 -15.000000 24.000000
v 19.946717 -15.728006 24.000000
v 19.788003 -16.440495 24.000000
v 19.527241 -17.122283 24.000000
v 19.169989 -17.758839 24.000000
v 18.723861 -18.336594 24.000000
v 18.198365 -18.843236 24.000000
v 17.604702 -19.267965 24.000000
v 16.955524 -19.601731 24.000000
v 16.264667 -19.837418 24.000000
v 15.546856 -19.970005 24.000000
v 14.817390 -19.996664 24.000000
v 14.091816 -19.916828 24.000000
v 13.385598 -19.732199 24.000000
v 12.713788 -19.446711 24.000000
v 12.090705 -19.066449 24.000000
v 11.529629 -18.599517 24.000000
v 11.042518 -18.055869 24.000000
v 10.639753 -17.447089 24.000000
v 10.329919 -16.786154 24.000000
v 10.119621 -16.087151 24.000000
v 10.013339 -15.364977 24.000000
v 10.013339 -14.635023 24.000000
v 10.119621 -13.912849 24.000000
v 10.329919 -13.213846 24.000000
v 10.639753 -12.552911 24.000000
v 11.042518 -11.944131 24.000000
v 11.529629 -11.400483 24.000000
v 12.090705 -10.933551 24.000000
v 12.713788 -10.553289 24.000000
v 13.385598 -10.267801 24.000000
v 14.091816 -10.083172 24.000000
v 14.817390 -10.003336 24.000000
v 15.546856 -10.029995 24.000000
v 16.264667 -10.162582 24.000000
v 16.955524 -10.398269 24.000000
v 17.604702 -10.732035 24.000000
v 18.198365 -11.156764 24.000000
v 18.723861 -11.663406 24.000000
v 19.169989 -12.241161 24.000000
v 19.527241 -12.877717 24.000000
v 19.788003 -13.559505 24.000000
v 19.946717 -14.271994 24.000000
v 20.000000 -15.000000 25.000000
v 19.946717 -14.271994 25.000000
v 19.788003 -13.559505 25.000000
v 19.527241 -12.877717 25.000000
v 19.169989 -12.241161 25.000000
v 18.723861 -11.663406 25.000000
v 18.198365 -11.156764 25.000000
v 17.604702 -10.732035 25.000000
v 16.955524 -10.398269 25.000000
v 16.264667 -10.162582 25.000000
v 15.546856 -10.029995 25.000000
v 14.817390 -10.003336 25.000000
v 14.091816 -10.083172 25.000000
v 13.385598 -10.267801 25.000000
v 12.713788 -10.553289 25.000000
v 12.090705 -10.933551 25.000000
v 11.529629 -11.400483 25.000000
v 11.042518 -11.944131 25.000000
v 10.639753 -12.552911 25.000000
v 10.329919 -13.213846 25.000000
v 10.119621 -13.912849 25.000000
v 10.013339 -14.635023 25.000000
v 10.013339 -15.364977 25.000000
v 10.119621 -16.087151 25.000000
v 10.329919 -16.786154 25.000000
v 10.639753 -17.447089 25.000000
v 11.042518 -18.055869 25.000000
v 11.529629 -18.599517 25.000000
v 12.090705 -19.066449 25.000000
v 12.713788 -19.446711 25.000000
v 13.385598 -19.732199 25.000000
v 14.091816 -19.916828 25.000000
v 14.817390 -19.996664 25.000000
v 15.546856 -19.970005 25.000000
v 16.264667 -19.837418 25.000000
v 16.955524 -19.601731 25.000000
v 17.604702 -19.267965 25.000000
v 18.198365 -18.843236 25.000000
v 18.723861 -18.336594 25.000000
v 19.169989 -17.758839 25.000000
v 19.527241 -17.122283 25.000000
v 19.788003 -16.440495 25.000000
v 19.946717 -15.728006 25.000000
v 22.499306 25.000000 -22.000000
v 23.020251 24.954423 -22.000000
v 23.525366 24.819078 -22.000000
v 23.999306 24.598076 -22.000000
v 24.427669 24.298133 -22.000000
v 24.797439 23.928363 -22.000000
v 25.097382 23.500000 -22.000000
v 25.318384 23.026060 -22.000000
v 25.453729 22.520945 -22.000000
v 25.499306 22.000000 -22.000000
v 25.453729 22.000000 -22.520945
v 25.318384 22.000000 -23.026060
v 25.097382 22.000000 -23.500000
v 24.797439 22.000000 -23.928363
v 24.427669 22.000000 -24.298133
v 23.999306 22.000000 -24.598076
v 23.525366 22.000000 -24.819078
v 23.020251 22.000000 -24.954423
v 22.499306 22.000000 -25.000000
v 22.499306 22.520945 -24.954423
v 22.499306 23.026060 -24.819078
v 22.499306 23.500000 -24.598076
v 22.499306 23.928363 -24.298133
v 22.499306 24.298133 -23.928363
v 22.499306 24.598076 -23.500000
v 22.499306 24.819078 -23.026060
v 22.499306 24.954423 -22.520945
v 25.344707 22.311558 -22.898123
v 24.587513 22.528003 -24.088207
v 24.491174 23.031952 -23.991868
v 24.334520 23.504654 -23.835214
v 24.122293 23.931793 -23.622987
v 23.860922 24.300436 -23.361616
v 23.558320 24.599419 -23.059014
v 23.223649 24.819690 -22.724343
v 22.867045 24.954579 -22.367739
v 23.113354 24.935315 -22.082903
v 23.508560 24.797407 -22.394866
v 23.873206 24.574792 -22.694872
v 24.196248 24.274209 -22.973837
v 24.467906 23.904762 -23.223314
v 24.679952 23.477637 -23.435747
v 24.825967 23.005768 -23.604705
v 24.901529 22.503443 -23.725071
v 23.739981 24.731255 -22.031142
v 24.128973 24.501680 -22.292882
v 24.468618 24.196352 -22.545753
v 24.748631 23.824517 -22.782098
v 24.960532 23.397433 -22.994760
v 25.097905 22.928034 -23.177301
v 25.156590 22.430534 -23.324191
v 24.669501 24.069303 -22.090771
v 24.955676 23.693570 -22.313160
v 25.167469 23.266555 -22.526066
v 25.298469 22.801187 -22.723042
v 25.294283 23.089099 -22.044341
v 25.421379 22.629191 -22.256140
v 25.459992 22.150231 -22.460183
v 24.224377 22.503443 -24.402223
v 24.104011 23.005768 -24.326661
v 23.935053 23.477637 -24.180646
v 23.722620 23.904762 -23.968600
v 23.473143 24.274209 -23.696942
v 23.194178 24.574792 -23.373900
v 22.894172 24.797407 -23.009254
v 22.582209 24.935315 -22.614048
v 23.823497 22.430534 -24.657284
v 23.676607 22.928034 -24.598599
v 23.494066 23.397433 -24.461226
v 23.281404 23.824517 -24.249325
v 23.045059 24.196352 -23.969312
v 22.792188 24.501680 -23.629667
v 22.530448 24.731255 -23.240675
v 23.397429 22.311558 -24.845401
v 23.222348 22.801187 -24.799162
v 23.025372 23.266555 -24.668163
v 22.812466 23.693570 -24.456370
v 22.590077 24.069303 -24.170195
v 22.543647 23.089099 -24.794977
v 22.755446 22.629191 -24.922073
v 22.959489 22.150231 -24.960686
v -22.499306 25.000000 -22.000000
v -22.499306 24.954423 -22.520945
v -22.499306 24.819078 -23.026060
v -22.499306 24.598076 -23.500000
v -22.499306 24.298133 -23.928363
v -22.499306 23.928363 -24.298133
v -22.499306 23.500000 -24.598076
v -22.499306 23.026060 -24.819078
v -22.499306 22.520945 -24.954423
v -22.499306 22.000000 -25.000000
v -23.020251 22.000000 -24.954423
v -23.525366 22.000000 -24.819078
v -23.999306 22.000000 -24.598076
v -24.427669 22.000000 -24.298133
v -24.797439 22.000000 -23.928363
v -25.097382 22.000000 -23.500000
v -25.318384 22.000000 -23.026060
v -25.453729 22.000000 -22.520945
v -25.499306 22.000000 -22.000000
v -25.453729 22.520945 -22.000000
v -25.318384 23.026060 -22.000000
v -25.097382 23.500000 -22.000000
v -24.797439 23.928363 -22.000000
v -24.427669 24.298133 -22.000000
v -23.999306 24.598076 -22.000000
v -23.525366 24.819078 -22.000000
v -23.020251 24.954423 -22.000000
v -23.397429 22.311558 -24.845401
v -24.587513 22.528003 -24.088207
v -24.491174 23.031952 -23.991868
v -24.334520 23.504654 -23.835214
v -24.122293 23.931793 -23.622987
v -23.860922 24.300436 -23.361616
v -23.558320 24.599419 -23.059014
v -23.223649 24.819690 -22.724343
v -22.867045 24.954579 -22.367739
v -22.582209 24.935315 -22.614048
v -22.894172 24.797407 -23.009254
v -23.194178 24.574792 -23.373900
v -23.473143 24.274209 -23.696942
v -23.722620 23.904762 -23.968600
v -23.935053 23.477637 -24.180646
v -24.104011 23.005768 -24.326661
v -24.224377 22.503443 -24.402223
v -22.530448 24.731255 -23.240675
v -22.792188 24.501680 -23.629667
v -23.045059 24.196352 -23.969312
v -23.281404 23.824517 -24.249325
v -23.494066 23.397433 -24.461226
v -23.676607 22.928034 -24.598599
v -23.823497 22.430534 -24.657284
v -22.590077 24.069303 -24.170195
v -22.812466 23.693570 -24.456370
v -23.025372 23.266555 -24.668163
v -23.222348 22.801187 -24.799162
v -22.543647 23.089099 -24.794977
v -22.755446 22.629191 -24.922073
v -22.959489 22.150231 -24.960686
v -24.901529 22.503443 -23.725071
v -24.825967 23.005768 -23.604705
v -24.679952 23.477637 -23.435747
v -24.467906 23.904762 -23.223314
v -24.196248 24.274209 -22.973837
v -23.873206 24.574792 -22.694872
v -23.508560 24.797407 -22.394866
v -23.113354 24.935315 -22.082903
v -25.156590 22.430534 -23.324191
v -25.097905 22.928034 -23.177301
v -24.960532 23.397433 -22.994760
v -24.748631 23.824517 -22.782098
v -24.468618 24.196352 -22.545753
v -24.128973 24.501680 -22.292882
v -23.739981 24.731255 -22.031142
v -25.344707 22.311558 -22.898123
v -25.298469 22.801187 -22.723042
v -25.167469 23.266555 -22.526066
v -24.955676 23.693570 -22.313160
v -24.669501 24.069303 -22.090771
v -25.294283 23.089099 -22.044341
v -25.421379 22.629191 -22.256140
v -25.459992 22.150231 -22.460183
v 22.499306 -22.000000 -25.000000
v 23.020251 -22.000000 -24.954423
v 23.525366 -22.000000 -24.819078
v 23.999306 -22.000000 -24.598076
v 24.427669 -22.000000 -24.298133
v 24.797439 -22.000000 -23.928363
v 25.097382 -22.000000 -23.500000
v 25.318384 -22.000000 -23.026060
v 25.453729 -22.000000 -22.520945
v 25.499306 -22.000000 -22.000000
v 25.453729 -22.520945 -22.000000
v 25.318384 -23.026060 -22.000000
v 25.097382 -23.500000 -22.000000
v 24.797439 -23.928363 -22.000000
v 24.427669 -24.298133 -22.000000
v 23.999306 -24.598076 -22.000000
v 23.525366 -24.819078 -22.000000
v 23.020251 -24.954423 -22.000000
v 22.499306 -25.000000 -22.000000
v 22.499306 -24.954423 -22.520945
v 22.499306 -24.819078 -23.026060
v 22.499306 -24.598076 -23.500000
v 22.499306 -24.298133 -23.928363
v 22.499306 -23.928363 -24.298133
v 22.499306 -23.500000 -24.598076
v 22.499306 -23.026060 -24.819078
v 22.499306 -22.520945 -24.954423
v 22.959489 -22.150231 -24.960686
v 22.755446 -22.629191 -24.922073
v 22.543647 -23.089099 -24.794977
v 23.397429 -22.311558 -24.845401
v 23.222348 -22.801187 -24.799162
v 23.025372 -23.266555 -24.668163
v 22.812466 -23.693570 -24.456370
v 22.590077 -24.069303 -24.170195
v 23.823497 -22.430534 -24.657284
v 23.676607 -22.928034 -24.598599
v 23.494066 -23.397433 -24.461226
v 23.281404 -23.824517 -24.249325
v 23.045059 -24.196352 -23.969312
v 22.792188 -24.501680 -23.629667
v 22.530448 -24.731255 -23.240675
v 24.224377 -22.503443 -24.402223
v 24.104011 -23.005768 -24.326661
v 23.935053 -23.477637 -24.180646
v 23.722620 -23.904762 -23.968600
v 23.473143 -24.274209 -23.696942
v 23.194178 -24.574792 -23.373900
v 22.894172 -24.797407 -23.009254
v 22.582209 -24.935315 -22.614048
v 24.587513 -22.528003 -24.088207
v 24.491174 -23.031952 -23.991868
v 24.334520 -23.504654 -23.835214
v 24.122293 -23.931793 -23.622987
v 23.860922 -24.300436 -23.361616
v 23.558320 -24.599419 -23.059014
v 23.223649 -24.819690 -22.724343
v 22.867045 -24.954579 -22.367739
v 24.901529 -22.503443 -23.725071
v 24.825967 -23.005768 -23.604705
v 24.679952 -23.477637 -23.435747
v 24.467906 -23.904762 -23.223314
v 24.196248 -24.274209 -22.973837
v 23.873206 -24.574792 -22.694872
v 23.508560 -24.797407 -22.394866
v 23.113354 -24.935315 -22.082903
v 25.156590 -22.430534 -23.324191
v 25.097905 -22.928034 -23.177301
v 24.960532 -23.397433 -22.994760
v 24.748631 -23.824517 -22.782098
v 24.468618 -24.196352 -22.545753
v 24.128973 -24.501680 -22.292882
v 23.739981 -24.731255 -22.031142
v 25.344707 -22.311558 -22.898123
v 25.298469 -22.801187 -22.723042
v 25.167469 -23.266555 -22.526066
v 24.955676 -23.693570 -22.313160
v 24.669501 -24.069303 -22.090771
v 25.294283 -23.089099 -22.044341
v 25.421379 -22.629191 -22.256140
v 25.459992 -22.150231 -22.460183
v 22.499306 25.000000 22.000000
v 22.499306 24.954423 22.520945
v 22.499306 24.819078 23.026060
v 22.499306 24.598076 23.500000
v 22.499306 24.298133 23.928363
v 22.499306 23.928363 24.298133
v 22.499306 23.500000 24.598076
v 22.499306 23.026060 24.819078
v 22.499306 22.520945 24.954423
v 22.499306 22.000000 25.000000
v 23.020251 22.000000 24.954423
v 23.525366 22.000000 24.819078
v 23.999306 22.000000 24.598076
v 24.427669 22.000000 24.298133
v 24.797439 22.000000 23.928363
v 25.097382 22.000000 23.500000
v 25.318384 22.000000 23.026060
v 25.453729 22.000000 22.520945
v 25.499306 22.000000 22.000000
v 25.453729 22.520945 22.000000
v 25.318384 23.026060 22.000000
v 25.097382 23.500000 22.000000
v 24.797439 23.928363 22.000000
v 24.427669 24.298133 22.000000
v 23.999306 24.598076 22.000000
v 23.525366 24.819078 22.000000
v 23.020251 24.954423 22.000000
v 23.397429 22.311558 24.845401
v 24.587513 22.528003 24.088207
v 24.491174 23.031952 23.991868
v 24.334520 23.504654 23.835214
v 24.122293 23.931793 23.622987
v 23.860922 24.300436 23.361616
v 23.558320 24.599419 23.059014
v 23.223649 24.819690 22.724343
v 22.867045 24.954579 22.367739
v 22.582209 24.935315 22.614048
v 22.894172 24.797407 23.009254
v 23.194178 24.574792 23.373900
v 23.473143 24.274209 23.696942
v 23.722620 23.904762 23.968600
v 23.935053 23.477637 24.180646
v 24.104011 23.005768 24.326661
v 24.224377 22.503443 24.402223
v 22.530448 24.731255 23.240675
v 22.792188 24.501680 23.629667
v 23.045059 24.196352 23.969312
v 23.281404 23.824517 24.249325
v 23.494066 23.397433 24.461226
v 23.676607 22.928034 24.598599
v 23.823497 22.430534 24.657284
v 22.590077 24.069303 24.170195
v 22.812466 23.693570 24.456370
v 23.025372 23.266555 24.668163
v 23.222348 22.801187 24.799162
v 22.543647 23.089099 24.794977
v 22.755446 22.629191 24.922073
v 22.959489 22.150231 24.960686
v 24.901529 22.503443 23.725071
v 24.825967 23.005768 23.604705
v 24.679952 23.477637 23.435747
v 24.467906 23.904762 23.223314
v 24.196248 24.274209 22.973837
v 23.873206 24.574792 22.694872
v 23.508560 24.797407 22.394866
v 23.113354 24.935315 22.082903
v 25.156590 22.430534 23.324191
v 25.097905 22.928034 23.177301
v 24.960532 23.397433 22.994760
v 24.748631 23.824517 22.782098
v 24.468618 24.196352 22.545753
v 24.128973 24.501680 22.292882
v 23.739981 24.731255 22.031142
v 25.344707 22.311558 22.898123
v 25.298469 22.801187 22.723042
v 25.167469 23.266555 22.526066
v 24.955676 23.693570 22.313160
v 24.669501 24.069303 22.090771
v 25.294283 23.089099 22.044341
v 25.421379 22.629191 22.256140
v 25.459992 22.150231 22.460183
v -25.499306 -22.000000 -22.000000
v -25.453729 -22.000000 -22.520945
v -25.318384 -22.000000 -23.026060
v -25.097382 -22.000000 -23.500000
v -24.797439 -22.000000 -23.928363
v -24.427669 -22.000000 -24.298133
v -23.999306 -22.000000 -24.598076
v -23.525366 -22.000000 -24.819078
v -23.020251 -22.000000 -24.954423
v -22.499306 -22.000000 -25.000000
v -22.499306 -22.520945 -24.954423
v -22.499306 -23.026060 -24.819078
v -22.499306 -23.500000 -24.598076
v -22.499306 -23.928363 -24.298133
v -22.499306 -24.298133 -23.928363
v -22.499306 -24.598076 -23.500000
v -22.499306 -24.819078 -23.026060
v -22.499306 -24.954423 -22.520945
v -22.499306 -25.000000 -22.000000
v -23.020251 -24.954423 -22.000000
v -23.525366 -24.819078 -22.000000
v -23.999306 -24.598076 -22.000000
v -24.427669 -24.298133 -22.000000
v -24.797439 -23.928363 -22.000000
v -25.097382 -23.500000 -22.000000
v -25.318384 -23.026060 -22.000000
v -25.453729 -22.520945 -22.000000
v -25.459992 -22.150231 -22.460183
v -25.421379 -22.629191 -22.256140
v -25.294283 -23.089099 -22.044341
v -25.344707 -22.311558 -22.898123
v -25.298469 -22.801187 -22.723042
v -25.167469 -23.266555 -22.526066
v -24.955676 -23.693570 -22.313160
v -24.669501 -24.069303 -22.090771
v -25.156590 -22.430534 -23.324191
v -25.097905 -22.928034 -23.177301
v -24.960532 -23.397433 -22.994760
v -24.748631 -23.824517 -22.782098
v -24.468618 -24.196352 -22.545753
v -24.128973 -24.501680 -22.292882
v -23.739981 -24.731255 -22.031142
v -24.901529 -22.503443 -23.725071
v -24.825967 -23.005768 -23.604705
v -24.679952 -23.477637 -23.435747
v -24.467906 -23.904762 -23.223314
v -24.196248 -24.274209 -22.973837
v -23.873206 -24.574792 -22.694872
v -23.508560 -24.797407 -22.394866
v -23.113354 -24.935315 -22.082903
v -24.587513 -22.528003 -24.088207
v -24.491174 -23.031952 -23.991868
v -24.334520 -23.504654 -23.835214
v -24.122293 -23.931793 -23.622987
v -23.860922 -24.300436 -23.361616
v -23.558320 -24.599419 -23.059014
v -23.223649 -24.819690 -22.724343
v -22.867045 -24.954579 -22.367739
v -24.224377 -22.503443 -24.402223
v -24.104011 -23.005768 -24.326661
v -23.935053 -23.477637 -24.180646
v -23.722620 -23.904762 -23.968600
v -23.473143 -24.274209 -23.696942
v -23.194178 -24.574792 -23.373900
v -22.894172 -24.797407 -23.009254
v -22.582209 -24.935315 -22.614048
v -23.823497 -22.430534 -24.657284
v -23.676607 -22.928034 -24.598599
v -23.494066 -23.397433 -24.461226
v -23.281404 -23.824517 -24.249325
v -23.045059 -24.196352 -23.969312
v -22.792188 -24.501680 -23.629667
v -22.530448 -24.731255 -23.240675
v -23.397429 -22.311558 -24.845401
v -23.222348 -22.801187 -24.799162
v -23.025372 -23.266555 -24.668163
v -22.812466 -23.693570 -24.456370
v -22.590077 -24.069303 -24.170195
v -22.543647 -23.089099 -24.794977
v -22.755446 -22.629191 -24.922073
v -22.959489 -22.150231 -24.960686
v -11.249653 -24.954423 -22.520945
v 0.000000 -24.954423 -22.520945
v 11.249653 -24.954423 -22.520945
v -11.249653 -24.819078 -23.026060
v 0.000000 -24.819078 -23.026060
v 11.249653 -24.819078 -23.026060
v -11.249653 -24.598076 -23.500000
v 0.000000 -24.598076 -23.500000
v 11.249653 -24.598076 -23.500000
v -11.249653 -24.298133 -23.928363
v 0.000000 -24.298133 -23.928363
v 11.249653 -24.298133 -23.928363
v -11.249653 -23.928363 -24.298133
v 0.000000 -23.928363 -24.298133
v 11.249653 -23.928363 -24.298133
v -11.249653 -23.500000 -24.598076
v 0.000000 -23.500000 -24.598076
v 11.249653 -23.500000 -24.598076
v -11.249653 -23.026060 -24.819078
v 0.000000 -23.026060 -24.819078
v 11.249653 -23.026060 -24.819078
v -11.249653 -22.520945 -24.954423
v 0.000000 -22.520945 -24.954423
v 11.249653 -22.520945 -24.954423
v -22.499306 25.000000 22.000000
v -23.020251 24.954423 22.000000
v -23.525366 24.819078 22.000000
v -23.999306 24.598076 22.000000
v -24.427669 24.298133 22.000000
v -24.797439 23.928363 22.000000
v -25.097382 23.500000 22.000000
v -25.318384 23.026060 22.000000
v -25.453729 22.520945 22.000000
v -25.499306 22.000000 22.000000
v -25.453729 22.000000 22.520945
v -25.318384 22.000000 23.026060
v -25.097382 22.000000 23.500000
v -24.797439 22.000000 23.928363
v -24.427669 22.000000 24.298133
v -23.999306 22.000000 24.598076
v -23.525366 22.000000 24.819078
v -23.020251 22.000000 24.954423
v -22.499306 22.000000 25.000000
v -22.499306 22.520945 24.954423
v -22.499306 23.026060 24.819078
v -22.499306 23.500000 24.598076
v -22.499306 23.928363 24.298133
v -22.499306 24.298133 23.928363
v -22.499306 24.598076 23.500000
v -22.499306 24.819078 23.026060
v -22.499306 24.954423 22.520945
v -25.344707 22.311558 22.898123
v -24.587513 22.528003 24.088207
v -24.491174 23.031952 23.991868
v -24.334520 23.504654 23.835214
v -24.122293 23.931793 23.622987
v -23.860922 24.300436 23.361616
v -23.558320 24.599419 23.059014
v -23.223649 24.819690 22.724343
v -22.867045 24.954579 22.367739
v -23.113354 24.935315 22.082903
v -23.508560 24.797407 22.394866
v -23.873206 24.574792 22.694872
v -24.196248 24.274209 22.973837
v -24.467906 23.904762 23.223314
v -24.679952 23.477637 23.435747
v -24.825967 23.005768 23.604705
v -24.901529 22.503443 23.725071
v -23.739981 24.731255 22.031142
v -24.128973 24.501680 22.292882
v -24.468618 24.196352 22.545753
v -24.748631 23.824517 22.782098
v -24.960532 23.397433 22.994760
v -25.097905 22.928034 23.177301
v -25.156590 22.430534 23.324191
v -24.669501 24.069303 22.090771
v -24.955676 23.693570 22.313160
v -25.167469 23.266555 22.526066
v -25.298469 22.801187 22.723042
v -25.294283 23.089099 22.044341
v -25.421379 22.629191 22.256140
v -25.459992 22.150231 22.460183
v -24.224377 22.503443 24.402223
v -24.104011 23.005768 24.326661
v -23.935053 23.477637 24.180646
v -23.722620 23.904762 23.968600
v -23.473143 24.274209 23.696942
v -23.194178 24.574792 23.373900
v -22.894172 24.797407 23.009254
v -22.582209 24.935315 22.614048
v -23.823497 22.430534 24.657284
v -23.676607 22.928034 24.598599
v -23.494066 23.397433 24.461226
v -23.281404 23.824517 24.249325
v -23.045059 24.196352 23.969312
v -22.792188 24.501680 23.629667
v -22.530448 24.731255 23.240675
v -23.397429 22.311558 24.845401
v -23.222348 22.801187 24.799162
v -23.025372 23.266555 24.668163
v -22.812466 23.693570 24.456370
v -22.590077 24.069303 24.170195
v -22.543647 23.089099 24.794977
v -22.755446 22.629191 24.922073
v -22.959489 22.150231 24.960686
v 22.499306 -22.000000 25.000000
v 22.499306 -22.520945 24.954423
v 22.499306 -23.026060 24.819078
v 22.499306 -23.500000 24.598076
v 22.499306 -23.928363 24.298133
v 22.499306 -24.298133 23.928363
v 22.499306 -24.598076 23.500000
v 22.499306 -24.819078 23.026060
v 22.499306 -24.954423 22.520945
v 22.499306 -25.000000 22.000000
v 23.020251 -24.954423 22.000000
v 23.525366 -24.819078 22.000000
v 23.999306 -24.598076 22.000000
v 24.427669 -24.298133 22.000000
v 24.797439 -23.928363 22.000000
v 25.097382 -23.500000 22.000000
v 25.318384 -23.026060 22.000000
v 25.453729 -22.520945 22.000000
v 25.499306 -22.000000 22.000000
v 25.453729 -22.000000 22.520945
v 25.318384 -22.000000 23.026060
v 25.097382 -22.000000 23.500000
v 24.797439 -22.000000 23.928363
v 24.427669 -22.000000 24.298133
v 23.999306 -22.000000 24.598076
v 23.525366 -22.000000 24.819078
v 23.020251 -22.000000 24.954423
v 22.543647 -23.089099 24.794977
v 22.755446 -22.629191 24.922073
v 22.959489 -22.150231 24.960686
v 22.590077 -24.069303 24.170195
v 22.812466 -23.693570 24.456370
v 23.025372 -23.266555 24.668163
v 23.222348 -22.801187 24.799162
v 23.397429 -22.311558 24.845401
v 22.530448 -24.731255 23.240675
v 22.792188 -24.501680 23.629667
v 23.045059 -24.196352 23.969312
v 23.281404 -23.824517 24.249325
v 23.494066 -23.397433 24.461226
v 23.676607 -22.928034 24.598599
v 23.823497 -22.430534 24.657284
v 22.582209 -24.935315 22.614048
v 22.894172 -24.797407 23.009254
v 23.194178 -24.574792 23.373900
v 23.473143 -24.274209 23.696942
v 23.722620 -23.904762 23.968600
v 23.935053 -23.477637 24.180646
v 24.104011 -23.005768 24.326661
v 24.224377 -22.503443 24.402223
v 24.587513 -22.528003 24.088207
v 24.491174 -23.031952 23.991868
v 24.334520 -23.504654 23.835214
v 24.122293 -23.931793 23.622987
v 23.860922 -24.300436 23.361616
v 23.558320 -24.599419 23.059014
v 23.223649 -24.819690 22.724343
v 22.867045 -24.954579 22.367739
v 23.113354 -24.935315 22.082903
v 23.508560 -24.797407 22.394866
v 23.873206 -24.574792 22.694872
v 24.196248 -24.274209 22.973837
v 24.467906 -23.904762 23.223314
v 24.679952 -23.477637 23.435747
v 24.825967 -23.005768 23.604705
v 24.901529 -22.503443 23.725071
v 23.739981 -24.731255 22.031142
v 24.128973 -24.501680 22.292882
v 24.468618 -24.196352 22.545753
v 24.748631 -23.824517 22.782098
v 24.960532 -23.397433 22.994760
v 25.097905 -22.928034 23.177301
v 25.156590 -22.430534 23.324191
v 24.669501 -24.069303 22.090771
v 24.955676 -23.693570 22.313160
v 25.167469 -23.266555 22.526066
v 25.298469 -22.801187 22.723042
v 25.344707 -22.311558 22.898123
v 25.294283 -23.089099 22.044341
v 25.421379 -22.629191 22.256140
v 25.459992 -22.150231 22.460183
v 23.020251 -24.954423 -11.000000
v 23.020251 -24.954423 0.000000
v 23.020251 -24.954423 11.000000
v 23.525366 -24.819078 -11.000000
v 23.525366 -24.819078 0.000000
v 23.525366 -24.819078 11.000000
v 23.999306 -24.598076 -11.000000
v 23.999306 -24.598076 0.000000
v 23.999306 -24.598076 11.000000
v 24.427669 -24.298133 -11.000000
v 24.427669 -24.298133 0.000000
v 24.427669 -24.298133 11.000000
v 24.797439 -23.928363 -11.000000
v 24.797439 -23.928363 0.000000
v 24.797439 -23.928363 11.000000
v 25.097382 -23.500000 -11.000000
v 25.097382 -23.500000 0.000000
v 25.097382 -23.500000 11.000000
v 25.318384 -23.026060 -11.000000
v 25.318384 -23.026060 0.000000
v 25.318384 -23.026060 11.000000
v 25.453729 -22.520945 -11.000000
v 25.453729 -22.520945 0.000000
v 25.453729 -22.520945 11.000000
v 25.453729 11.000000 22.520945
v 25.453729 0.000000 22.520945
v 25.453729 -11.000000 22.520945
v 25.318384 11.000000 23.026060
v 25.318384 0.000000 23.026060
v 25.318384 -11.000000 23.026060
v 25.097382 11.000000 23.500000
v 25.097382 0.000000 23.500000
v 25.097382 -11.000000 23.500000
v 24.797439 11.000000 23.928363
v 24.797439 0.000000 23.928363
v 24.797439 -11.000000 23.928363
v 24.427669 11.000000 24.298133
v 24.427669 0.000000 24.298133
v 24.427669 -11.000000 24.298133
v 23.999306 11.000000 24.598076
v 23.999306 0.000000 24.598076
v 23.999306 -11.000000 24.598076
v 23.525366 11.000000 24.819078
v 23.525366 0.000000 24.819078
v 23.525366 -11.000000 24.819078
v 23.020251 11.000000 24.954423
v 23.020251 0.000000 24.954423
v 23.020251 -11.000000 24.954423
v -22.499306 -22.000000 25.000000
v -23.020251 -22.000000 24.954423
v -23.525366 -22.000000 24.819078
v -23.999306 -22.000000 24.598076
v -24.427669 -22.000000 24.298133
v -24.797439 -22.000000 23.928363
v -25.097382 -22.000000 23.500000
v -25.318384 -22.000000 23.026060
v -25.453729 -22.000000 22.520945
v -25.499306 -22.000000 22.000000
v -25.453729 -22.520945 22.000000
v -25.318384 -23.026060 22.000000
v -25.097382 -23.500000 22.000000
v -24.797439 -23.928363 22.000000
v -24.427669 -24.298133 22.000000
v -23.999306 -24.598076 22.000000
v -23.525366 -24.819078 22.000000
v -23.020251 -24.954423 22.000000
v -22.499306 -25.000000 22.000000
v -22.499306 -24.954423 22.520945
v -22.499306 -24.819078 23.026060
v -22.499306 -24.598076 23.500000
v -22.499306 -24.298133 23.928363
v -22.499306 -23.928363 24.298133
v -22.499306 -23.500000 24.598076
v -22.499306 -23.026060 24.819078
v -22.499306 -22.520945 24.954423
v -22.959489 -22.150231 24.960686
v -22.755446 -22.629191 24.922073
v -22.543647 -23.089099 24.794977
v -23.397429 -22.311558 24.845401
v -23.222348 -22.801187 24.799162
v -23.025372 -23.266555 24.668163
v -22.812466 -23.693570 24.456370
v -22.590077 -24.069303 24.170195
v -23.823497 -22.430534 24.657284
v -23.676607 -22.928034 24.598599
v -23.494066 -23.397433 24.461226
v -23.281404 -23.824517 24.249325
v -23.045059 -24.196352 23.969312
v -22.792188 -24.501680 23.629667
v -22.530448 -24.731255 23.240675
v -24.224377 -22.503443 24.402223
v -24.104011 -23.005768 24.326661
v -23.935053 -23.477637 24.180646
v -23.722620 -23.904762 23.968600
v -23.473143 -24.274209 23.696942
v -23.194178 -24.574792 23.373900
v -22.894172 -24.797407 23.009254
v -22.582209 -24.935315 22.614048
v -24.587513 -22.528003 24.088207
v -24.491174 -23.031952 23.991868
v -24.334520 -23.504654 23.835214
v -24.122293 -23.931793 23.622987
v -23.860922 -24.300436 23.361616
v -23.558320 -24.599419 23.059014
v -23.223649 -24.819690 22.724343
v -22.867045 -24.954579 22.367739
v -24.901529 -22.503443 23.725071
v -24.825967 -23.005768 23.604705
v -24.679952 -23.477637 23.435747
v -24.467906 -23.904762 23.223314
v -24.196248 -24.274209 22.973837
v -23.873206 -24.574792 22.694872
v -23.508560 -24.797407 22.394866
v -23.113354 -24.935315 22.082903
v -25.156590 -22.430534 23.324191
v -25.097905 -22.928034 23.177301
v -24.960532 -23.397433 22.994760
v -24.748631 -23.824517 22.782098
v -24.468618 -24.196352 22.545753
v -24.128973 -24.501680 22.292882
v -23.739981 -24.731255 22.031142
v -25.344707 -22.311558 22.898123
v -25.298469 -22.801187 22.723042
v -25.167469 -23.266555 22.526066
v -24.955676 -23.693570 22.313160
v -24.669501 -24.069303 22.090771
v -25.294283 -23.089099 22.044341
v -25.421379 -22.629191 22.256140
v -25.459992 -22.150231 22.460183
v -23.020251 -24.954423 11.000000
v -23.020251 -24.954423 -0.000000
v -23.020251 -24.954423 -11.000000
v -23.525366 -24.819078 11.000000
v -23.525366 -24.819078 -0.000000
v -23.525366 -24.819078 -11.000000
v -23.999306 -24.598076 11.000000
v -23.999306 -24.598076 -0.000000
v -23.999306 -24.598076 -11.000000
v -24.427669 -24.298133 11.000000
v -24.427669 -24.298133 -0.000000
v -24.427669 -24.298133 -11.000000
v -24.797439 -23.928363 11.000000
v -24.797439 -23.928363 -0.000000
v -24.797439 -23.928363 -11.000000
v -25.097382 -23.500000 11.000000
v -25.097382 -23.500000 -0.000000
v -25.097382 -23.500000 -11.000000
v -25.318384 -23.026060 11.000000
v -25.318384 -23.026060 -0.000000
v -25.318384 -23.026060 -11.000000
v -25.453729 -22.520945 11.000000
v -25.453729 -22.520945 -0.000000
v -25.453729 -22.520945 -11.000000
v 11.249653 -24.954423 22.520945
v 0.000000 -24.954423 22.520945
v -11.249653 -24.954423 22.520945
v 11.249653 -24.819078 23.026060
v 0.000000 -24.819078 23.026060
v -11.249653 -24.819078 23.026060
v 11.249653 -24.598076 23.500000
v 0.000000 -24.598076 23.500000
v -11.249653 -24.598076 23.500000
v 11.249653 -24.298133 23.928363
v 0.000000 -24.298133 23.928363
v -11.249653 -24.298133 23.928363
v 11.249653 -23.928363 24.298133
v 0.000000 -23.928363 24.298133
v -11.249653 -23.928363 24.298133
v 11.249653 -23.500000 24.598076
v 0.000000 -23.500000 24.598076
v -11.249653 -23.500000 24.598076
v 11.249653 -23.026060 24.819078
v 0.000000 -23.026060 24.819078
v -11.249653 -23.026060 24.819078
v 11.249653 -22.520945 24.954423
v 0.000000 -22.520945 24.954423
v -11.249653 -22.520945 24.954423
v -23.020251 11.000000 24.954423
v -23.020251 0.000000 24.954423
v -23.020251 -11.000000 24.954423
v -23.525366 11.000000 24.819078
v -23.525366 0.000000 24.819078
v -23.525366 -11.000000 24.819078
v -23.999306 11.000000 24.598076
v -23.999306 0.000000 24.598076
v -23.999306 -11.000000 24.598076
v -24.427669 11.000000 24.298133
v -24.427669 0.000000 24.298133
v -24.427669 -11.000000 24.298133
v -24.797439 11.000000 23.928363
v -24.797439 0.000000 23.928363
v -24.797439 -11.000000 23.928363
v -25.097382 11.000000 23.500000
v -25.097382 0.000000 23.500000
v -25.097382 -11.000000 23.500000
v -25.318384 11.000000 23.026060
v -25.318384 0.000000 23.026060
v -25.318384 -11.000000 23.026060
v -25.453729 11.000000 22.520945
v -25.453729 0.000000 22.520945
v -25.453729 -11.000000 22.520945
v 11.249653 22.520945 24.954423
v 0.000000 22.520945 24.954423
v -11.249653 22.520945 24.954423
v 11.249653 23.026060 24.819078
v 0.000000 23.026060 24.819078
v -11.249653 23.026060 24.819078
v 11.249653 23.500000 24.598076
v 0.000000 23.500000 24.598076
v -11.249653 23.500000 24.598076
v 11.249653 23.928363 24.298133
v 0.000000 23.928363 24.298133
v -11.249653 23.928363 24.298133
v 11.249653 24.298133 23.928363
v 0.000000 24.298133 23.928363
v -11.249653 24.298133 23.928363
v 11.249653 24.598076 23.500000
v 0.000000 24.598076 23.500000
v -11.249653 24.598076 23.500000
v 11.249653 24.819078 23.026060
v 0.000000 24.819078 23.026060
v -11.249653 24.819078 23.026060
v 11.249653 24.954423 22.520945
v 0.000000 24.954423 22.520945
v -11.249653 24.954423 22.520945
v -25.453729 22.520945 11.000000
v -25.453729 22.520945 -0.000000
v -25.453729 22.520945 -11.000000
v -25.318384 23.026060 11.000000
v -25.318384 23.026060 -0.000000
v -25.318384 23.026060 -11.000000
v -25.097382 23.500000 11.000000
v -25.097382 23.500000 -0.000000
v -25.097382 23.500000 -11.000000
v -24.797439 23.928363 11.000000
v -24.797439 23.928363 -0.000000
v -24.797439 23.928363 -11.000000
v -24.427669 24.298133 11.000000
v -24.427669 24.298133 -0.000000
v -24.427669 24.298133 -11.000000
v -23.999306 24.598076 11.000000
v -23.999306 24.598076 -0.000000
v -23.999306 24.598076 -11.000000
v -23.525366 24.819078 11.000000
v -23.525366 24.819078 -0.000000
v -23.525366 24.819078 -11.000000
v -23.020251 24.954423 11.000000
v -23.020251 24.954423 -0.000000
v -23.020251 24.954423 -11.000000
v -25.453729 11.000000 -22.520945
v -25.453729 0.000000 -22.520945
v -25.453729 -11.000000 -22.520945
v -25.318384 11.000000 -23.026060
v -25.318384 0.000000 -23.026060
v -25.318384 -11.000000 -23.026060
v -25.097382 11.000000 -23.500000
v -25.097382 0.000000 -23.500000
v -25.097382 -11.000000 -23.500000
v -24.797439 11.000000 -23.928363
v -24.797439 0.000000 -23.928363
v -24.797439 -11.000000 -23.928363
v -24.427669 11.000000 -24.298133
v -24.427669 0.000000 -24.298133
v -24.427669 -11.000000 -24.298133
v -23.999306 11.000000 -24.598076
v -23.999306 0.000000 -24.598076
v -23.999306 -11.000000 -24.598076
v -23.525366 11.000000 -24.819078
v -23.525366 0.000000 -24.819078
v -23.525366 -11.000000 -24.819078
v -23.020251 11.000000 -24.954423
v -23.020251 0.000000 -24.954423
v -23.020251 -11.000000 -24.954423
v 25.453729 22.520945 -11.000000
v 25.453729 22.520945 0.000000
v 25.453729 22.520945 11.000000
v 25.318384 23.026060 -11.000000
v 25.318384 23.026060 0.000000
v 25.318384 23.026060 11.000000
v 25.097382 23.500000 -11.000000
v 25.097382 23.500000 0.000000
v 25.097382 23.500000 11.000000
v 24.797439 23.928363 -11.000000
v 24.797439 23.928363 0.000000
v 24.797439 23.928363 11.000000
v 24.427669 24.298133 -11.000000
v 24.427669 24.298133 0.000000
v 24.427669 24.298133 11.000000
v 23.999306 24.598076 -11.000000
v 23.999306 24.598076 0.000000
v 23.999306 24.598076 11.000000
v 23.525366 24.819078 -11.000000
v 23.525366 24.819078 0.000000
v 23.525366 24.819078 11.000000
v 23.020251 24.954423 -11.000000
v 23.020251 24.954423 0.000000
v 23.020251 24.954423 11.000000
v 23.020251 11.000000 -24.954423
v 23.020251 0.000000 -24.954423
v 23.020251 -11.000000 -24.954423
v 23.525366 11.000000 -24.819078
v 23.525366 0.000000 -24.819078
v 23.525366 -11.000000 -24.819078
v 23.999306 11.000000 -24.598076
v 23.999306 0.000000 -24.598076
v 23.999306 -11.000000 -24.598076
v 24.427669 11.000000 -24.298133
v 24.427669 0.000000 -24.298133
v 24.427669 -11.000000 -24.298133
v 24.797439 11.000000 -23.928363
v 24.797439 0.000000 -23.928363
v 24.797439 -11.000000 -23.928363
v 25.097382 11.000000 -23.500000
v 25.097382 0.000000 -23.500000
v 25.097382 -11.000000 -23.500000
v 25.318384 11.000000 -23.026060
v 25.318384 0.000000 -23.026060
v 25.318384 -11.000000 -23.026060
v 25.453729 11.000000 -22.520945
v 25.453729 0.000000 -22.520945
v 25.453729 -11.000000 -22.520945
v -11.249653 22.520945 -24.954423
v 0.000000 22.520945 -24.954423
v 11.249653 22.520945 -24.954423
v -11.249653 23.026060 -24.819078
v 0.000000 23.026060 -24.819078
v 11.249653 23.026060 -24.819078
v -11.249653 23.500000 -24.598076
v 0.000000 23.500000 -24.598076
v 11.249653 23.500000 -24.598076
v -11.249653 23.928363 -24.298133
v 0.000000 23.928363 -24.298133
v 11.249653 23.928363 -24.298133
v -11.249653 24.298133 -23.928363
v 0.000000 24.298133 -23.928363
v 11.249653 24.298133 -23.928363
v -11.249653 24.598076 -23.500000
v 0.000000 24.598076 -23.500000
v 11.249653 24.598076 -23.500000
v -11.249653 24.819078 -23.026060
v 0.000000 24.819078 -23.026060
v 11.249653 24.819078 -23.026060
v -11.249653 24.954423 -22.520945
v 0.000000 24.954423 -22.520945
v 11.249653 24.954423 -22.520945
vt -0.500000 0.000000 0.000000
vt -0.494672 -0.072801 0.000000
vt -0.494672 0.072801 0.000000
vt -0.478800 0.144050 0.000000
vt -0.478800 -0.144050 0.000000
vt -0.452724 0.212228 0.000000
vt -0.416999 0.275884 0.000000
vt -0.372386 0.333659 0.000000
vt -0.452724 -0.212228 0.000000
vt -0.319837 0.384324 0.000000
vt -0.260470 0.426797 0.000000
vt -0.195552 0.460173 0.000000
vt -0.126467 0.483742 0.000000
vt -0.054686 0.497000 0.000000
vt 0.018261 0.499666 0.000000
vt 0.090818 0.491683 0.000000
vt 0.161440 0.473220 0.000000
vt 0.228621 0.444671 0.000000
vt 0.290929 0.406645 0.000000
vt 0.347037 0.359952 0.000000
vt 0.395748 0.305587 0.000000
vt 0.436025 0.244709 0.000000
vt 0.467008 0.178615 0.000000
vt 0.488038 0.108715 0.000000
vt 0.498666 0.036498 0.000000
vt 0.498666 -0.036498 0.000000
vt 0.488038 -0.108715 0.000000
vt 0.467008 -0.178615 0.000000
vt 0.436025 -0.244709 0.000000
vt -0.416999 -0.275884 0.000000
vt 0.395748 -0.305587 0.000000
vt -0.372386 -0.333659 0.000000
vt 0.347037 -0.359952 0.000000
vt -0.319837 -0.384324 0.000000
vt 0.290929 -0.406645 0.000000
vt -0.260470 -0.426797 0.000000
vt 0.228621 -0.444671 0.000000
vt -0.195552 -0.460173 0.000000
vt 0.161440 -0.473220 0.000000
vt -0.126467 -0.483742 0.000000
vt 0.090818 -0.491683 0.000000
vt -0.054686 -0.497000 0.000000
vt 0.018261 -0.499666 0.000000
vt -0.500000 0.000000 0.000000
vt -0.494672 -0.072801 0.000000
vt -0.494672 0.072801 0.000000
vt -0.478800 0.144050 0.000000
vt -0.478800 -0.144050 0.000000
vt -0.452724 0.212228 0.000000
vt -0.416999 0.275884 0.000000
vt -0.372386 0.333659 0.000000
vt -0.452724 -0.212228 0.000000
vt -0.319837 0.384324 0.000000
vt -0.260470 0.426797 0.000000
vt -0.195552 0.460173 0.000000
vt -0.126467 0.483742 0.000000
vt -0.054686 0.497000 0.000000
vt 0.018261 0.499666 0.000000
vt 0.090818 0.491683 0.000000
vt 0.161440 0.473220 0.000000
vt 0.228621 0.444671 0.000000
vt 0.290929 0.406645 0.000000
vt 0.347037 0.359952 0.000000
vt 0.395748 0.305587 0.000000
vt 0.436025 0.244709 0.000000
vt 0.467008 0.178615 0.000000
vt 0.488038 0.108715 0.000000
vt 0.498666 0.036498 0.000000
vt 0.498666 -0.036498 0.000000
vt 0.488038 -0.108715 0.000000
vt 0.467008 -0.178615 0.000000
vt 0.436025 -0.244709 0.000000
vt -0.416999 -0.275884 0.000000
vt 0.395748 -0.305587 0.000000
vt -0.372386 -0.333659 0.000000
vt 0.347037 -0.359952 0.000000
vt -0.319837 -0.384324 0.000000
vt 0.290929 -0.406645 0.000000
vt -0.260470 -0.426797 0.000000
vt 0.228621 -0.444671 0.000000
vt -0.195552 -0.460173 0.000000
vt 0.161440 -0.473220 0.000000
vt -0.126467 -0.483742 0.000000
vt 0.090818 -0.491683 0.000000
vt -0.054686 -0.497000 0.000000
vt 0.018261 -0.499666 0.000000
vt -0.500000 0.000000 0.000000
vt -0.494672 -0.072801 0.000000
vt -0.494672 0.072801 0.000000
vt -0.478800 0.144050 0.000000
vt -0.478800 -0.144050 0.000000
vt -0.452724 0.212228 0.000000
vt -0.416999 0.275884 0.000000
vt -0.372386 0.333659 0.000000
vt -0.452724 -0.212228 0.000000
vt -0.319837 0.384324 0.000000
vt -0.260470 0.426797 0.000000
vt -0.195552 0.460173 0.000000
vt -0.126467 0.483742 0.000000
vt -0.054686 0.497000 0.000000
vt 0.018261 0.499666 0.000000
vt 0.090818 0.491683 0.000000
vt 0.161440 0.473220 0.000000
vt 0.228621 0.444671 0.000000
vt 0.290929 0.406645 0.000000
vt 0.347037 0.359952 0.000000
vt 0.395748 0.305587 0.000000
vt 0.436025 0.244709 0.000000
vt 0.467008 0.178615 0.000000
vt 0.488038 0.108715 0.000000
vt 0.498666 0.036498 0.000000
vt 0.498666 -0.036498 0.000000
vt 0.488038 -0.108715 0.000000
vt 0.467008 -0.178615 0.000000
vt 0.436025 -0.244709 0.000000
vt -0.416999 -0.275884 0.000000
vt 0.395748 -0.305587 0.000000
vt -0.372386 -0.333659 0.000000
vt 0.347037 -0.359952 0.000000
vt -0.319837 -0.384324 0.000000
vt 0.290929 -0.406645 0.000000
vt -0.260470 -0.426797 0.000000
vt 0.228621 -0.444671 0.000000
vt -0.195552 -0.460173 0.000000
vt 0.161440 -0.473220 0.000000
vt -0.126467 -0.483742 0.000000
vt 0.090818 -0.491683 0.000000
vt -0.054686 -0.497000 0.000000
vt 0.018261 -0.499666 0.000000
vt -0.500000 0.000000 0.000000
vt -0.494672 -0.072801 0.000000
vt -0.494672 0.072801 0.000000
vt -0.478800 0.144050 0.000000
vt -0.478800 -0.144050 0.000000
vt -0.452724 0.212228 0.000000
vt -0.416999 0.275884 0.000000
vt -0.372386 0.333659 0.000000
vt -0.452724 -0.212228 0.000000
vt -0.319837 0.384324 0.000000
vt -0.260470 0.426797 0.000000
vt -0.195552 0.460173 0.000000
vt -0.126467 0.483742 0.000000
vt -0.054686 0.497000 0.000000
vt 0.018261 0.499666 0.000000
vt 0.090818 0.491683 0.000000
vt 0.161440 0.473220 0.000000
vt 0.228621 0.444671 0.000000
vt 0.290929 0.406645 0.000000
vt 0.347037 0.359952 0.000000
vt 0.395748 0.305587 0.000000
vt 0.436025 0.244709 0.000000
vt 0.467008 0.178615 0.000000
vt 0.488038 0.108715 0.000000
vt 0.498666 0.036498 0.000000
vt 0.498666 -0.036498 0.000000
vt 0.488038 -0.108715 0.000000
vt 0.467008 -0.178615 0.000000
vt 0.436025 -0.244709 0.000000
vt -0.416999 -0.275884 0.000000
vt 0.395748 -0.305587 0.000000
vt -0.372386 -0.333659 0.000000
vt 0.347037 -0.359952 0.000000
vt -0.319837 -0.384324 0.000000
vt 0.290929 -0.406645 0.000000
vt -0.260470 -0.426797 0.000000
vt 0.228621 -0.444671 0.000000
vt -0.195552 -0.460173 0.000000
vt 0.161440 -0.473220 0.000000
vt -0.126467 -0.483742 0.000000
vt 0.090818 -0.491683 0.000000
vt -0.054686 -0.497000 0.000000
vt 0.018261 -0.499666 0.000000
vt -0.500000 0.000000 0.000000
vt -0.494672 -0.072801 0.000000
vt -0.494672 0.072801 0.000000
vt -0.478800 0.144050 0.000000
vt -0.478800 -0.144050 0.000000
vt -0.452724 0.212228 0.000000
vt -0.416999 0.275884 0.000000
vt -0.372386 0.333659 0.000000
vt -0.452724 -0.212228 0.000000
vt -0.319837 0.384324 0.000000
vt -0.260470 0.426797 0.000000
vt -0.195552 0.460173 0.000000
vt -0.126467 0.483742 0.000000
vt -0.054686 0.497000 0.000000
vt 0.018261 0.499666 0.000000
vt 0.090818 0.491683 0.000000
vt 0.161440 0.473220 0.000000
vt 0.228621 0.444671 0.000000
vt 0.290929 0.406645 0.000000
vt 0.347037 0.359952 0.000000
vt 0.395748 0.305587 0.000000
vt 0.436025 0.244709 0.000000
vt 0.467008 0.178615 0.000000
vt 0.488038 0.108715 0.000000
vt 0.498666 0.036498 0.000000
vt 0.498666 -0.036498 0.000000
vt 0.488038 -0.108715 0.000000
vt 0.467008 -0.178615 0.000000
vt 0.436025 -0.244709 0.000000
vt -0.416999 -0.275884 0.000000
vt 0.395748 -0.305587 0.000000
vt -0.372386 -0.333659 0.000000
vt 0.347037 -0.359952 0.000000
vt -0.319837 -0.384324 0.000000
vt 0.290929 -0.406645 0.000000
vt -0.260470 -0.426797 0.000000
vt 0.228621 -0.444671 0.000000
vt -0.195552 -0.460173 0.000000
vt 0.161440 -0.473220 0.000000
vt -0.126467 -0.483742 0.000000
vt 0.090818 -0.491683 0.000000
vt -0.054686 -0.497000 0.000000
vt 0.018261 -0.499666 0.000000
vt -0.500000 0.000000 0.000000
vt -0.494672 -0.072801 0.000000
vt -0.494672 0.072801 0.000000
vt -0.478800 0.144050 0.000000
vt -0.478800 -0.144050 0.000000
vt -0.452724 0.212228 0.000000
vt -0.416999 0.275884 0.000000
vt -0.372386 0.333659 0.000000
vt -0.452724 -0.212228 0.000000
vt -0.319837 0.384324 0.000000
vt -0.260470 0.426797 0.000000
vt -0.195552 0.460173 0.000000
vt -0.126467 0.483742 0.000000
vt -0.054686 0.497000 0.000000
vt 0.018261 0.499666 0.000000
vt 0.090818 0.491683 0.000000
vt 0.161440 0.473220 0.000000
vt 0.228621 0.444671 0.000000
vt 0.290929 0.406645 0.000000
vt 0.347037 0.359952 0.000000
vt 0.395748 0.305587 0.000000
vt 0.436025 0.244709 0.000000
vt 0.467008 0.178615 0.000000
vt 0.488038 0.108715 0.000000
vt 0.498666 0.036498 0.000000
vt 0.498666 -0.036498 0.000000
vt 0.488038 -0.108715 0.000000
vt 0.467008 -0.178615 0.000000
vt 0.436025 -0.244709 0.000000
vt -0.416999 -0.275884 0.000000
vt 0.395748 -0.305587 0.000000
vt -0.372386 -0.333659 0.000000
vt 0.347037 -0.359952 0.000000
vt -0.319837 -0.384324 0.000000
vt 0.290929 -0.406645 0.000000
vt -0.260470 -0.426797 0.000000
vt 0.228621 -0.444671 0.000000
vt -0.195552 -0.460173 0.000000
vt 0.161440 -0.473220 0.000000
vt -0.126467 -0.483742 0.000000
vt 0.090818 -0.491683 0.000000
vt -0.054686 -0.497000 0.000000
vt 0.018261 -0.499666 0.000000
vt -0.500000 0.000000 0.000000
vt -0.494672 -0.072801 0.000000
vt -0.494672 0.072801 0.000000
vt -0.478800 0.144050 0.000000
vt -0.478800 -0.144050 0.000000
vt -0.452724 0.212228 0.000000
vt -0.416999 0.275884 0.000000
vt -0.372386 0.333659 0.000000
vt -0.452724 -0.212228 0.000000
vt -0.319837 0.384324 0.000000
vt -0.260470 0.426797 0.000000
vt -0.195552 0.460173 0.000000
vt -0.126467 0.483742 0.000000
vt -0.054686 0.497000 0.000000
vt 0.018261 0.499666 0.000000
vt 0.090818 0.491683 0.000000
vt 0.161440 0.473220 0.000000
vt 0.228621 0.444671 0.000000
vt 0.290929 0.406645 0.000000
vt 0.347037 0.359952 0.000000
vt 0.395748 0.305587 0.000000
vt 0.436025 0.244709 0.000000
vt 0.467008 0.178615 0.000000
vt 0.488038 0.108715 0.000000
vt 0.498666 0.036498 0.000000
vt 0.498666 -0.036498 0.000000
vt 0.488038 -0.108715 0.000000
vt 0.467008 -0.178615 0.000000
vt 0.436025 -0.244709 0.000000
vt -0.416999 -0.275884 0.000000
vt 0.395748 -0.305587 0.000000
vt -0.372386 -0.333659 0.000000
vt 0.347037 -0.359952 0.000000
vt -0.319837 -0.384324 0.000000
vt 0.290929 -0.406645 0.000000
vt -0.260470 -0.426797 0.000000
vt 0.228621 -0.444671 0.000000
vt -0.195552 -0.460173 0.000000
vt 0.161440 -0.473220 0.000000
vt -0.126467 -0.483742 0.000000
vt 0.090818 -0.491683 0.000000
vt -0.054686 -0.497000 0.000000
vt 0.018261 -0.499666 0.000000
vt -0.500000 0.000000 0.000000
vt -0.494672 -0.072801 0.000000
vt -0.494672 0.072801 0.000000
vt -0.478800 0.144050 0.000000
vt -0.478800 -0.144050 0.000000
vt -0.452724 0.212228 0.000000
vt -0.416999 0.275884 0.000000
vt -0.372386 0.333659 0.000000
vt -0.452724 -0.212228 0.000000
vt -0.319837 0.384324 0.000000
vt -0.260470 0.426797 0.000000
vt -0.195552 0.460173 0.000000
vt -0.126467 0.483742 0.000000
vt -0.054686 0.497000 0.000000
vt 0.018261 0.499666 0.000000
vt 0.090818 0.491683 0.000000
vt 0.161440 0.473220 0.000000
vt 0.228621 0.444671 0.000000
vt 0.290929 0.406645 0.000000
vt 0.347037 0.359952 0.000000
vt 0.395748 0.305587 0.000000
vt 0.436025 0.244709 0.000000
vt 0.467008 0.178615 0.000000
vt 0.488038 0.108715 0.000000
vt 0.498666 0.036498 0.000000
vt 0.498666 -0.036498 0.000000
vt 0.488038 -0.108715 0.000000
vt 0.467008 -0.178615 0.000000
vt 0.436025 -0.244709 0.000000
vt -0.416999 -0.275884 0.000000
vt 0.395748 -0.305587 0.000000
vt -0.372386 -0.333659 0.000000
vt 0.347037 -0.359952 0.000000
vt -0.319837 -0.384324 0.000000
vt 0.290929 -0.406645 0.000000
vt -0.260470 -0.426797 0.000000
vt 0.228621 -0.444671 0.000000
vt -0.195552 -0.460173 0.000000
vt 0.161440 -0.473220 0.000000
vt -0.126467 -0.483742 0.000000
vt 0.090818 -0.491683 0.000000
vt -0.054686 -0.497000 0.000000
vt 0.018261 -0.499666 0.000000
vt -0.500000 0.000000 0.000000
vt -0.494672 -0.072801 0.000000
vt -0.494672 0.072801 0.000000
vt -0.478800 0.144050 0.000000
vt -0.478800 -0.144050 0.000000
vt -0.452724 0.212228 0.000000
vt -0.416999 0.275884 0.000000
vt -0.372386 0.333659 0.000000
vt -0.452724 -0.212228 0.000000
vt -0.319837 0.384324 0.000000
vt -0.260470 0.426797 0.000000
vt -0.195552 0.460173 0.000000
vt -0.126467 0.483742 0.000000
vt -0.054686 0.497000 0.000000
vt 0.018261 0.499666 0.000000
vt 0.090818 0.491683 0.000000
vt 0.161440 0.473220 0.000000
vt 0.228621 0.444671 0.000000
vt 0.290929 0.406645 0.000000
vt 0.347037 0.359952 0.000000
vt 0.395748 0.305587 0.000000
vt 0.436025 0.244709 0.000000
vt 0.467008 0.178615 0.000000
vt 0.488038 0.108715 0.000000
vt 0.498666 0.036498 0.000000
vt 0.498666 -0.036498 0.000000
vt 0.488038 -0.108715 0.000000
vt 0.467008 -0.178615 0.000000
vt 0.436025 -0.244709 0.000000
vt -0.416999 -0.275884 0.000000
vt 0.395748 -0.305587 0.000000
vt -0.372386 -0.333659 0.000000
vt 0.347037 -0.359952 0.000000
vt -0.319837 -0.384324 0.000000
vt 0.290929 -0.406645 0.000000
vt -0.260470 -0.426797 0.000000
vt 0.228621 -0.444671 0.000000
vt -0.195552 -0.460173 0.000000
vt 0.161440 -0.473220 0.000000
vt -0.126467 -0.483742 0.000000
vt 0.090818 -0.491683 0.000000
vt -0.054686 -0.497000 0.000000
vt 0.018261 -0.499666 0.000000
vt -0.500000 -0.000000 0.000000
vt -0.494672 -0.072801 0.000000
vt -0.494672 0.072801 0.000000
vt -0.478800 0.144050 0.000000
vt -0.478800 -0.144050 0.000000
vt -0.452724 0.212228 0.000000
vt -0.416999 0.275884 0.000000
vt -0.372386 0.333659 0.000000
vt -0.452724 -0.212228 0.000000
vt -0.319837 0.384324 0.000000
vt -0.260470 0.426797 0.000000
vt -0.195552 0.460173 0.000000
vt -0.126467 0.483742 0.000000
vt -0.054686 0.497000 0.000000
vt 0.018261 0.499666 0.000000
vt 0.090818 0.491683 0.000000
vt 0.161440 0.473220 0.000000
vt 0.228621 0.444671 0.000000
vt 0.290929 0.406645 0.000000
vt 0.347037 0.359952 0.000000
vt 0.395748 0.305587 0.000000
vt 0.436025 0.244709 0.000000
vt 0.467008 0.178615 0.000000
vt 0.488038 0.108715 0.000000
vt 0.498666 0.036498 0.000000
vt 0.498666 -0.036498 0.000000
vt 0.488038 -0.108715 0.000000
vt 0.467008 -0.178615 0.000000
vt 0.436025 -0.244709 0.000000
vt -0.416999 -0.275884 0.000000
vt 0.395748 -0.305587 0.000000
vt -0.372386 -0.333659 0.000000
vt 0.347037 -0.359952 0.000000
vt -0.319837 -0.384324 0.000000
vt 0.290929 -0.406645 0.000000
vt -0.260470 -0.426797 0.000000
vt 0.228621 -0.444671 0.000000
vt -0.195552 -0.460173 0.000000
vt 0.161440 -0.473220 0.000000
vt -0.126467 -0.483742 0.000000
vt 0.090818 -0.491683 0.000000
vt -0.054686 -0.497000 0.000000
vt 0.018261 -0.499666 0.000000
vt -0.500000 0.000000 0.000000
vt -0.494672 -0.072801 0.000000
vt -0.494672 0.072801 0.000000
vt -0.478800 0.144050 0.000000
vt -0.478800 -0.144050 0.000000
vt -0.452724 0.212228 0.000000
vt -0.416999 0.275884 0.000000
vt -0.372386 0.333659 0.000000
vt -0.452724 -0.212228 0.000000
vt -0.319837 0.384324 0.000000
vt -0.260470 0.426797 0.000000
vt -0.195552 0.460173 0.000000
vt -0.126467 0.483742 0.000000
vt -0.054686 0.497000 0.000000
vt 0.018261 0.499666 0.000000
vt 0.090818 0.491683 0.000000
vt 0.161440 0.473220 0.000000
vt 0.228621 0.444671 0.000000
vt 0.290929 0.406645 0.000000
vt 0.347037 0.359952 0.000000
vt 0.395748 0.305587 0.000000
vt 0.436025 0.244709 0.000000
vt 0.467008 0.178615 0.000000
vt 0.488038 0.108715 0.000000
vt 0.498666 0.036498 0.000000
vt 0.498666 -0.036498 0.000000
vt 0.488038 -0.108715 0.000000
vt 0.467008 -0.178615 0.000000
vt 0.436025 -0.244709 0.000000
vt -0.416999 -0.275884 0.000000
vt 0.395748 -0.305587 0.000000
vt -0.372386 -0.333659 0.000000
vt 0.347037 -0.359952 0.000000
vt -0.319837 -0.384324 0.000000
vt 0.290929 -0.406645 0.000000
vt -0.260470 -0.426797 0.000000
vt 0.228621 -0.444671 0.000000
vt -0.195552 -0.460173 0.000000
vt 0.161440 -0.473220 0.000000
vt -0.126467 -0.483742 0.000000
vt 0.090818 -0.491683 0.000000
vt -0.054686 -0.497000 0.000000
vt 0.018261 -0.499666 0.000000
vt -0.500000 0.000000 0.000000
vt -0.494672 -0.072801 0.000000
vt -0.494672 0.072801 0.000000
vt -0.478800 0.144050 0.000000
vt -0.478800 -0.144050 0.000000
vt -0.452724 0.212228 0.000000
vt -0.416999 0.275884 0.000000
vt -0.372386 0.333659 0.000000
vt -0.452724 -0.212228 0.000000
vt -0.319837 0.384324 0.000000
vt -0.260470 0.426797 0.000000
vt -0.195552 0.460173 0.000000
vt -0.126467 0.483742 0.000000
vt -0.054686 0.497000 0.000000
vt 0.018261 0.499666 0.000000
vt 0.090818 0.491683 0.000000
vt 0.161440 0.473220 0.000000
vt 0.228621 0.444671 0.000000
vt 0.290929 0.406645 0.000000
vt 0.347037 0.359952 0.000000
vt 0.395748 0.305587 0.000000
vt 0.436025 0.244709 0.000000
vt 0.467008 0.178615 0.000000
vt 0.488038 0.108715 0.000000
vt 0.498666 0.036498 0.000000
vt 0.498666 -0.036498 0.000000
vt 0.488038 -0.108715 0.000000
vt 0.467008 -0.178615 0.000000
vt 0.436025 -0.244709 0.000000
vt -0.416999 -0.275884 0.000000
vt 0.395748 -0.305587 0.000000
vt -0.372386 -0.333659 0.000000
vt 0.347037 -0.359952 0.000000
vt -0.319837 -0.384324 0.000000
vt 0.290929 -0.406645 0.000000
vt -0.260470 -0.426797 0.000000
vt 0.228621 -0.444671 0.000000
vt -0.195552 -0.460173 0.000000
vt 0.161440 -0.473220 0.000000
vt -0.126467 -0.483742 0.000000
vt 0.090818 -0.491683 0.000000
vt -0.054686 -0.497000 0.000000
vt 0.018261 -0.499666 0.000000
vt -0.500000 0.000000 0.000000
vt -0.494672 -0.072801 0.000000
vt -0.494672 0.072801 0.000000
vt -0.478800 0.144050 0.000000
vt -0.478800 -0.144050 0.000000
vt -0.452724 0.212228 0.000000
vt -0.416999 0.275884 0.000000
vt -0.372386 0.333659 0.000000
vt -0.452724 -0.212228 0.000000
vt -0.319837 0.384324 0.000000
vt -0.260470 0.426797 0.000000
vt -0.195552 0.460173 0.000000
vt -0.126467 0.483742 0.000000
vt -0.054686 0.497000 0.000000
vt 0.018261 0.499666 0.000000
vt 0.090818 0.491683 0.000000
vt 0.161440 0.473220 0.000000
vt 0.228621 0.444671 0.000000
vt 0.290929 0.406645 0.000000
vt 0.347037 0.359952 0.000000
vt 0.395748 0.305587 0.000000
vt 0.436025 0.244709 0.000000
vt 0.467008 0.178615 0.000000
vt 0.488038 0.108715 0.000000
vt 0.498666 0.036498 0.000000
vt 0.498666 -0.036498 0.000000
vt 0.488038 -0.108715 0.000000
vt 0.467008 -0.178615 0.000000
vt 0.436025 -0.244709 0.000000
vt -0.416999 -0.275884 0.000000
vt 0.395748 -0.305587 0.000000
vt -0.372386 -0.333659 0.000000
vt 0.347037 -0.359952 0.000000
vt -0.319837 -0.384324 0.000000
vt 0.290929 -0.406645 0.000000
vt -0.260470 -0.426797 0.000000
vt 0.228621 -0.444671 0.000000
vt -0.195552 -0.460173 0.000000
vt 0.161440 -0.473220 0.000000
vt -0.126467 -0.483742 0.000000
vt 0.090818 -0.491683 0.000000
vt -0.054686 -0.497000 0.000000
vt 0.018261 -0.499666 0.000000
vt 0.100000 -1.497736 0.000000
vt 0.000000 -1.497736 0.000000
vt 0.100000 -1.570796 0.000000
vt 0.000000 -1.570796 0.000000
vt 0.100000 1.570796 0.000000
vt 0.000000 1.570796 0.000000
vt 0.100000 1.497736 0.000000
vt 0.000000 1.497736 0.000000
vt 0.100000 1.424676 0.000000
vt 0.000000 1.424676 0.000000
vt 0.100000 1.351615 0.000000
vt 0.000000 1.351615 0.000000
vt 0.100000 1.278555 0.000000
vt 0.000000 1.278555 0.000000
vt 0.100000 1.205495 0.000000
vt 0.000000 1.205495 0.000000
vt 0.100000 1.132435 0.000000
vt 0.000000 1.132435 0.000000
vt 0.100000 1.059374 0.000000
vt 0.000000 1.059374 0.000000
vt 0.100000 0.986314 0.000000
vt 0.000000 0.986314 0.000000
vt 0.100000 0.913254 0.000000
vt 0.000000 0.913254 0.000000
vt 0.100000 0.840193 0.000000
vt 0.000000 0.840193 0.000000
vt 0.100000 0.767133 0.000000
vt 0.000000 0.767133 0.000000
vt 0.100000 0.694073 0.000000
vt 0.000000 0.694073 0.000000
vt 0.100000 0.621013 0.000000
vt 0.000000 0.621013 0.000000
vt 0.100000 0.547952 0.000000
vt 0.000000 0.547952 0.000000
vt 0.100000 0.474892 0.000000
vt 0.000000 0.474892 0.000000
vt 0.100000 0.401832 0.000000
vt 0.000000 0.401832 0.000000
vt 0.100000 0.328771 0.000000
vt 0.000000 0.328771 0.000000
vt 0.100000 0.255711 0.000000
vt 0.000000 0.255711 0.000000
vt 0.100000 0.182651 0.000000
vt 0.000000 0.182651 0.000000
vt 0.100000 0.109590 0.000000
vt 0.000000 0.109590 0.000000
vt 0.100000 0.036530 0.000000
vt 0.000000 0.036530 0.000000
vt 0.100000 -0.036530 0.000000
vt 0.000000 -0.036530 0.000000
vt 0.100000 -0.109590 0.000000
vt 0.000000 -0.109590 0.000000
vt 0.100000 -0.182651 0.000000
vt 0.000000 -0.182651 0.000000
vt 0.100000 -0.255711 0.000000
vt 0.000000 -0.255711 0.000000
vt 0.100000 -0.328771 0.000000
vt 0.000000 -0.328771 0.000000
vt 0.100000 -0.401832 0.000000
vt 0.000000 -0.401832 0.000000
vt 0.100000 -0.474892 0.000000
vt 0.000000 -0.474892 0.000000
vt 0.100000 -0.547952 0.000000
vt 0.000000 -0.547952 0.000000
vt 0.100000 -0.621013 0.000000
vt 0.000000 -0.621013 0.000000
vt 0.100000 -0.694073 0.000000
vt 0.000000 -0.694073 0.000000
vt 0.100000 -0.767133 0.000000
vt 0.000000 -0.767133 0.000000
vt 0.100000 -0.840193 0.000000
vt 0.000000 -0.840193 0.000000
vt 0.100000 -0.913254 0.000000
vt 0.000000 -0.913254 0.000000
vt 0.100000 -0.986314 0.000000
vt 0.000000 -0.986314 0.000000
vt 0.100000 -1.059374 0.000000
vt 0.000000 -1.059374 0.000000
vt 0.100000 -1.132435 0.000000
vt 0.000000 -1.132435 0.000000
vt 0.100000 -1.205495 0.000000
vt 0.000000 -1.205495 0.000000
vt 0.100000 -1.278555 0.000000
vt 0.000000 -1.278555 0.000000
vt 0.100000 -1.351615 0.000000
vt 0.000000 -1.351615 0.000000
vt 0.100000 -1.424676 0.000000
vt 0.000000 -1.424676 0.000000
vt -0.500000 -0.000000 0.000000
vt -0.494672 -0.072801 0.000000
vt -0.494672 0.072801 0.000000
vt -0.478800 0.144050 0.000000
vt -0.478800 -0.144050 0.000000
vt -0.452724 0.212228 0.000000
vt -0.416999 0.275884 0.000000
vt -0.372386 0.333659 0.000000
vt -0.452724 -0.212228 0.000000
vt -0.319837 0.384324 0.000000
vt -0.260470 0.426797 0.000000
vt -0.195552 0.460173 0.000000
vt -0.126467 0.483742 0.000000
vt -0.054686 0.497000 0.000000
vt 0.018261 0.499666 0.000000
vt 0.090818 0.491683 0.000000
vt 0.161440 0.473220 0.000000
vt 0.228621 0.444671 0.000000
vt 0.290929 0.406645 0.000000
vt 0.347037 0.359952 0.000000
vt 0.395748 0.305587 0.000000
vt 0.436025 0.244709 0.000000
vt 0.467008 0.178615 0.000000
vt 0.488038 0.108715 0.000000
vt 0.498666 0.036498 0.000000
vt 0.498666 -0.036498 0.000000
vt 0.488038 -0.108715 0.000000
vt 0.467008 -0.178615 0.000000
vt 0.436025 -0.244709 0.000000
vt -0.416999 -0.275884 0.000000
vt 0.395748 -0.305587 0.000000
vt -0.372386 -0.333659 0.000000
vt 0.347037 -0.359952 0.000000
vt -0.319837 -0.384324 0.000000
vt 0.290929 -0.406645 0.000000
vt -0.260470 -0.426797 0.000000
vt 0.228621 -0.444671 0.000000
vt -0.195552 -0.460173 0.000000
vt 0.161440 -0.473220 0.000000
vt -0.126467 -0.483742 0.000000
vt 0.090818 -0.491683 0.000000
vt -0.054686 -0.497000 0.000000
vt 0.018261 -0.499666 0.000000
vt 0.100000 -1.497736 0.000000
vt 0.000000 -1.497736 0.000000
vt 0.100000 -1.570796 0.000000
vt 0.000000 -1.570796 0.000000
vt 0.100000 1.570796 0.000000
vt 0.000000 1.570796 0.000000
vt 0.100000 1.497736 0.000000
vt 0.000000 1.497736 0.000000
vt 0.100000 1.424676 0.000000
vt 0.000000 1.424676 0.000000
vt 0.100000 1.351615 0.000000
vt 0.000000 1.351615 0.000000
vt 0.100000 1.278555 0.000000
vt 0.000000 1.278555 0.000000
vt 0.100000 1.205495 0.000000
vt 0.000000 1.205495 0.000000
vt 0.100000 1.132435 0.000000
vt 0.000000 1.132435 0.000000
vt 0.100000 1.059374 0.000000
vt 0.000000 1.059374 0.000000
vt 0.100000 0.986314 0.000000
vt 0.000000 0.986314 0.000000
vt 0.100000 0.913254 0.000000
vt 0.000000 0.913254 0.000000
vt 0.100000 0.840193 0.000000
vt 0.000000 0.840193 0.000000
vt 0.100000 0.767133 0.000000
vt 0.000000 0.767133 0.000000
vt 0.100000 0.694073 0.000000
vt 0.000000 0.694073 0.000000
vt 0.100000 0.621013 0.000000
vt 0.000000 0.621013 0.000000
vt 0.100000 0.547952 0.000000
vt 0.000000 0.547952 0.000000
vt 0.100000 0.474892 0.000000
vt 0.000000 0.474892 0.000000
vt 0.100000 0.401832 0.000000
vt 0.000000 0.401832 0.000000
vt 0.100000 0.328771 0.000000
vt 0.000000 0.328771 0.000000
vt 0.100000 0.255711 0.000000
vt 0.000000 0.255711 0.000000
vt 0.100000 0.182651 0.000000
vt 0.000000 0.182651 0.000000
vt 0.100000 0.109590 0.000000
vt 0.000000 0.109590 0.000000
vt 0.100000 0.036530 0.000000
vt 0.000000 0.036530 0.000000
vt 0.100000 -0.036530 0.000000
vt 0.000000 -0.036530 0.000000
vt 0.100000 -0.109590 0.000000
vt 0.000000 -0.109590 0.000000
vt 0.100000 -0.182651 0.000000
vt 0.000000 -0.182651 0.000000
vt 0.100000 -0.255711 0.000000
vt 0.000000 -0.255711 0.000000
vt 0.100000 -0.328771 0.000000
vt 0.000000 -0.328771 0.000000
vt 0.100000 -0.401832 0.000000
vt 0.000000 -0.401832 0.000000
vt 0.100000 -0.474892 0.000000
vt 0.000000 -0.474892 0.000000
vt 0.100000 -0.547952 0.000000
vt 0.000000 -0.547952 0.000000
vt 0.100000 -0.621013 0.000000
vt 0.000000 -0.621013 0.000000
vt 0.100000 -0.694073 0.000000
vt 0.000000 -0.694073 0.000000
vt 0.100000 -0.767133 0.000000
vt 0.000000 -0.767133 0.000000
vt 0.100000 -0.840193 0.000000
vt 0.000000 -0.840193 0.000000
vt 0.100000 -0.913254 0.000000
vt 0.000000 -0.913254 0.000000
vt 0.100000 -0.986314 0.000000
vt 0.000000 -0.986314 0.000000
vt 0.100000 -1.059374 0.000000
vt 0.000000 -1.059374 0.000000
vt 0.100000 -1.132435 0.000000
vt 0.000000 -1.132435 0.000000
vt 0.100000 -1.205495 0.000000
vt 0.000000 -1.205495 0.000000
vt 0.100000 -1.278555 0.000000
vt 0.000000 -1.278555 0.000000
vt 0.100000 -1.351615 0.000000
vt 0.000000 -1.351615 0.000000
vt 0.100000 -1.424676 0.000000
vt 0.000000 -1.424676 0.000000
vt 0.200000 -1.497736 0.000000
vt 0.000000 -1.497736 0.000000
vt 0.200000 -1.570796 0.000000
vt 0.000000 -1.570796 0.000000
vt 0.200000 1.570796 0.000000
vt 0.000000 1.570796 0.000000
vt 0.200000 1.497736 0.000000
vt 0.000000 1.497736 0.000000
vt 0.200000 1.424676 0.000000
vt 0.000000 1.424676 0.000000
vt 0.200000 1.351615 0.000000
vt 0.000000 1.351615 0.000000
vt 0.200000 1.278555 0.000000
vt 0.000000 1.278555 0.000000
vt 0.200000 1.205495 0.000000
vt 0.000000 1.205495 0.000000
vt 0.200000 1.132435 0.000000
vt 0.000000 1.132435 0.000000
vt 0.200000 1.059374 0.000000
vt 0.000000 1.059374 0.000000
vt 0.200000 0.986314 0.000000
vt 0.000000 0.986314 0.000000
vt 0.200000 0.913254 0.000000
vt 0.000000 0.913254 0.000000
vt 0.200000 0.840193 0.000000
vt 0.000000 0.840193 0.000000
vt 0.200000 0.767133 0.000000
vt 0.000000 0.767133 0.000000
vt 0.200000 0.694073 0.000000
vt 0.000000 0.694073 0.000000
vt 0.200000 0.621013 0.000000
vt 0.000000 0.621013 0.000000
vt 0.200000 0.547952 0.000000
vt 0.000000 0.547952 0.000000
vt 0.200000 0.474892 0.000000
vt 0.000000 0.474892 0.000000
vt 0.200000 0.401832 0.000000
vt 0.000000 0.401832 0.000000
vt 0.200000 0.328771 0.000000
vt 0.000000 0.328771 0.000000
vt 0.200000 0.255711 0.000000
vt 0.000000 0.255711 0.000000
vt 0.200000 0.182651 0.000000
vt 0.000000 0.182651 0.000000
vt 0.200000 0.109590 0.000000
vt 0.000000 0.109590 0.000000
vt 0.200000 0.036530 0.000000
vt 0.000000 0.036530 0.000000
vt 0.200000 -0.036530 0.000000
vt 0.000000 -0.036530 0.000000
vt 0.200000 -0.109590 0.000000
vt 0.000000 -0.109590 0.000000
vt 0.200000 -0.182651 0.000000
vt 0.000000 -0.182651 0.000000
vt 0.200000 -0.255711 0.000000
vt 0.000000 -0.255711 0.000000
vt 0.200000 -0.328771 0.000000
vt 0.000000 -0.328771 0.000000
vt 0.200000 -0.401832 0.000000
vt 0.000000 -0.401832 0.000000
vt 0.200000 -0.474892 0.000000
vt 0.000000 -0.474892 0.000000
vt 0.200000 -0.547952 0.000000
vt 0.000000 -0.547952 0.000000
vt 0.200000 -0.621013 0.000000
vt 0.000000 -0.621013 0.000000
vt 0.200000 -0.694073 0.000000
vt 0.000000 -0.694073 0.000000
vt 0.200000 -0.767133 0.000000
vt 0.000000 -0.767133 0.000000
vt 0.200000 -0.840193 0.000000
vt 0.000000 -0.840193 0.000000
vt 0.200000 -0.913254 0.000000
vt 0.000000 -0.913254 0.000000
vt 0.200000 -0.986314 0.000000
vt 0.000000 -0.986314 0.000000
vt 0.200000 -1.059374 0.000000
vt 0.000000 -1.059374 0.000000
vt 0.200000 -1.132435 0.000000
vt 0.000000 -1.132435 0.000000
vt 0.200000 -1.205495 0.000000
vt 0.000000 -1.205495 0.000000
vt 0.200000 -1.278555 0.000000
vt 0.000000 -1.278555 0.000000
vt 0.200000 -1.351615 0.000000
vt 0.000000 -1.351615 0.000000
vt 0.200000 -1.424676 0.000000
vt 0.000000 -1.424676 0.000000
vt -0.500000 -0.000000 0.000000
vt -0.494672 -0.072801 0.000000
vt -0.494672 0.072801 0.000000
vt -0.478800 0.144050 0.000000
vt -0.478800 -0.144050 0.000000
vt -0.452724 0.212228 0.000000
vt -0.416999 0.275884 0.000000
vt -0.372386 0.333659 0.000000
vt -0.452724 -0.212228 0.000000
vt -0.319837 0.384324 0.000000
vt -0.260470 0.426797 0.000000
vt -0.195552 0.460173 0.000000
vt -0.126467 0.483742 0.000000
vt -0.054686 0.497000 0.000000
vt 0.018261 0.499666 0.000000
vt 0.090818 0.491683 0.000000
vt 0.161440 0.473220 0.000000
vt 0.228621 0.444671 0.000000
vt 0.290929 0.406645 0.000000
vt 0.347037 0.359952 0.000000
vt 0.395748 0.305587 0.000000
vt 0.436025 0.244709 0.000000
vt 0.467008 0.178615 0.000000
vt 0.488038 0.108715 0.000000
vt 0.498666 0.036498 0.000000
vt 0.498666 -0.036498 0.000000
vt 0.488038 -0.108715 0.000000
vt 0.467008 -0.178615 0.000000
vt 0.436025 -0.244709 0.000000
vt -0.416999 -0.275884 0.000000
vt 0.395748 -0.305587 0.000000
vt -0.372386 -0.333659 0.000000
vt 0.347037 -0.359952 0.000000
vt -0.319837 -0.384324 0.000000
vt 0.290929 -0.406645 0.000000
vt -0.260470 -0.426797 0.000000
vt 0.228621 -0.444671 0.000000
vt -0.195552 -0.460173 0.000000
vt 0.161440 -0.473220 0.000000
vt -0.126467 -0.483742 0.000000
vt 0.090818 -0.491683 0.000000
vt -0.054686 -0.497000 0.000000
vt 0.018261 -0.499666 0.000000
vt 0.100000 -1.497736 0.000000
vt 0.000000 -1.497736 0.000000
vt 0.100000 -1.570796 0.000000
vt 0.000000 -1.570796 0.000000
vt 0.100000 1.570796 0.000000
vt 0.000000 1.570796 0.000000
vt 0.100000 1.497736 0.000000
vt 0.000000 1.497736 0.000000
vt 0.100000 1.424676 0.000000
vt 0.000000 1.424676 0.000000
vt 0.100000 1.351615 0.000000
vt 0.000000 1.351615 0.000000
vt 0.100000 1.278555 0.000000
vt 0.000000 1.278555 0.000000
vt 0.100000 1.205495 0.000000
vt 0.000000 1.205495 0.000000
vt 0.100000 1.132435 0.000000
vt 0.000000 1.132435 0.000000
vt 0.100000 1.059374 0.000000
vt 0.000000 1.059374 0.000000
vt 0.100000 0.986314 0.000000
vt 0.000000 0.986314 0.000000
vt 0.100000 0.913254 0.000000
vt 0.000000 0.913254 0.000000
vt 0.100000 0.840193 0.000000
vt 0.000000 0.840193 0.000000
vt 0.100000 0.767133 0.000000
vt 0.000000 0.767133 0.000000
vt 0.100000 0.694073 0.000000
vt 0.000000 0.694073 0.000000
vt 0.100000 0.621013 0.000000
vt 0.000000 0.621013 0.000000
vt 0.100000 0.547952 0.000000
vt 0.000000 0.547952 0.000000
vt 0.100000 0.474892 0.000000
vt 0.000000 0.474892 0.000000
vt 0.100000 0.401832 0.000000
vt 0.000000 0.401832 0.000000
vt 0.100000 0.328771 0.000000
vt 0.000000 0.328771 0.000000
vt 0.100000 0.255711 0.000000
vt 0.000000 0.255711 0.000000
vt 0.100000 0.182651 0.000000
vt 0.000000 0.182651 0.000000
vt 0.100000 0.109590 0.000000
vt 0.000000 0.109590 0.000000
vt 0.100000 0.036530 0.000000
vt 0.000000 0.036530 0.000000
vt 0.100000 -0.036530 0.000000
vt 0.000000 -0.036530 0.000000
vt 0.100000 -0.109590 0.000000
vt 0.000000 -0.109590 0.000000
vt 0.100000 -0.182651 0.000000
vt 0.000000 -0.182651 0.000000
vt 0.100000 -0.255711 0.000000
vt 0.000000 -0.255711 0.000000
vt 0.100000 -0.328771 0.000000
vt 0.000000 -0.328771 0.000000
vt 0.100000 -0.401832 0.000000
vt 0.000000 -0.401832 0.000000
vt 0.100000 -0.474892 0.000000
vt 0.000000 -0.474892 0.000000
vt 0.100000 -0.547952 0.000000
vt 0.000000 -0.547952 0.000000
vt 0.100000 -0.621013 0.000000
vt 0.000000 -0.621013 0.000000
vt 0.100000 -0.694073 0.000000
vt 0.000000 -0.694073 0.000000
vt 0.100000 -0.767133 0.000000
vt 0.000000 -0.767133 0.000000
vt 0.100000 -0.840193 0.000000
vt 0.000000 -0.840193 0.000000
vt 0.100000 -0.913254 0.000000
vt 0.000000 -0.913254 0.000000
vt 0.100000 -0.986314 0.000000
vt 0.000000 -0.986314 0.000000
vt 0.100000 -1.059374 0.000000
vt 0.000000 -1.059374 0.000000
vt 0.100000 -1.132435 0.000000
vt 0.000000 -1.132435 0.000000
vt 0.100000 -1.205495 0.000000
vt 0.000000 -1.205495 0.000000
vt 0.100000 -1.278555 0.000000
vt 0.000000 -1.278555 0.000000
vt 0.100000 -1.351615 0.000000
vt 0.000000 -1.351615 0.000000
vt 0.100000 -1.424676 0.000000
vt 0.000000 -1.424676 0.000000
vt 0.100000 -1.497736 0.000000
vt 0.000000 -1.497736 0.000000
vt 0.100000 -1.570796 0.000000
vt 0.000000 -1.570796 0.000000
vt 0.100000 1.570796 0.000000
vt 0.000000 1.570796 0.000000
vt 0.100000 1.497736 0.000000
vt 0.000000 1.497736 0.000000
vt 0.100000 1.424676 0.000000
vt 0.000000 1.424676 0.000000
vt 0.100000 1.351615 0.000000
vt 0.000000 1.351615 0.000000
vt 0.100000 1.278555 0.000000
vt 0.000000 1.278555 0.000000
vt 0.100000 1.205495 0.000000
vt 0.000000 1.205495 0.000000
vt 0.100000 1.132435 0.000000
vt 0.000000 1.132435 0.000000
vt 0.100000 1.059374 0.000000
vt 0.000000 1.059374 0.000000
vt 0.100000 0.986314 0.000000
vt 0.000000 0.986314 0.000000
vt 0.100000 0.913254 0.000000
vt 0.000000 0.913254 0.000000
vt 0.100000 0.840193 0.000000
vt 0.000000 0.840193 0.000000
vt 0.100000 0.767133 0.000000
vt -0.000000 0.767133 0.000000
vt 0.100000 0.694073 0.000000
vt -0.000000 0.694073 0.000000
vt 0.100000 0.621013 0.000000
vt -0.000000 0.621013 0.000000
vt 0.100000 0.547952 0.000000
vt -0.000000 0.547952 0.000000
vt 0.100000 0.474892 0.000000
vt -0.000000 0.474892 0.000000
vt 0.100000 0.401832 0.000000
vt -0.000000 0.401832 0.000000
vt 0.100000 0.328771 0.000000
vt -0.000000 0.328771 0.000000
vt 0.100000 0.255711 0.000000
vt -0.000000 0.255711 0.000000
vt 0.100000 0.182651 0.000000
vt -0.000000 0.182651 0.000000
vt 0.100000 0.109590 0.000000
vt -0.000000 0.109590 0.000000
vt 0.100000 0.036530 0.000000
vt -0.000000 0.036530 0.000000
vt 0.100000 -0.036530 0.000000
vt 0.000000 -0.036530 0.000000
vt 0.100000 -0.109590 0.000000
vt 0.000000 -0.109590 0.000000
vt 0.100000 -0.182651 0.000000
vt 0.000000 -0.182651 0.000000
vt 0.100000 -0.255711 0.000000
vt 0.000000 -0.255711 0.000000
vt 0.100000 -0.328771 0.000000
vt 0.000000 -0.328771 0.000000
vt 0.100000 -0.401832 0.000000
vt 0.000000 -0.401832 0.000000
vt 0.100000 -0.474892 0.000000
vt 0.000000 -0.474892 0.000000
vt 0.100000 -0.547952 0.000000
vt 0.000000 -0.547952 0.000000
vt 0.100000 -0.621013 0.000000
vt 0.000000 -0.621013 0.000000
vt 0.100000 -0.694073 0.000000
vt 0.000000 -0.694073 0.000000
vt 0.100000 -0.767133 0.000000
vt 0.000000 -0.767133 0.000000
vt 0.100000 -0.840193 0.000000
vt 0.000000 -0.840193 0.000000
vt 0.100000 -0.913254 0.000000
vt 0.000000 -0.913254 0.000000
vt 0.100000 -0.986314 0.000000
vt 0.000000 -0.986314 0.000000
vt 0.100000 -1.059374 0.000000
vt 0.000000 -1.059374 0.000000
vt 0.100000 -1.132435 0.000000
vt 0.000000 -1.132435 0.000000
vt 0.100000 -1.205495 0.000000
vt 0.000000 -1.205495 0.000000
vt 0.100000 -1.278555 0.000000
vt 0.000000 -1.278555 0.000000
vt 0.100000 -1.351615 0.000000
vt 0.000000 -1.351615 0.000000
vt 0.100000 -1.424676 0.000000
vt 0.000000 -1.424676 0.000000
vt 0.100000 -1.497736 0.000000
vt 0.000000 -1.497736 0.000000
vt 0.100000 -1.570796 0.000000
vt 0.000000 -1.570796 0.000000
vt 0.100000 1.570796 0.000000
vt 0.000000 1.570796 0.000000
vt 0.100000 1.497736 0.000000
vt 0.000000 1.497736 0.000000
vt 0.100000 1.424676 0.000000
vt 0.000000 1.424676 0.000000
vt 0.100000 1.351615 0.000000
vt 0.000000 1.351615 0.000000
vt 0.100000 1.278555 0.000000
vt 0.000000 1.278555 0.000000
vt 0.100000 1.205495 0.000000
vt 0.000000 1.205495 0.000000
vt 0.100000 1.132435 0.000000
vt 0.000000 1.132435 0.000000
vt 0.100000 1.059374 0.000000
vt 0.000000 1.059374 0.000000
vt 0.100000 0.986314 0.000000
vt 0.000000 0.986314 0.000000
vt 0.100000 0.913254 0.000000
vt 0.000000 0.913254 0.000000
vt 0.100000 0.840193 0.000000
vt 0.000000 0.840193 0.000000
vt 0.100000 0.767133 0.000000
vt -0.000000 0.767133 0.000000
vt 0.100000 0.694073 0.000000
vt -0.000000 0.694073 0.000000
vt 0.100000 0.621013 0.000000
vt 0.000000 0.621013 0.000000
vt 0.100000 0.547952 0.000000
vt -0.000000 0.547952 0.000000
vt 0.100000 0.474892 0.000000
vt -0.000000 0.474892 0.000000
vt 0.100000 0.401832 0.000000
vt -0.000000 0.401832 0.000000
vt 0.100000 0.328771 0.000000
vt -0.000000 0.328771 0.000000
vt 0.100000 0.255711 0.000000
vt -0.000000 0.255711 0.000000
vt 0.100000 0.182651 0.000000
vt -0.000000 0.182651 0.000000
vt 0.100000 0.109590 0.000000
vt 0.000000 0.109590 0.000000
vt 0.100000 0.036530 0.000000
vt -0.000000 0.036530 0.000000
vt 0.100000 -0.036530 0.000000
vt 0.000000 -0.036530 0.000000
vt 0.100000 -0.109590 0.000000
vt 0.000000 -0.109590 0.000000
vt 0.100000 -0.182651 0.000000
vt 0.000000 -0.182651 0.000000
vt 0.100000 -0.255711 0.000000
vt 0.000000 -0.255711 0.000000
vt 0.100000 -0.328771 0.000000
vt 0.000000 -0.328771 0.000000
vt 0.100000 -0.401832 0.000000
vt 0.000000 -0.401832 0.000000
vt 0.100000 -0.474892 0.000000
vt 0.000000 -0.474892 0.000000
vt 0.100000 -0.547952 0.000000
vt 0.000000 -0.547952 0.000000
vt 0.100000 -0.621013 0.000000
vt 0.000000 -0.621013 0.000000
vt 0.100000 -0.694073 0.000000
vt 0.000000 -0.694073 0.000000
vt 0.100000 -0.767133 0.000000
vt 0.000000 -0.767133 0.000000
vt 0.100000 -0.840193 0.000000
vt 0.000000 -0.840193 0.000000
vt 0.100000 -0.913254 0.000000
vt 0.000000 -0.913254 0.000000
vt 0.100000 -0.986314 0.000000
vt 0.000000 -0.986314 0.000000
vt 0.100000 -1.059374 0.000000
vt 0.000000 -1.059374 0.000000
vt 0.100000 -1.132435 0.000000
vt 0.000000 -1.132435 0.000000
vt 0.100000 -1.205495 0.000000
vt 0.000000 -1.205495 0.000000
vt 0.100000 -1.278555 0.000000
vt 0.000000 -1.278555 0.000000
vt 0.100000 -1.351615 0.000000
vt 0.000000 -1.351615 0.000000
vt 0.100000 -1.424676 0.000000
vt 0.000000 -1.424676 0.000000
vt 0.100000 -1.497736 0.000000
vt 0.000000 -1.497736 0.000000
vt 0.100000 -1.570796 0.000000
vt 0.000000 -1.570796 0.000000
vt 0.100000 1.570796 0.000000
vt 0.000000 1.570796 0.000000
vt 0.100000 1.497736 0.000000
vt 0.000000 1.497736 0.000000
vt 0.100000 1.424676 0.000000
vt 0.000000 1.424676 0.000000
vt 0.100000 1.351615 0.000000
vt 0.000000 1.351615 0.000000
vt 0.100000 1.278555 0.000000
vt 0.000000 1.278555 0.000000
vt 0.100000 1.205495 0.000000
vt 0.000000 1.205495 0.000000
vt 0.100000 1.132435 0.000000
vt 0.000000 1.132435 0.000000
vt 0.100000 1.059374 0.000000
vt 0.000000 1.059374 0.000000
vt 0.100000 0.986314 0.000000
vt 0.000000 0.986314 0.000000
vt 0.100000 0.913254 0.000000
vt 0.000000 0.913254 0.000000
vt 0.100000 0.840193 0.000000
vt 0.000000 0.840193 0.000000
vt 0.100000 0.767133 0.000000
vt -0.000000 0.767133 0.000000
vt 0.100000 0.694073 0.000000
vt -0.000000 0.694073 0.000000
vt 0.100000 0.621013 0.000000
vt 0.000000 0.621013 0.000000
vt 0.100000 0.547952 0.000000
vt -0.000000 0.547952 0.000000
vt 0.100000 0.474892 0.000000
vt -0.000000 0.474892 0.000000
vt 0.100000 0.401832 0.000000
vt -0.000000 0.401832 0.000000
vt 0.100000 0.328771 0.000000
vt -0.000000 0.328771 0.000000
vt 0.100000 0.255711 0.000000
vt -0.000000 0.255711 0.000000
vt 0.100000 0.182651 0.000000
vt -0.000000 0.182651 0.000000
vt 0.100000 0.109590 0.000000
vt 0.000000 0.109590 0.000000
vt 0.100000 0.036530 0.000000
vt -0.000000 0.036530 0.000000
vt 0.100000 -0.036530 0.000000
vt 0.000000 -0.036530 0.000000
vt 0.100000 -0.109590 0.000000
vt 0.000000 -0.109590 0.000000
vt 0.100000 -0.182651 0.000000
vt 0.000000 -0.182651 0.000000
vt 0.100000 -0.255711 0.000000
vt 0.000000 -0.255711 0.000000
vt 0.100000 -0.328771 0.000000
vt 0.000000 -0.328771 0.000000
vt 0.100000 -0.401832 0.000000
vt 0.000000 -0.401832 0.000000
vt 0.100000 -0.474892 0.000000
vt 0.000000 -0.474892 0.000000
vt 0.100000 -0.547952 0.000000
vt 0.000000 -0.547952 0.000000
vt 0.100000 -0.621013 0.000000
vt 0.000000 -0.621013 0.000000
vt 0.100000 -0.694073 0.000000
vt 0.000000 -0.694073 0.000000
vt 0.100000 -0.767133 0.000000
vt 0.000000 -0.767133 0.000000
vt 0.100000 -0.840193 0.000000
vt 0.000000 -0.840193 0.000000
vt 0.100000 -0.913254 0.000000
vt 0.000000 -0.913254 0.000000
vt 0.100000 -0.986314 0.000000
vt 0.000000 -0.986314 0.000000
vt 0.100000 -1.059374 0.000000
vt 0.000000 -1.059374 0.000000
vt 0.100000 -1.132435 0.000000
vt 0.000000 -1.132435 0.000000
vt 0.100000 -1.205495 0.000000
vt 0.000000 -1.205495 0.000000
vt 0.100000 -1.278555 0.000000
vt 0.000000 -1.278555 0.000000
vt 0.100000 -1.351615 0.000000
vt 0.000000 -1.351615 0.000000
vt 0.100000 -1.424676 0.000000
vt 0.000000 -1.424676 0.000000
vt 0.100000 -1.497736 0.000000
vt 0.000000 -1.497736 0.000000
vt 0.100000 -1.570796 0.000000
vt 0.000000 -1.570796 0.000000
vt 0.100000 1.570796 0.000000
vt 0.000000 1.570796 0.000000
vt 0.100000 1.497736 0.000000
vt 0.000000 1.497736 0.000000
vt 0.100000 1.424676 0.000000
vt 0.000000 1.424676 0.000000
vt 0.100000 1.351615 0.000000
vt 0.000000 1.351615 0.000000
vt 0.100000 1.278555 0.000000
vt 0.000000 1.278555 0.000000
vt 0.100000 1.205495 0.000000
vt 0.000000 1.205495 0.000000
vt 0.100000 1.132435 0.000000
vt 0.000000 1.132435 0.000000
vt 0.100000 1.059374 0.000000
vt 0.000000 1.059374 0.000000
vt 0.100000 0.986314 0.000000
vt 0.000000 0.986314 0.000000
vt 0.100000 0.913254 0.000000
vt 0.000000 0.913254 0.000000
vt 0.100000 0.840193 0.000000
vt 0.000000 0.840193 0.000000
vt 0.100000 0.767133 0.000000
vt -0.000000 0.767133 0.000000
vt 0.100000 0.694073 0.000000
vt -0.000000 0.694073 0.000000
vt 0.100000 0.621013 0.000000
vt 0.000000 0.621013 0.000000
vt 0.100000 0.547952 0.000000
vt -0.000000 0.547952 0.000000
vt 0.100000 0.474892 0.000000
vt -0.000000 0.474892 0.000000
vt 0.100000 0.401832 0.000000
vt -0.000000 0.401832 0.000000
vt 0.100000 0.328771 0.000000
vt -0.000000 0.328771 0.000000
vt 0.100000 0.255711 0.000000
vt -0.000000 0.255711 0.000000
vt 0.100000 0.182651 0.000000
vt -0.000000 0.182651 0.000000
vt 0.100000 0.109590 0.000000
vt 0.000000 0.109590 0.000000
vt 0.100000 0.036530 0.000000
vt -0.000000 0.036530 0.000000
vt 0.100000 -0.036530 0.000000
vt 0.000000 -0.036530 0.000000
vt 0.100000 -0.109590 0.000000
vt 0.000000 -0.109590 0.000000
vt 0.100000 -0.182651 0.000000
vt 0.000000 -0.182651 0.000000
vt 0.100000 -0.255711 0.000000
vt 0.000000 -0.255711 0.000000
vt 0.100000 -0.328771 0.000000
vt 0.000000 -0.328771 0.000000
vt 0.100000 -0.401832 0.000000
vt 0.000000 -0.401832 0.000000
vt 0.100000 -0.474892 0.000000
vt 0.000000 -0.474892 0.000000
vt 0.100000 -0.547952 0.000000
vt 0.000000 -0.547952 0.000000
vt 0.100000 -0.621013 0.000000
vt 0.000000 -0.621013 0.000000
vt 0.100000 -0.694073 0.000000
vt 0.000000 -0.694073 0.000000
vt 0.100000 -0.767133 0.000000
vt 0.000000 -0.767133 0.000000
vt 0.100000 -0.840193 0.000000
vt 0.000000 -0.840193 0.000000
vt 0.100000 -0.913254 0.000000
vt 0.000000 -0.913254 0.000000
vt 0.100000 -0.986314 0.000000
vt 0.000000 -0.986314 0.000000
vt 0.100000 -1.059374 0.000000
vt 0.000000 -1.059374 0.000000
vt 0.100000 -1.132435 0.000000
vt 0.000000 -1.132435 0.000000
vt 0.100000 -1.205495 0.000000
vt 0.000000 -1.205495 0.000000
vt 0.100000 -1.278555 0.000000
vt 0.000000 -1.278555 0.000000
vt 0.100000 -1.351615 0.000000
vt 0.000000 -1.351615 0.000000
vt 0.100000 -1.424676 0.000000
vt 0.000000 -1.424676 0.000000
vt 0.100000 -1.497736 0.000000
vt 0.000000 -1.497736 0.000000
vt 0.100000 -1.570796 0.000000
vt 0.000000 -1.570796 0.000000
vt 0.100000 1.570796 0.000000
vt 0.000000 1.570796 0.000000
vt 0.100000 1.497736 0.000000
vt 0.000000 1.497736 0.000000
vt 0.100000 1.424676 0.000000
vt 0.000000 1.424676 0.000000
vt 0.100000 1.351615 0.000000
vt 0.000000 1.351615 0.000000
vt 0.100000 1.278555 0.000000
vt 0.000000 1.278555 0.000000
vt 0.100000 1.205495 0.000000
vt 0.000000 1.205495 0.000000
vt 0.100000 1.132435 0.000000
vt 0.000000 1.132435 0.000000
vt 0.100000 1.059374 0.000000
vt 0.000000 1.059374 0.000000
vt 0.100000 0.986314 0.000000
vt 0.000000 0.986314 0.000000
vt 0.100000 0.913254 0.000000
vt 0.000000 0.913254 0.000000
vt 0.100000 0.840193 0.000000
vt 0.000000 0.840193 0.000000
vt 0.100000 0.767133 0.000000
vt -0.000000 0.767133 0.000000
vt 0.100000 0.694073 0.000000
vt -0.000000 0.694073 0.000000
vt 0.100000 0.621013 0.000000
vt 0.000000 0.621013 0.000000
vt 0.100000 0.547952 0.000000
vt -0.000000 0.547952 0.000000
vt 0.100000 0.474892 0.000000
vt -0.000000 0.474892 0.000000
vt 0.100000 0.401832 0.000000
vt -0.000000 0.401832 0.000000
vt 0.100000 0.328771 0.000000
vt -0.000000 0.328771 0.000000
vt 0.100000 0.255711 0.000000
vt -0.000000 0.255711 0.000000
vt 0.100000 0.182651 0.000000
vt -0.000000 0.182651 0.000000
vt 0.100000 0.109590 0.000000
vt 0.000000 0.109590 0.000000
vt 0.100000 0.036530 0.000000
vt -0.000000 0.036530 0.000000
vt 0.100000 -0.036530 0.000000
vt 0.000000 -0.036530 0.000000
vt 0.100000 -0.109590 0.000000
vt 0.000000 -0.109590 0.000000
vt 0.100000 -0.182651 0.000000
vt 0.000000 -0.182651 0.000000
vt 0.100000 -0.255711 0.000000
vt 0.000000 -0.255711 0.000000
vt 0.100000 -0.328771 0.000000
vt 0.000000 -0.328771 0.000000
vt 0.100000 -0.401832 0.000000
vt 0.000000 -0.401832 0.000000
vt 0.100000 -0.474892 0.000000
vt 0.000000 -0.474892 0.000000
vt 0.100000 -0.547952 0.000000
vt 0.000000 -0.547952 0.000000
vt 0.100000 -0.621013 0.000000
vt 0.000000 -0.621013 0.000000
vt 0.100000 -0.694073 0.000000
vt 0.000000 -0.694073 0.000000
vt 0.100000 -0.767133 0.000000
vt 0.000000 -0.767133 0.000000
vt 0.100000 -0.840193 0.000000
vt 0.000000 -0.840193 0.000000
vt 0.100000 -0.913254 0.000000
vt 0.000000 -0.913254 0.000000
vt 0.100000 -0.986314 0.000000
vt 0.000000 -0.986314 0.000000
vt 0.100000 -1.059374 0.000000
vt 0.000000 -1.059374 0.000000
vt 0.100000 -1.132435 0.000000
vt 0.000000 -1.132435 0.000000
vt 0.100000 -1.205495 0.000000
vt 0.000000 -1.205495 0.000000
vt 0.100000 -1.278555 0.000000
vt 0.000000 -1.278555 0.000000
vt 0.100000 -1.351615 0.000000
vt 0.000000 -1.351615 0.000000
vt 0.100000 -1.424676 0.000000
vt 0.000000 -1.424676 0.000000
vt 0.100000 -1.497736 0.000000
vt 0.000000 -1.497736 0.000000
vt 0.100000 -1.570796 0.000000
vt 0.000000 -1.570796 0.000000
vt 0.100000 1.570796 0.000000
vt 0.000000 1.570796 0.000000
vt 0.100000 1.497736 0.000000
vt -0.000000 1.497736 0.000000
vt 0.100000 1.424676 0.000000
vt -0.000000 1.424676 0.000000
vt 0.100000 1.351615 0.000000
vt -0.000000 1.351615 0.000000
vt 0.100000 1.278555 0.000000
vt -0.000000 1.278555 0.000000
vt 0.100000 1.205495 0.000000
vt -0.000000 1.205495 0.000000
vt 0.100000 1.132435 0.000000
vt -0.000000 1.132435 0.000000
vt 0.100000 1.059374 0.000000
vt 0.000000 1.059374 0.000000
vt 0.100000 0.986314 0.000000
vt -0.000000 0.986314 0.000000
vt 0.100000 0.913254 0.000000
vt -0.000000 0.913254 0.000000
vt 0.100000 0.840193 0.000000
vt -0.000000 0.840193 0.000000
vt 0.100000 0.767133 0.000000
vt 0.000000 0.767133 0.000000
vt 0.100000 0.694073 0.000000
vt 0.000000 0.694073 0.000000
vt 0.100000 0.621013 0.000000
vt 0.000000 0.621013 0.000000
vt 0.100000 0.547952 0.000000
vt 0.000000 0.547952 0.000000
vt 0.100000 0.474892 0.000000
vt 0.000000 0.474892 0.000000
vt 0.100000 0.401832 0.000000
vt 0.000000 0.401832 0.000000
vt 0.100000 0.328771 0.000000
vt 0.000000 0.328771 0.000000
vt 0.100000 0.255711 0.000000
vt 0.000000 0.255711 0.000000
vt 0.100000 0.182651 0.000000
vt 0.000000 0.182651 0.000000
vt 0.100000 0.109590 0.000000
vt 0.000000 0.109590 0.000000
vt 0.100000 0.036530 0.000000
vt 0.000000 0.036530 0.000000
vt 0.100000 -0.036530 0.000000
vt 0.000000 -0.036530 0.000000
vt 0.100000 -0.109590 0.000000
vt 0.000000 -0.109590 0.000000
vt 0.100000 -0.182651 0.000000
vt 0.000000 -0.182651 0.000000
vt 0.100000 -0.255711 0.000000
vt 0.000000 -0.255711 0.000000
vt 0.100000 -0.328771 0.000000
vt 0.000000 -0.328771 0.000000
vt 0.100000 -0.401832 0.000000
vt 0.000000 -0.401832 0.000000
vt 0.100000 -0.474892 0.000000
vt 0.000000 -0.474892 0.000000
vt 0.100000 -0.547952 0.000000
vt 0.000000 -0.547952 0.000000
vt 0.100000 -0.621013 0.000000
vt 0.000000 -0.621013 0.000000
vt 0.100000 -0.694073 0.000000
vt 0.000000 -0.694073 0.000000
vt 0.100000 -0.767133 0.000000
vt 0.000000 -0.767133 0.000000
vt 0.100000 -0.840193 0.000000
vt 0.000000 -0.840193 0.000000
vt 0.100000 -0.913254 0.000000
vt 0.000000 -0.913254 0.000000
vt 0.100000 -0.986314 0.000000
vt 0.000000 -0.986314 0.000000
vt 0.100000 -1.059374 0.000000
vt 0.000000 -1.059374 0.000000
vt 0.100000 -1.132435 0.000000
vt 0.000000 -1.132435 0.000000
vt 0.100000 -1.205495 0.000000
vt 0.000000 -1.205495 0.000000
vt 0.100000 -1.278555 0.000000
vt 0.000000 -1.278555 0.000000
vt 0.100000 -1.351615 0.000000
vt 0.000000 -1.351615 0.000000
vt 0.100000 -1.424676 0.000000
vt 0.000000 -1.424676 0.000000
vt 0.100000 -1.497736 0.000000
vt 0.000000 -1.497736 0.000000
vt 0.100000 -1.570796 0.000000
vt 0.000000 -1.570796 0.000000
vt 0.100000 1.570796 0.000000
vt 0.000000 1.570796 0.000000
vt 0.100000 1.497736 0.000000
vt -0.000000 1.497736 0.000000
vt 0.100000 1.424676 0.000000
vt -0.000000 1.424676 0.000000
vt 0.100000 1.351615 0.000000
vt -0.000000 1.351615 0.000000
vt 0.100000 1.278555 0.000000
vt -0.000000 1.278555 0.000000
vt 0.100000 1.205495 0.000000
vt -0.000000 1.205495 0.000000
vt 0.100000 1.132435 0.000000
vt -0.000000 1.132435 0.000000
vt 0.100000 1.059374 0.000000
vt 0.000000 1.059374 0.000000
vt 0.100000 0.986314 0.000000
vt -0.000000 0.986314 0.000000
vt 0.100000 0.913254 0.000000
vt -0.000000 0.913254 0.000000
vt 0.100000 0.840193 0.000000
vt -0.000000 0.840193 0.000000
vt 0.100000 0.767133 0.000000
vt 0.000000 0.767133 0.000000
vt 0.100000 0.694073 0.000000
vt 0.000000 0.694073 0.000000
vt 0.100000 0.621013 0.000000
vt 0.000000 0.621013 0.000000
vt 0.100000 0.547952 0.000000
vt 0.000000 0.547952 0.000000
vt 0.100000 0.474892 0.000000
vt 0.000000 0.474892 0.000000
vt 0.100000 0.401832 0.000000
vt 0.000000 0.401832 0.000000
vt 0.100000 0.328771 0.000000
vt 0.000000 0.328771 0.000000
vt 0.100000 0.255711 0.000000
vt 0.000000 0.255711 0.000000
vt 0.100000 0.182651 0.000000
vt 0.000000 0.182651 0.000000
vt 0.100000 0.109590 0.000000
vt 0.000000 0.109590 0.000000
vt 0.100000 0.036530 0.000000
vt 0.000000 0.036530 0.000000
vt 0.100000 -0.036530 0.000000
vt 0.000000 -0.036530 0.000000
vt 0.100000 -0.109590 0.000000
vt 0.000000 -0.109590 0.000000
vt 0.100000 -0.182651 0.000000
vt 0.000000 -0.182651 0.000000
vt 0.100000 -0.255711 0.000000
vt 0.000000 -0.255711 0.000000
vt 0.100000 -0.328771 0.000000
vt 0.000000 -0.328771 0.000000
vt 0.100000 -0.401832 0.000000
vt 0.000000 -0.401832 0.000000
vt 0.100000 -0.474892 0.000000
vt 0.000000 -0.474892 0.000000
vt 0.100000 -0.547952 0.000000
vt 0.000000 -0.547952 0.000000
vt 0.100000 -0.621013 0.000000
vt 0.000000 -0.621013 0.000000
vt 0.100000 -0.694073 0.000000
vt 0.000000 -0.694073 0.000000
vt 0.100000 -0.767133 0.000000
vt 0.000000 -0.767133 0.000000
vt 0.100000 -0.840193 0.000000
vt 0.000000 -0.840193 0.000000
vt 0.100000 -0.913254 0.000000
vt 0.000000 -0.913254 0.000000
vt 0.100000 -0.986314 0.000000
vt 0.000000 -0.986314 0.000000
vt 0.100000 -1.059374 0.000000
vt 0.000000 -1.059374 0.000000
vt 0.100000 -1.132435 0.000000
vt 0.000000 -1.132435 0.000000
vt 0.100000 -1.205495 0.000000
vt 0.000000 -1.205495 0.000000
vt 0.100000 -1.278555 0.000000
vt 0.000000 -1.278555 0.000000
vt 0.100000 -1.351615 0.000000
vt 0.000000 -1.351615 0.000000
vt 0.100000 -1.424676 0.000000
vt 0.000000 -1.424676 0.000000
vt 0.100000 -1.497736 0.000000
vt 0.000000 -1.497736 0.000000
vt 0.100000 -1.570796 0.000000
vt 0.000000 -1.570796 0.000000
vt 0.100000 1.570796 0.000000
vt 0.000000 1.570796 0.000000
vt 0.100000 1.497736 0.000000
vt -0.000000 1.497736 0.000000
vt 0.100000 1.424676 0.000000
vt -0.000000 1.424676 0.000000
vt 0.100000 1.351615 0.000000
vt -0.000000 1.351615 0.000000
vt 0.100000 1.278555 0.000000
vt -0.000000 1.278555 0.000000
vt 0.100000 1.205495 0.000000
vt -0.000000 1.205495 0.000000
vt 0.100000 1.132435 0.000000
vt -0.000000 1.132435 0.000000
vt 0.100000 1.059374 0.000000
vt 0.000000 1.059374 0.000000
vt 0.100000 0.986314 0.000000
vt -0.000000 0.986314 0.000000
vt 0.100000 0.913254 0.000000
vt -0.000000 0.913254 0.000000
vt 0.100000 0.840193 0.000000
vt -0.000000 0.840193 0.000000
vt 0.100000 0.767133 0.000000
vt 0.000000 0.767133 0.000000
vt 0.100000 0.694073 0.000000
vt 0.000000 0.694073 0.000000
vt 0.100000 0.621013 0.000000
vt 0.000000 0.621013 0.000000
vt 0.100000 0.547952 0.000000
vt 0.000000 0.547952 0.000000
vt 0.100000 0.474892 0.000000
vt 0.000000 0.474892 0.000000
vt 0.100000 0.401832 0.000000
vt 0.000000 0.401832 0.000000
vt 0.100000 0.328771 0.000000
vt 0.000000 0.328771 0.000000
vt 0.100000 0.255711 0.000000
vt 0.000000 0.255711 0.000000
vt 0.100000 0.182651 0.000000
vt 0.000000 0.182651 0.000000
vt 0.100000 0.109590 0.000000
vt 0.000000 0.109590 0.000000
vt 0.100000 0.036530 0.000000
vt 0.000000 0.036530 0.000000
vt 0.100000 -0.036530 0.000000
vt 0.000000 -0.036530 0.000000
vt 0.100000 -0.109590 0.000000
vt 0.000000 -0.109590 0.000000
vt 0.100000 -0.182651 0.000000
vt 0.000000 -0.182651 0.000000
vt 0.100000 -0.255711 0.000000
vt 0.000000 -0.255711 0.000000
vt 0.100000 -0.328771 0.000000
vt 0.000000 -0.328771 0.000000
vt 0.100000 -0.401832 0.000000
vt 0.000000 -0.401832 0.000000
vt 0.100000 -0.474892 0.000000
vt 0.000000 -0.474892 0.000000
vt 0.100000 -0.547952 0.000000
vt 0.000000 -0.547952 0.000000
vt 0.100000 -0.621013 0.000000
vt 0.000000 -0.621013 0.000000
vt 0.100000 -0.694073 0.000000
vt 0.000000 -0.694073 0.000000
vt 0.100000 -0.767133 0.000000
vt 0.000000 -0.767133 0.000000
vt 0.100000 -0.840193 0.000000
vt 0.000000 -0.840193 0.000000
vt 0.100000 -0.913254 0.000000
vt 0.000000 -0.913254 0.000000
vt 0.100000 -0.986314 0.000000
vt 0.000000 -0.986314 0.000000
vt 0.100000 -1.059374 0.000000
vt 0.000000 -1.059374 0.000000
vt 0.100000 -1.132435 0.000000
vt 0.000000 -1.132435 0.000000
vt 0.100000 -1.205495 0.000000
vt 0.000000 -1.205495 0.000000
vt 0.100000 -1.278555 0.000000
vt 0.000000 -1.278555 0.000000
vt 0.100000 -1.351615 0.000000
vt 0.000000 -1.351615 0.000000
vt 0.100000 -1.424676 0.000000
vt 0.000000 -1.424676 0.000000
vt 0.100000 -1.497736 0.000000
vt 0.000000 -1.497736 0.000000
vt 0.100000 -1.570796 0.000000
vt 0.000000 -1.570796 0.000000
vt 0.100000 1.570796 0.000000
vt 0.000000 1.570796 0.000000
vt 0.100000 1.497736 0.000000
vt -0.000000 1.497736 0.000000
vt 0.100000 1.424676 0.000000
vt -0.000000 1.424676 0.000000
vt 0.100000 1.351615 0.000000
vt -0.000000 1.351615 0.000000
vt 0.100000 1.278555 0.000000
vt -0.000000 1.278555 0.000000
vt 0.100000 1.205495 0.000000
vt -0.000000 1.205495 0.000000
vt 0.100000 1.132435 0.000000
vt -0.000000 1.132435 0.000000
vt 0.100000 1.059374 0.000000
vt 0.000000 1.059374 0.000000
vt 0.100000 0.986314 0.000000
vt -0.000000 0.986314 0.000000
vt 0.100000 0.913254 0.000000
vt -0.000000 0.913254 0.000000
vt 0.100000 0.840193 0.000000
vt -0.000000 0.840193 0.000000
vt 0.100000 0.767133 0.000000
vt 0.000000 0.767133 0.000000
vt 0.100000 0.694073 0.000000
vt 0.000000 0.694073 0.000000
vt 0.100000 0.621013 0.000000
vt 0.000000 0.621013 0.000000
vt 0.100000 0.547952 0.000000
vt 0.000000 0.547952 0.000000
vt 0.100000 0.474892 0.000000
vt 0.000000 0.474892 0.000000
vt 0.100000 0.401832 0.000000
vt 0.000000 0.401832 0.000000
vt 0.100000 0.328771 0.000000
vt 0.000000 0.328771 0.000000
vt 0.100000 0.255711 0.000000
vt 0.000000 0.255711 0.000000
vt 0.100000 0.182651 0.000000
vt 0.000000 0.182651 0.000000
vt 0.100000 0.109590 0.000000
vt 0.000000 0.109590 0.000000
vt 0.100000 0.036530 0.000000
vt 0.000000 0.036530 0.000000
vt 0.100000 -0.036530 0.000000
vt 0.000000 -0.036530 0.000000
vt 0.100000 -0.109590 0.000000
vt 0.000000 -0.109590 0.000000
vt 0.100000 -0.182651 0.000000
vt 0.000000 -0.182651 0.000000
vt 0.100000 -0.255711 0.000000
vt 0.000000 -0.255711 0.000000
vt 0.100000 -0.328771 0.000000
vt 0.000000 -0.328771 0.000000
vt 0.100000 -0.401832 0.000000
vt 0.000000 -0.401832 0.000000
vt 0.100000 -0.474892 0.000000
vt 0.000000 -0.474892 0.000000
vt 0.100000 -0.547952 0.000000
vt 0.000000 -0.547952 0.000000
vt 0.100000 -0.621013 0.000000
vt 0.000000 -0.621013 0.000000
vt 0.100000 -0.694073 0.000000
vt 0.000000 -0.694073 0.000000
vt 0.100000 -0.767133 0.000000
vt 0.000000 -0.767133 0.000000
vt 0.100000 -0.840193 0.000000
vt 0.000000 -0.840193 0.000000
vt 0.100000 -0.913254 0.000000
vt 0.000000 -0.913254 0.000000
vt 0.100000 -0.986314 0.000000
vt 0.000000 -0.986314 0.000000
vt 0.100000 -1.059374 0.000000
vt 0.000000 -1.059374 0.000000
vt 0.100000 -1.132435 0.000000
vt 0.000000 -1.132435 0.000000
vt 0.100000 -1.205495 0.000000
vt 0.000000 -1.205495 0.000000
vt 0.100000 -1.278555 0.000000
vt 0.000000 -1.278555 0.000000
vt 0.100000 -1.351615 0.000000
vt 0.000000 -1.351615 0.000000
vt 0.100000 -1.424676 0.000000
vt 0.000000 -1.424676 0.000000
vt 0.100000 -1.497736 0.000000
vt 0.000000 -1.497736 0.000000
vt 0.100000 -1.570796 0.000000
vt 0.000000 -1.570796 0.000000
vt 0.100000 1.570796 0.000000
vt 0.000000 1.570796 0.000000
vt 0.100000 1.497736 0.000000
vt 0.000000 1.497736 0.000000
vt 0.100000 1.424676 0.000000
vt 0.000000 1.424676 0.000000
vt 0.100000 1.351615 0.000000
vt 0.000000 1.351615 0.000000
vt 0.100000 1.278555 0.000000
vt 0.000000 1.278555 0.000000
vt 0.100000 1.205495 0.000000
vt 0.000000 1.205495 0.000000
vt 0.100000 1.132435 0.000000
vt 0.000000 1.132435 0.000000
vt 0.100000 1.059374 0.000000
vt 0.000000 1.059374 0.000000
vt 0.100000 0.986314 0.000000
vt 0.000000 0.986314 0.000000
vt 0.100000 0.913254 0.000000
vt 0.000000 0.913254 0.000000
vt 0.100000 0.840193 0.000000
vt 0.000000 0.840193 0.000000
vt 0.100000 0.767133 0.000000
vt 0.000000 0.767133 0.000000
vt 0.100000 0.694073 0.000000
vt 0.000000 0.694073 0.000000
vt 0.100000 0.621013 0.000000
vt 0.000000 0.621013 0.000000
vt 0.100000 0.547952 0.000000
vt 0.000000 0.547952 0.000000
vt 0.100000 0.474892 0.000000
vt 0.000000 0.474892 0.000000
vt 0.100000 0.401832 0.000000
vt 0.000000 0.401832 0.000000
vt 0.100000 0.328771 0.000000
vt 0.000000 0.328771 0.000000
vt 0.100000 0.255711 0.000000
vt 0.000000 0.255711 0.000000
vt 0.100000 0.182651 0.000000
vt 0.000000 0.182651 0.000000
vt 0.100000 0.109590 0.000000
vt 0.000000 0.109590 0.000000
vt 0.100000 0.036530 0.000000
vt 0.000000 0.036530 0.000000
vt 0.100000 -0.036530 0.000000
vt 0.000000 -0.036530 0.000000
vt 0.100000 -0.109590 0.000000
vt 0.000000 -0.109590 0.000000
vt 0.100000 -0.182651 0.000000
vt 0.000000 -0.182651 0.000000
vt 0.100000 -0.255711 0.000000
vt 0.000000 -0.255711 0.000000
vt 0.100000 -0.328771 0.000000
vt 0.000000 -0.328771 0.000000
vt 0.100000 -0.401832 0.000000
vt 0.000000 -0.401832 0.000000
vt 0.100000 -0.474892 0.000000
vt 0.000000 -0.474892 0.000000
vt 0.100000 -0.547952 0.000000
vt 0.000000 -0.547952 0.000000
vt 0.100000 -0.621013 0.000000
vt 0.000000 -0.621013 0.000000
vt 0.100000 -0.694073 0.000000
vt 0.000000 -0.694073 0.000000
vt 0.100000 -0.767133 0.000000
vt 0.000000 -0.767133 0.000000
vt 0.100000 -0.840193 0.000000
vt 0.000000 -0.840193 0.000000
vt 0.100000 -0.913254 0.000000
vt 0.000000 -0.913254 0.000000
vt 0.100000 -0.986314 0.000000
vt 0.000000 -0.986314 0.000000
vt 0.100000 -1.059374 0.000000
vt 0.000000 -1.059374 0.000000
vt 0.100000 -1.132435 0.000000
vt 0.000000 -1.132435 0.000000
vt 0.100000 -1.205495 0.000000
vt 0.000000 -1.205495 0.000000
vt 0.100000 -1.278555 0.000000
vt 0.000000 -1.278555 0.000000
vt 0.100000 -1.351615 0.000000
vt 0.000000 -1.351615 0.000000
vt 0.100000 -1.424676 0.000000
vt 0.000000 -1.424676 0.000000
vt 0.100000 -1.497736 0.000000
vt 0.000000 -1.497736 0.000000
vt 0.100000 -1.570796 0.000000
vt 0.000000 -1.570796 0.000000
vt 0.100000 1.570796 0.000000
vt 0.000000 1.570796 0.000000
vt 0.100000 1.497736 0.000000
vt 0.000000 1.497736 0.000000
vt 0.100000 1.424676 0.000000
vt 0.000000 1.424676 0.000000
vt 0.100000 1.351615 0.000000
vt 0.000000 1.351615 0.000000
vt 0.100000 1.278555 0.000000
vt 0.000000 1.278555 0.000000
vt 0.100000 1.205495 0.000000
vt 0.000000 1.205495 0.000000
vt 0.100000 1.132435 0.000000
vt 0.000000 1.132435 0.000000
vt 0.100000 1.059374 0.000000
vt 0.000000 1.059374 0.000000
vt 0.100000 0.986314 0.000000
vt 0.000000 0.986314 0.000000
vt 0.100000 0.913254 0.000000
vt 0.000000 0.913254 0.000000
vt 0.100000 0.840193 0.000000
vt 0.000000 0.840193 0.000000
vt 0.100000 0.767133 0.000000
vt 0.000000 0.767133 0.000000
vt 0.100000 0.694073 0.000000
vt 0.000000 0.694073 0.000000
vt 0.100000 0.621013 0.000000
vt 0.000000 0.621013 0.000000
vt 0.100000 0.547952 0.000000
vt 0.000000 0.547952 0.000000
vt 0.100000 0.474892 0.000000
vt 0.000000 0.474892 0.000000
vt 0.100000 0.401832 0.000000
vt 0.000000 0.401832 0.000000
vt 0.100000 0.328771 0.000000
vt 0.000000 0.328771 0.000000
vt 0.100000 0.255711 0.000000
vt 0.000000 0.255711 0.000000
vt 0.100000 0.182651 0.000000
vt 0.000000 0.182651 0.000000
vt 0.100000 0.109590 0.000000
vt 0.000000 0.109590 0.000000
vt 0.100000 0.036530 0.000000
vt 0.000000 0.036530 0.000000
vt 0.100000 -0.036530 0.000000
vt 0.000000 -0.036530 0.000000
vt 0.100000 -0.109590 0.000000
vt 0.000000 -0.109590 0.000000
vt 0.100000 -0.182651 0.000000
vt 0.000000 -0.182651 0.000000
vt 0.100000 -0.255711 0.000000
vt 0.000000 -0.255711 0.000000
vt 0.100000 -0.328771 0.000000
vt 0.000000 -0.328771 0.000000
vt 0.100000 -0.401832 0.000000
vt 0.000000 -0.401832 0.000000
vt 0.100000 -0.474892 0.000000
vt 0.000000 -0.474892 0.000000
vt 0.100000 -0.547952 0.000000
vt 0.000000 -0.547952 0.000000
vt 0.100000 -0.621013 0.000000
vt 0.000000 -0.621013 0.000000
vt 0.100000 -0.694073 0.000000
vt 0.000000 -0.694073 0.000000
vt 0.100000 -0.767133 0.000000
vt 0.000000 -0.767133 0.000000
vt 0.100000 -0.840193 0.000000
vt 0.000000 -0.840193 0.000000
vt 0.100000 -0.913254 0.000000
vt 0.000000 -0.913254 0.000000
vt 0.100000 -0.986314 0.000000
vt 0.000000 -0.986314 0.000000
vt 0.100000 -1.059374 0.000000
vt 0.000000 -1.059374 0.000000
vt 0.100000 -1.132435 0.000000
vt 0.000000 -1.132435 0.000000
vt 0.100000 -1.205495 0.000000
vt 0.000000 -1.205495 0.000000
vt 0.100000 -1.278555 0.000000
vt 0.000000 -1.278555 0.000000
vt 0.100000 -1.351615 0.000000
vt 0.000000 -1.351615 0.000000
vt 0.100000 -1.424676 0.000000
vt 0.000000 -1.424676 0.000000
vt 0.100000 -1.497736 0.000000
vt 0.000000 -1.497736 0.000000
vt 0.100000 -1.570796 0.000000
vt 0.000000 -1.570796 0.000000
vt 0.100000 1.570796 0.000000
vt 0.000000 1.570796 0.000000
vt 0.100000 1.497736 0.000000
vt 0.000000 1.497736 0.000000
vt 0.100000 1.424676 0.000000
vt 0.000000 1.424676 0.000000
vt 0.100000 1.351615 0.000000
vt 0.000000 1.351615 0.000000
vt 0.100000 1.278555 0.000000
vt 0.000000 1.278555 0.000000
vt 0.100000 1.205495 0.000000
vt 0.000000 1.205495 0.000000
vt 0.100000 1.132435 0.000000
vt 0.000000 1.132435 0.000000
vt 0.100000 1.059374 0.000000
vt 0.000000 1.059374 0.000000
vt 0.100000 0.986314 0.000000
vt 0.000000 0.986314 0.000000
vt 0.100000 0.913254 0.000000
vt 0.000000 0.913254 0.000000
vt 0.100000 0.840193 0.000000
vt 0.000000 0.840193 0.000000
vt 0.100000 0.767133 0.000000
vt 0.000000 0.767133 0.000000
vt 0.100000 0.694073 0.000000
vt 0.000000 0.694073 0.000000
vt 0.100000 0.621013 0.000000
vt 0.000000 0.621013 0.000000
vt 0.100000 0.547952 0.000000
vt 0.000000 0.547952 0.000000
vt 0.100000 0.474892 0.000000
vt 0.000000 0.474892 0.000000
vt 0.100000 0.401832 0.000000
vt 0.000000 0.401832 0.000000
vt 0.100000 0.328771 0.000000
vt 0.000000 0.328771 0.000000
vt 0.100000 0.255711 0.000000
vt 0.000000 0.255711 0.000000
vt 0.100000 0.182651 0.000000
vt 0.000000 0.182651 0.000000
vt 0.100000 0.109590 0.000000
vt 0.000000 0.109590 0.000000
vt 0.100000 0.036530 0.000000
vt 0.000000 0.036530 0.000000
vt 0.100000 -0.036530 0.000000
vt -0.000000 -0.036530 0.000000
vt 0.100000 -0.109590 0.000000
vt -0.000000 -0.109590 0.000000
vt 0.100000 -0.182651 0.000000
vt -0.000000 -0.182651 0.000000
vt 0.100000 -0.255711 0.000000
vt -0.000000 -0.255711 0.000000
vt 0.100000 -0.328771 0.000000
vt -0.000000 -0.328771 0.000000
vt 0.100000 -0.401832 0.000000
vt -0.000000 -0.401832 0.000000
vt 0.100000 -0.474892 0.000000
vt -0.000000 -0.474892 0.000000
vt 0.100000 -0.547952 0.000000
vt -0.000000 -0.547952 0.000000
vt 0.100000 -0.621013 0.000000
vt -0.000000 -0.621013 0.000000
vt 0.100000 -0.694073 0.000000
vt -0.000000 -0.694073 0.000000
vt 0.100000 -0.767133 0.000000
vt -0.000000 -0.767133 0.000000
vt 0.100000 -0.840193 0.000000
vt 0.000000 -0.840193 0.000000
vt 0.100000 -0.913254 0.000000
vt 0.000000 -0.913254 0.000000
vt 0.100000 -0.986314 0.000000
vt 0.000000 -0.986314 0.000000
vt 0.100000 -1.059374 0.000000
vt 0.000000 -1.059374 0.000000
vt 0.100000 -1.132435 0.000000
vt 0.000000 -1.132435 0.000000
vt 0.100000 -1.205495 0.000000
vt 0.000000 -1.205495 0.000000
vt 0.100000 -1.278555 0.000000
vt 0.000000 -1.278555 0.000000
vt 0.100000 -1.351615 0.000000
vt 0.000000 -1.351615 0.000000
vt 0.100000 -1.424676 0.000000
vt 0.000000 -1.424676 0.000000
vt -0.500000 0.000000 0.000000
vt -0.494672 -0.072801 0.000000
vt -0.494672 0.072801 0.000000
vt -0.478800 0.144050 0.000000
vt -0.478800 -0.144050 0.000000
vt -0.452724 0.212228 0.000000
vt -0.416999 0.275884 0.000000
vt -0.372386 0.333659 0.000000
vt -0.452724 -0.212228 0.000000
vt -0.319837 0.384324 0.000000
vt -0.260470 0.426797 0.000000
vt -0.195552 0.460173 0.000000
vt -0.126467 0.483742 0.000000
vt -0.054686 0.497000 0.000000
vt 0.018261 0.499666 0.000000
vt 0.090818 0.491683 0.000000
vt 0.161440 0.473220 0.000000
vt 0.228621 0.444671 0.000000
vt 0.290929 0.406645 0.000000
vt 0.347037 0.359952 0.000000
vt 0.395748 0.305587 0.000000
vt 0.436025 0.244709 0.000000
vt 0.467008 0.178615 0.000000
vt 0.488038 0.108715 0.000000
vt 0.498666 0.036498 0.000000
vt 0.498666 -0.036498 0.000000
vt 0.488038 -0.108715 0.000000
vt 0.467008 -0.178615 0.000000
vt 0.436025 -0.244709 0.000000
vt -0.416999 -0.275884 0.000000
vt 0.395748 -0.305587 0.000000
vt -0.372386 -0.333659 0.000000
vt 0.347037 -0.359952 0.000000
vt -0.319837 -0.384324 0.000000
vt 0.290929 -0.406645 0.000000
vt -0.260470 -0.426797 0.000000
vt 0.228621 -0.444671 0.000000
vt -0.195552 -0.460173 0.000000
vt 0.161440 -0.473220 0.000000
vt -0.126467 -0.483742 0.000000
vt 0.090818 -0.491683 0.000000
vt -0.054686 -0.497000 0.000000
vt 0.018261 -0.499666 0.000000
vt 0.100000 -1.497736 0.000000
vt 0.000000 -1.497736 0.000000
vt 0.100000 -1.570796 0.000000
vt 0.000000 -1.570796 0.000000
vt 0.100000 1.570796 0.000000
vt 0.000000 1.570796 0.000000
vt 0.100000 1.497736 0.000000
vt 0.000000 1.497736 0.000000
vt 0.100000 1.424676 0.000000
vt 0.000000 1.424676 0.000000
vt 0.100000 1.351615 0.000000
vt 0.000000 1.351615 0.000000
vt 0.100000 1.278555 0.000000
vt 0.000000 1.278555 0.000000
vt 0.100000 1.205495 0.000000
vt 0.000000 1.205495 0.000000
vt 0.100000 1.132435 0.000000
vt 0.000000 1.132435 0.000000
vt 0.100000 1.059374 0.000000
vt 0.000000 1.059374 0.000000
vt 0.100000 0.986314 0.000000
vt 0.000000 0.986314 0.000000
vt 0.100000 0.913254 0.000000
vt 0.000000 0.913254 0.000000
vt 0.100000 0.840193 0.000000
vt 0.000000 0.840193 0.000000
vt 0.100000 0.767133 0.000000
vt 0.000000 0.767133 0.000000
vt 0.100000 0.694073 0.000000
vt 0.000000 0.694073 0.000000
vt 0.100000 0.621013 0.000000
vt 0.000000 0.621013 0.000000
vt 0.100000 0.547952 0.000000
vt 0.000000 0.547952 0.000000
vt 0.100000 0.474892 0.000000
vt 0.000000 0.474892 0.000000
vt 0.100000 0.401832 0.000000
vt 0.000000 0.401832 0.000000
vt 0.100000 0.328771 0.000000
vt 0.000000 0.328771 0.000000
vt 0.100000 0.255711 0.000000
vt 0.000000 0.255711 0.000000
vt 0.100000 0.182651 0.000000
vt 0.000000 0.182651 0.000000
vt 0.100000 0.109590 0.000000
vt 0.000000 0.109590 0.000000
vt 0.100000 0.036530 0.000000
vt 0.000000 0.036530 0.000000
vt 0.100000 -0.036530 0.000000
vt -0.000000 -0.036530 0.000000
vt 0.100000 -0.109590 0.000000
vt -0.000000 -0.109590 0.000000
vt 0.100000 -0.182651 0.000000
vt -0.000000 -0.182651 0.000000
vt 0.100000 -0.255711 0.000000
vt -0.000000 -0.255711 0.000000
vt 0.100000 -0.328771 0.000000
vt -0.000000 -0.328771 0.000000
vt 0.100000 -0.401832 0.000000
vt -0.000000 -0.401832 0.000000
vt 0.100000 -0.474892 0.000000
vt -0.000000 -0.474892 0.000000
vt 0.100000 -0.547952 0.000000
vt -0.000000 -0.547952 0.000000
vt 0.100000 -0.621013 0.000000
vt -0.000000 -0.621013 0.000000
vt 0.100000 -0.694073 0.000000
vt -0.000000 -0.694073 0.000000
vt 0.100000 -0.767133 0.000000
vt -0.000000 -0.767133 0.000000
vt 0.100000 -0.840193 0.000000
vt 0.000000 -0.840193 0.000000
vt 0.100000 -0.913254 0.000000
vt 0.000000 -0.913254 0.000000
vt 0.100000 -0.986314 0.000000
vt 0.000000 -0.986314 0.000000
vt 0.100000 -1.059374 0.000000
vt 0.000000 -1.059374 0.000000
vt 0.100000 -1.132435 0.000000
vt 0.000000 -1.132435 0.000000
vt 0.100000 -1.205495 0.000000
vt 0.000000 -1.205495 0.000000
vt 0.100000 -1.278555 0.000000
vt 0.000000 -1.278555 0.000000
vt 0.100000 -1.351615 0.000000
vt 0.000000 -1.351615 0.000000
vt 0.100000 -1.424676 0.000000
vt 0.000000 -1.424676 0.000000
vt -0.500000 0.000000 0.000000
vt -0.494672 -0.072801 0.000000
vt -0.494672 0.072801 0.000000
vt -0.478800 0.144050 0.000000
vt -0.478800 -0.144050 0.000000
vt -0.452724 0.212228 0.000000
vt -0.416999 0.275884 0.000000
vt -0.372386 0.333659 0.000000
vt -0.452724 -0.212228 0.000000
vt -0.319837 0.384324 0.000000
vt -0.260470 0.426797 0.000000
vt -0.195552 0.460173 0.000000
vt -0.126467 0.483742 0.000000
vt -0.054686 0.497000 0.000000
vt 0.018261 0.499666 0.000000
vt 0.090818 0.491683 0.000000
vt 0.161440 0.473220 0.000000
vt 0.228621 0.444671 0.000000
vt 0.290929 0.406645 0.000000
vt 0.347037 0.359952 0.000000
vt 0.395748 0.305587 0.000000
vt 0.436025 0.244709 0.000000
vt 0.467008 0.178615 0.000000
vt 0.488038 0.108715 0.000000
vt 0.498666 0.036498 0.000000
vt 0.498666 -0.036498 0.000000
vt 0.488038 -0.108715 0.000000
vt 0.467008 -0.178615 0.000000
vt 0.436025 -0.244709 0.000000
vt -0.416999 -0.275884 0.000000
vt 0.395748 -0.305587 0.000000
vt -0.372386 -0.333659 0.000000
vt 0.347037 -0.359952 0.000000
vt -0.319837 -0.384324 0.000000
vt 0.290929 -0.406645 0.000000
vt -0.260470 -0.426797 0.000000
vt 0.228621 -0.444671 0.000000
vt -0.195552 -0.460173 0.000000
vt 0.161440 -0.473220 0.000000
vt -0.126467 -0.483742 0.000000
vt 0.090818 -0.491683 0.000000
vt -0.054686 -0.497000 0.000000
vt 0.018261 -0.499666 0.000000
vt 0.100000 -1.497736 0.000000
vt 0.000000 -1.497736 0.000000
vt 0.100000 -1.570796 0.000000
vt 0.000000 -1.570796 0.000000
vt 0.100000 1.570796 0.000000
vt 0.000000 1.570796 0.000000
vt 0.100000 1.497736 0.000000
vt 0.000000 1.497736 0.000000
vt 0.100000 1.424676 0.000000
vt 0.000000 1.424676 0.000000
vt 0.100000 1.351615 0.000000
vt 0.000000 1.351615 0.000000
vt 0.100000 1.278555 0.000000
vt 0.000000 1.278555 0.000000
vt 0.100000 1.205495 0.000000
vt 0.000000 1.205495 0.000000
vt 0.100000 1.132435 0.000000
vt 0.000000 1.132435 0.000000
vt 0.100000 1.059374 0.000000
vt 0.000000 1.059374 0.000000
vt 0.100000 0.986314 0.000000
vt 0.000000 0.986314 0.000000
vt 0.100000 0.913254 0.000000
vt 0.000000 0.913254 0.000000
vt 0.100000 0.840193 0.000000
vt 0.000000 0.840193 0.000000
vt 0.100000 0.767133 0.000000
vt 0.000000 0.767133 0.000000
vt 0.100000 0.694073 0.000000
vt 0.000000 0.694073 0.000000
vt 0.100000 0.621013 0.000000
vt 0.000000 0.621013 0.000000
vt 0.100000 0.547952 0.000000
vt 0.000000 0.547952 0.000000
vt 0.100000 0.474892 0.000000
vt 0.000000 0.474892 0.000000
vt 0.100000 0.401832 0.000000
vt 0.000000 0.401832 0.000000
vt 0.100000 0.328771 0.000000
vt 0.000000 0.328771 0.000000
vt 0.100000 0.255711 0.000000
vt 0.000000 0.255711 0.000000
vt 0.100000 0.182651 0.000000
vt 0.000000 0.182651 0.000000
vt 0.100000 0.109590 0.000000
vt 0.000000 0.109590 0.000000
vt 0.100000 0.036530 0.000000
vt 0.000000 0.036530 0.000000
vt 0.100000 -0.036530 0.000000
vt -0.000000 -0.036530 0.000000
vt 0.100000 -0.109590 0.000000
vt -0.000000 -0.109590 0.000000
vt 0.100000 -0.182651 0.000000
vt -0.000000 -0.182651 0.000000
vt 0.100000 -0.255711 0.000000
vt -0.000000 -0.255711 0.000000
vt 0.100000 -0.328771 0.000000
vt -0.000000 -0.328771 0.000000
vt 0.100000 -0.401832 0.000000
vt -0.000000 -0.401832 0.000000
vt 0.100000 -0.474892 0.000000
vt -0.000000 -0.474892 0.000000
vt 0.100000 -0.547952 0.000000
vt -0.000000 -0.547952 0.000000
vt 0.100000 -0.621013 0.000000
vt -0.000000 -0.621013 0.000000
vt 0.100000 -0.694073 0.000000
vt -0.000000 -0.694073 0.000000
vt 0.100000 -0.767133 0.000000
vt -0.000000 -0.767133 0.000000
vt 0.100000 -0.840193 0.000000
vt 0.000000 -0.840193 0.000000
vt 0.100000 -0.913254 0.000000
vt 0.000000 -0.913254 0.000000
vt 0.100000 -0.986314 0.000000
vt 0.000000 -0.986314 0.000000
vt 0.100000 -1.059374 0.000000
vt 0.000000 -1.059374 0.000000
vt 0.100000 -1.132435 0.000000
vt 0.000000 -1.132435 0.000000
vt 0.100000 -1.205495 0.000000
vt 0.000000 -1.205495 0.000000
vt 0.100000 -1.278555 0.000000
vt 0.000000 -1.278555 0.000000
vt 0.100000 -1.351615 0.000000
vt 0.000000 -1.351615 0.000000
vt 0.100000 -1.424676 0.000000
vt 0.000000 -1.424676 0.000000
vt -0.500000 -0.000000 0.000000
vt -0.494672 -0.072801 0.000000
vt -0.494672 0.072801 0.000000
vt -0.478800 0.144050 0.000000
vt -0.478800 -0.144050 0.000000
vt -0.452724 0.212228 0.000000
vt -0.416999 0.275884 0.000000
vt -0.372386 0.333659 0.000000
vt -0.452724 -0.212228 0.000000
vt -0.319837 0.384324 0.000000
vt -0.260470 0.426797 0.000000
vt -0.195552 0.460173 0.000000
vt -0.126467 0.483742 0.000000
vt -0.054686 0.497000 0.000000
vt 0.018261 0.499666 0.000000
vt 0.090818 0.491683 0.000000
vt 0.161440 0.473220 0.000000
vt 0.228621 0.444671 0.000000
vt 0.290929 0.406645 0.000000
vt 0.347037 0.359952 0.000000
vt 0.395748 0.305587 0.000000
vt 0.436025 0.244709 0.000000
vt 0.467008 0.178615 0.000000
vt 0.488038 0.108715 0.000000
vt 0.498666 0.036498 0.000000
vt 0.498666 -0.036498 0.000000
vt 0.488038 -0.108715 0.000000
vt 0.467008 -0.178615 0.000000
vt 0.436025 -0.244709 0.000000
vt -0.416999 -0.275884 0.000000
vt 0.395748 -0.305587 0.000000
vt -0.372386 -0.333659 0.000000
vt 0.347037 -0.359952 0.000000
vt -0.319837 -0.384324 0.000000
vt 0.290929 -0.406645 0.000000
vt -0.260470 -0.426797 0.000000
vt 0.228621 -0.444671 0.000000
vt -0.195552 -0.460173 0.000000
vt 0.161440 -0.473220 0.000000
vt -0.126467 -0.483742 0.000000
vt 0.090818 -0.491683 0.000000
vt -0.054686 -0.497000 0.000000
vt 0.018261 -0.499666 0.000000
vt 0.100000 -1.497736 0.000000
vt 0.000000 -1.497736 0.000000
vt 0.100000 -1.570796 0.000000
vt 0.000000 -1.570796 0.000000
vt 0.100000 1.570796 0.000000
vt 0.000000 1.570796 0.000000
vt 0.100000 1.497736 0.000000
vt 0.000000 1.497736 0.000000
vt 0.100000 1.424676 0.000000
vt 0.000000 1.424676 0.000000
vt 0.100000 1.351615 0.000000
vt 0.000000 1.351615 0.000000
vt 0.100000 1.278555 0.000000
vt 0.000000 1.278555 0.000000
vt 0.100000 1.205495 0.000000
vt 0.000000 1.205495 0.000000
vt 0.100000 1.132435 0.000000
vt 0.000000 1.132435 0.000000
vt 0.100000 1.059374 0.000000
vt 0.000000 1.059374 0.000000
vt 0.100000 0.986314 0.000000
vt 0.000000 0.986314 0.000000
vt 0.100000 0.913254 0.000000
vt 0.000000 0.913254 0.000000
vt 0.100000 0.840193 0.000000
vt 0.000000 0.840193 0.000000
vt 0.100000 0.767133 0.000000
vt 0.000000 0.767133 0.000000
vt 0.100000 0.694073 0.000000
vt 0.000000 0.694073 0.000000
vt 0.100000 0.621013 0.000000
vt 0.000000 0.621013 0.000000
vt 0.100000 0.547952 0.000000
vt 0.000000 0.547952 0.000000
vt 0.100000 0.474892 0.000000
vt 0.000000 0.474892 0.000000
vt 0.100000 0.401832 0.000000
vt 0.000000 0.401832 0.000000
vt 0.100000 0.328771 0.000000
vt 0.000000 0.328771 0.000000
vt 0.100000 0.255711 0.000000
vt 0.000000 0.255711 0.000000
vt 0.100000 0.182651 0.000000
vt 0.000000 0.182651 0.000000
vt 0.100000 0.109590 0.000000
vt 0.000000 0.109590 0.000000
vt 0.100000 0.036530 0.000000
vt 0.000000 0.036530 0.000000
vt 0.100000 -0.036530 0.000000
vt -0.000000 -0.036530 0.000000
vt 0.100000 -0.109590 0.000000
vt -0.000000 -0.109590 0.000000
vt 0.100000 -0.182651 0.000000
vt -0.000000 -0.182651 0.000000
vt 0.100000 -0.255711 0.000000
vt -0.000000 -0.255711 0.000000
vt 0.100000 -0.328771 0.000000
vt -0.000000 -0.328771 0.000000
vt 0.100000 -0.401832 0.000000
vt -0.000000 -0.401832 0.000000
vt 0.100000 -0.474892 0.000000
vt -0.000000 -0.474892 0.000000
vt 0.100000 -0.547952 0.000000
vt -0.000000 -0.547952 0.000000
vt 0.100000 -0.621013 0.000000
vt -0.000000 -0.621013 0.000000
vt 0.100000 -0.694073 0.000000
vt -0.000000 -0.694073 0.000000
vt 0.100000 -0.767133 0.000000
vt -0.000000 -0.767133 0.000000
vt 0.100000 -0.840193 0.000000
vt 0.000000 -0.840193 0.000000
vt 0.100000 -0.913254 0.000000
vt 0.000000 -0.913254 0.000000
vt 0.100000 -0.986314 0.000000
vt 0.000000 -0.986314 0.000000
vt 0.100000 -1.059374 0.000000
vt 0.000000 -1.059374 0.000000
vt 0.100000 -1.132435 0.000000
vt 0.000000 -1.132435 0.000000
vt 0.100000 -1.205495 0.000000
vt 0.000000 -1.205495 0.000000
vt 0.100000 -1.278555 0.000000
vt 0.000000 -1.278555 0.000000
vt 0.100000 -1.351615 0.000000
vt 0.000000 -1.351615 0.000000
vt 0.100000 -1.424676 0.000000
vt 0.000000 -1.424676 0.000000
vt -0.500000 0.000000 0.000000
vt -0.494672 -0.072801 0.000000
vt -0.494672 0.072801 0.000000
vt -0.478800 0.144050 0.000000
vt -0.478800 -0.144050 0.000000
vt -0.452724 0.212228 0.000000
vt -0.416999 0.275884 0.000000
vt -0.372386 0.333659 0.000000
vt -0.452724 -0.212228 0.000000
vt -0.319837 0.384324 0.000000
vt -0.260470 0.426797 0.000000
vt -0.195552 0.460173 0.000000
vt -0.126467 0.483742 0.000000
vt -0.054686 0.497000 0.000000
vt 0.018261 0.499666 0.000000
vt 0.090818 0.491683 0.000000
vt 0.161440 0.473220 0.000000
vt 0.228621 0.444671 0.000000
vt 0.290929 0.406645 0.000000
vt 0.347037 0.359952 0.000000
vt 0.395748 0.305587 0.000000
vt 0.436025 0.244709 0.000000
vt 0.467008 0.178615 0.000000
vt 0.488038 0.108715 0.000000
vt 0.498666 0.036498 0.000000
vt 0.498666 -0.036498 0.000000
vt 0.488038 -0.108715 0.000000
vt 0.467008 -0.178615 0.000000
vt 0.436025 -0.244709 0.000000
vt -0.416999 -0.275884 0.000000
vt 0.395748 -0.305587 0.000000
vt -0.372386 -0.333659 0.000000
vt 0.347037 -0.359952 0.000000
vt -0.319837 -0.384324 0.000000
vt 0.290929 -0.406645 0.000000
vt -0.260470 -0.426797 0.000000
vt 0.228621 -0.444671 0.000000
vt -0.195552 -0.460173 0.000000
vt 0.161440 -0.473220 0.000000
vt -0.126467 -0.483742 0.000000
vt 0.090818 -0.491683 0.000000
vt -0.054686 -0.497000 0.000000
vt 0.018261 -0.499666 0.000000
vt 0.100000 -1.497736 0.000000
vt 0.000000 -1.497736 0.000000
vt 0.100000 -1.570796 0.000000
vt 0.000000 -1.570796 0.000000
vt 0.100000 1.570796 0.000000
vt 0.000000 1.570796 0.000000
vt 0.100000 1.497736 0.000000
vt 0.000000 1.497736 0.000000
vt 0.100000 1.424676 0.000000
vt 0.000000 1.424676 0.000000
vt 0.100000 1.351615 0.000000
vt 0.000000 1.351615 0.000000
vt 0.100000 1.278555 0.000000
vt 0.000000 1.278555 0.000000
vt 0.100000 1.205495 0.000000
vt 0.000000 1.205495 0.000000
vt 0.100000 1.132435 0.000000
vt 0.000000 1.132435 0.000000
vt 0.100000 1.059374 0.000000
vt 0.000000 1.059374 0.000000
vt 0.100000 0.986314 0.000000
vt 0.000000 0.986314 0.000000
vt 0.100000 0.913254 0.000000
vt 0.000000 0.913254 0.000000
vt 0.100000 0.840193 0.000000
vt 0.000000 0.840193 0.000000
vt 0.100000 0.767133 0.000000
vt 0.000000 0.767133 0.000000
vt 0.100000 0.694073 0.000000
vt 0.000000 0.694073 0.000000
vt 0.100000 0.621013 0.000000
vt 0.000000 0.621013 0.000000
vt 0.100000 0.547952 0.000000
vt 0.000000 0.547952 0.000000
vt 0.100000 0.474892 0.000000
vt 0.000000 0.474892 0.000000
vt 0.100000 0.401832 0.000000
vt 0.000000 0.401832 0.000000
vt 0.100000 0.328771 0.000000
vt 0.000000 0.328771 0.000000
vt 0.100000 0.255711 0.000000
vt 0.000000 0.255711 0.000000
vt 0.100000 0.182651 0.000000
vt 0.000000 0.182651 0.000000
vt 0.100000 0.109590 0.000000
vt 0.000000 0.109590 0.000000
vt 0.100000 0.036530 0.000000
vt 0.000000 0.036530 0.000000
vt 0.100000 -0.036530 0.000000
vt -0.000000 -0.036530 0.000000
vt 0.100000 -0.109590 0.000000
vt -0.000000 -0.109590 0.000000
vt 0.100000 -0.182651 0.000000
vt -0.000000 -0.182651 0.000000
vt 0.100000 -0.255711 0.000000
vt -0.000000 -0.255711 0.000000
vt 0.100000 -0.328771 0.000000
vt -0.000000 -0.328771 0.000000
vt 0.100000 -0.401832 0.000000
vt -0.000000 -0.401832 0.000000
vt 0.100000 -0.474892 0.000000
vt -0.000000 -0.474892 0.000000
vt 0.100000 -0.547952 0.000000
vt -0.000000 -0.547952 0.000000
vt 0.100000 -0.621013 0.000000
vt -0.000000 -0.621013 0.000000
vt 0.100000 -0.694073 0.000000
vt -0.000000 -0.694073 0.000000
vt 0.100000 -0.767133 0.000000
vt -0.000000 -0.767133 0.000000
vt 0.100000 -0.840193 0.000000
vt 0.000000 -0.840193 0.000000
vt 0.100000 -0.913254 0.000000
vt 0.000000 -0.913254 0.000000
vt 0.100000 -0.986314 0.000000
vt 0.000000 -0.986314 0.000000
vt 0.100000 -1.059374 0.000000
vt 0.000000 -1.059374 0.000000
vt 0.100000 -1.132435 0.000000
vt 0.000000 -1.132435 0.000000
vt 0.100000 -1.205495 0.000000
vt 0.000000 -1.205495 0.000000
vt 0.100000 -1.278555 0.000000
vt 0.000000 -1.278555 0.000000
vt 0.100000 -1.351615 0.000000
vt 0.000000 -1.351615 0.000000
vt 0.100000 -1.424676 0.000000
vt 0.000000 -1.424676 0.000000
vt -0.500000 -0.000000 0.000000
vt -0.494672 -0.072801 0.000000
vt -0.494672 0.072801 0.000000
vt -0.478800 0.144050 0.000000
vt -0.478800 -0.144050 0.000000
vt -0.452724 0.212228 0.000000
vt -0.416999 0.275884 0.000000
vt -0.372386 0.333659 0.000000
vt -0.452724 -0.212228 0.000000
vt -0.319837 0.384324 0.000000
vt -0.260470 0.426797 0.000000
vt -0.195552 0.460173 0.000000
vt -0.126467 0.483742 0.000000
vt -0.054686 0.497000 0.000000
vt 0.018261 0.499666 0.000000
vt 0.090818 0.491683 0.000000
vt 0.161440 0.473220 0.000000
vt 0.228621 0.444671 0.000000
vt 0.290929 0.406645 0.000000
vt 0.347037 0.359952 0.000000
vt 0.395748 0.305587 0.000000
vt 0.436025 0.244709 0.000000
vt 0.467008 0.178615 0.000000
vt 0.488038 0.108715 0.000000
vt 0.498666 0.036498 0.000000
vt 0.498666 -0.036498 0.000000
vt 0.488038 -0.108715 0.000000
vt 0.467008 -0.178615 0.000000
vt 0.436025 -0.244709 0.000000
vt -0.416999 -0.275884 0.000000
vt 0.395748 -0.305587 0.000000
vt -0.372386 -0.333659 0.000000
vt 0.347037 -0.359952 0.000000
vt -0.319837 -0.384324 0.000000
vt 0.290929 -0.406645 0.000000
vt -0.260470 -0.426797 0.000000
vt 0.228621 -0.444671 0.000000
vt -0.195552 -0.460173 0.000000
vt 0.161440 -0.473220 0.000000
vt -0.126467 -0.483742 0.000000
vt 0.090818 -0.491683 0.000000
vt -0.054686 -0.497000 0.000000
vt 0.018261 -0.499666 0.000000
vt 0.100000 -1.497736 0.000000
vt 0.000000 -1.497736 0.000000
vt 0.100000 -1.570796 0.000000
vt 0.000000 -1.570796 0.000000
vt 0.100000 1.570796 0.000000
vt 0.000000 1.570796 0.000000
vt 0.100000 1.497736 0.000000
vt 0.000000 1.497736 0.000000
vt 0.100000 1.424676 0.000000
vt 0.000000 1.424676 0.000000
vt 0.100000 1.351615 0.000000
vt 0.000000 1.351615 0.000000
vt 0.100000 1.278555 0.000000
vt 0.000000 1.278555 0.000000
vt 0.100000 1.205495 0.000000
vt 0.000000 1.205495 0.000000
vt 0.100000 1.132435 0.000000
vt 0.000000 1.132435 0.000000
vt 0.100000 1.059374 0.000000
vt 0.000000 1.059374 0.000000
vt 0.100000 0.986314 0.000000
vt 0.000000 0.986314 0.000000
vt 0.100000 0.913254 0.000000
vt 0.000000 0.913254 0.000000
vt 0.100000 0.840193 0.000000
vt 0.000000 0.840193 0.000000
vt 0.100000 0.767133 0.000000
vt 0.000000 0.767133 0.000000
vt 0.100000 0.694073 0.000000
vt 0.000000 0.694073 0.000000
vt 0.100000 0.621013 0.000000
vt 0.000000 0.621013 0.000000
vt 0.100000 0.547952 0.000000
vt 0.000000 0.547952 0.000000
vt 0.100000 0.474892 0.000000
vt 0.000000 0.474892 0.000000
vt 0.100000 0.401832 0.000000
vt 0.000000 0.401832 0.000000
vt 0.100000 0.328771 0.000000
vt 0.000000 0.328771 0.000000
vt 0.100000 0.255711 0.000000
vt 0.000000 0.255711 0.000000
vt 0.100000 0.182651 0.000000
vt 0.000000 0.182651 0.000000
vt 0.100000 0.109590 0.000000
vt 0.000000 0.109590 0.000000
vt 0.100000 0.036530 0.000000
vt 0.000000 0.036530 0.000000
vt 0.100000 -0.036530 0.000000
vt -0.000000 -0.036530 0.000000
vt 0.100000 -0.109590 0.000000
vt -0.000000 -0.109590 0.000000
vt 0.100000 -0.182651 0.000000
vt -0.000000 -0.182651 0.000000
vt 0.100000 -0.255711 0.000000
vt -0.000000 -0.255711 0.000000
vt 0.100000 -0.328771 0.000000
vt -0.000000 -0.328771 0.000000
vt 0.100000 -0.401832 0.000000
vt -0.000000 -0.401832 0.000000
vt 0.100000 -0.474892 0.000000
vt -0.000000 -0.474892 0.000000
vt 0.100000 -0.547952 0.000000
vt -0.000000 -0.547952 0.000000
vt 0.100000 -0.621013 0.000000
vt -0.000000 -0.621013 0.000000
vt 0.100000 -0.694073 0.000000
vt -0.000000 -0.694073 0.000000
vt 0.100000 -0.767133 0.000000
vt -0.000000 -0.767133 0.000000
vt 0.100000 -0.840193 0.000000
vt 0.000000 -0.840193 0.000000
vt 0.100000 -0.913254 0.000000
vt 0.000000 -0.913254 0.000000
vt 0.100000 -0.986314 0.000000
vt 0.000000 -0.986314 0.000000
vt 0.100000 -1.059374 0.000000
vt 0.000000 -1.059374 0.000000
vt 0.100000 -1.132435 0.000000
vt 0.000000 -1.132435 0.000000
vt 0.100000 -1.205495 0.000000
vt 0.000000 -1.205495 0.000000
vt 0.100000 -1.278555 0.000000
vt 0.000000 -1.278555 0.000000
vt 0.100000 -1.351615 0.000000
vt 0.000000 -1.351615 0.000000
vt 0.100000 -1.424676 0.000000
vt 0.000000 -1.424676 0.000000
vt -0.500000 0.000000 0.000000
vt -0.494672 -0.072801 0.000000
vt -0.494672 0.072801 0.000000
vt -0.478800 0.144050 0.000000
vt -0.478800 -0.144050 0.000000
vt -0.452724 0.212228 0.000000
vt -0.416999 0.275884 0.000000
vt -0.372386 0.333659 0.000000
vt -0.452724 -0.212228 0.000000
vt -0.319837 0.384324 0.000000
vt -0.260470 0.426797 0.000000
vt -0.195552 0.460173 0.000000
vt -0.126467 0.483742 0.000000
vt -0.054686 0.497000 0.000000
vt 0.018261 0.499666 0.000000
vt 0.090818 0.491683 0.000000
vt 0.161440 0.473220 0.000000
vt 0.228621 0.444671 0.000000
vt 0.290929 0.406645 0.000000
vt 0.347037 0.359952 0.000000
vt 0.395748 0.305587 0.000000
vt 0.436025 0.244709 0.000000
vt 0.467008 0.178615 0.000000
vt 0.488038 0.108715 0.000000
vt 0.498666 0.036498 0.000000
vt 0.498666 -0.036498 0.000000
vt 0.488038 -0.108715 0.000000
vt 0.467008 -0.178615 0.000000
vt 0.436025 -0.244709 0.000000
vt -0.416999 -0.275884 0.000000
vt 0.395748 -0.305587 0.000000
vt -0.372386 -0.333659 0.000000
vt 0.347037 -0.359952 0.000000
vt -0.319837 -0.384324 0.000000
vt 0.290929 -0.406645 0.000000
vt -0.260470 -0.426797 0.000000
vt 0.228621 -0.444671 0.000000
vt -0.195552 -0.460173 0.000000
vt 0.161440 -0.473220 0.000000
vt -0.126467 -0.483742 0.000000
vt 0.090818 -0.491683 0.000000
vt -0.054686 -0.497000 0.000000
vt 0.018261 -0.499666 0.000000
vt 0.246905 -0.053672 0.000000
vt 0.286595 0.000000 0.000000
vt 0.234325 0.000000 0.000000
vt 0.246905 0.053672 0.000000
vt 0.234325 0.052387 0.000000
vt 0.203550 0.093376 0.000000
vt 0.182054 0.052387 0.000000
vt 0.182054 0.104774 0.000000
vt 0.129784 0.104774 0.000000
vt 0.158114 0.124579 0.000000
vt 0.111464 0.150635 0.000000
vt 0.064116 0.173673 0.000000
vt 0.077514 0.157161 0.000000
vt 0.077514 0.104774 0.000000
vt 0.129784 0.052387 0.000000
vt 0.182054 0.000000 0.000000
vt 0.234325 -0.052387 0.000000
vt 0.203550 -0.093376 0.000000
vt 0.182054 -0.052387 0.000000
vt 0.182054 -0.104774 0.000000
vt 0.129784 -0.052387 0.000000
vt 0.129784 -0.104774 0.000000
vt 0.077514 -0.052387 0.000000
vt 0.077514 -0.104774 0.000000
vt 0.025244 -0.052387 0.000000
vt 0.025244 -0.104774 0.000000
vt -0.027027 -0.052387 0.000000
vt -0.027027 -0.104774 0.000000
vt -0.079297 -0.052387 0.000000
vt -0.079297 -0.104774 0.000000
vt -0.131567 -0.052387 0.000000
vt -0.131567 -0.104774 0.000000
vt -0.177476 -0.093737 0.000000
vt -0.165201 -0.153394 0.000000
vt 0.025244 0.157161 0.000000
vt 0.016417 0.195168 0.000000
vt -0.027027 0.157161 0.000000
vt -0.027027 0.209548 0.000000
vt -0.079297 0.157161 0.000000
vt -0.079297 0.209549 0.000000
vt -0.131567 0.157161 0.000000
vt -0.131567 0.209551 0.000000
vt -0.147787 0.209552 0.000000
vt -0.126160 0.261934 0.000000
vt -0.078988 0.238133 0.000000
vt -0.031368 0.216289 0.000000
vt -0.165201 0.153394 0.000000
vt -0.131567 0.104774 0.000000
vt -0.079297 0.104774 0.000000
vt -0.079297 0.052387 0.000000
vt -0.027027 0.052387 0.000000
vt -0.027027 0.000000 0.000000
vt 0.025244 0.000000 0.000000
vt -0.177476 0.093737 0.000000
vt -0.131567 0.052387 0.000000
vt -0.079297 0.000000 0.000000
vt -0.183837 0.031555 0.000000
vt -0.131567 0.000000 0.000000
vt -0.183837 -0.031555 0.000000
vt -0.131567 -0.157161 0.000000
vt -0.147787 -0.209552 0.000000
vt -0.131567 -0.209551 0.000000
vt -0.126160 -0.261934 0.000000
vt -0.078988 -0.238133 0.000000
vt -0.079297 -0.209549 0.000000
vt -0.031368 -0.216289 0.000000
vt -0.027027 -0.209548 0.000000
vt 0.016417 -0.195168 0.000000
vt -0.027027 -0.157161 0.000000
vt 0.025244 -0.157161 0.000000
vt 0.064116 -0.173673 0.000000
vt 0.077514 -0.157161 0.000000
vt 0.111464 -0.150635 0.000000
vt 0.158114 -0.124579 0.000000
vt 0.077514 0.000000 0.000000
vt 0.025244 0.052387 0.000000
vt 0.077514 0.052387 0.000000
vt 0.025244 0.104774 0.000000
vt 0.129784 0.000000 0.000000
vt -0.027027 0.104774 0.000000
vt -0.079297 -0.157161 0.000000
vt 0.246905 -0.053672 0.000000
vt 0.286595 -0.000000 0.000000
vt 0.234325 -0.000000 0.000000
vt 0.246905 0.053672 0.000000
vt 0.234325 0.052387 0.000000
vt 0.203550 0.093376 0.000000
vt 0.182054 0.052387 0.000000
vt 0.182054 0.104774 0.000000
vt 0.129784 0.104774 0.000000
vt 0.158114 0.124579 0.000000
vt 0.111464 0.150635 0.000000
vt 0.064116 0.173673 0.000000
vt 0.077514 0.157161 0.000000
vt 0.077514 0.104774 0.000000
vt 0.129784 0.052387 0.000000
vt 0.182054 -0.000000 0.000000
vt 0.234325 -0.052387 0.000000
vt 0.203550 -0.093376 0.000000
vt 0.182054 -0.052387 0.000000
vt 0.182054 -0.104774 0.000000
vt 0.129784 -0.052387 0.000000
vt 0.129784 -0.104774 0.000000
vt 0.077514 -0.052387 0.000000
vt 0.077514 -0.104774 0.000000
vt 0.025244 -0.052387 0.000000
vt 0.025244 -0.104774 0.000000
vt -0.027027 -0.052387 0.000000
vt -0.027027 -0.104774 0.000000
vt -0.079297 -0.052387 0.000000
vt -0.079297 -0.104774 0.000000
vt -0.131567 -0.052387 0.000000
vt -0.131567 -0.104774 0.000000
vt -0.177476 -0.093737 0.000000
vt -0.165201 -0.153394 0.000000
vt 0.025244 0.157161 0.000000
vt 0.016417 0.195168 0.000000
vt -0.027027 0.157161 0.000000
vt -0.027027 0.209548 0.000000
vt -0.079297 0.157161 0.000000
vt -0.079297 0.209549 0.000000
vt -0.131567 0.157161 0.000000
vt -0.131567 0.209551 0.000000
vt -0.147787 0.209552 0.000000
vt -0.126160 0.261934 0.000000
vt -0.078988 0.238133 0.000000
vt -0.031368 0.216289 0.000000
vt -0.165201 0.153394 0.000000
vt -0.131567 0.104774 0.000000
vt -0.079297 0.104774 0.000000
vt -0.079297 0.052387 0.000000
vt -0.027027 0.052387 0.000000
vt -0.027027 -0.000000 0.000000
vt 0.025244 -0.000000 0.000000
vt -0.177476 0.093737 0.000000
vt -0.131567 0.052387 0.000000
vt -0.079297 -0.000000 0.000000
vt -0.183837 0.031555 0.000000
vt -0.131567 -0.000000 0.000000
vt -0.183837 -0.031555 0.000000
vt -0.131567 -0.157161 0.000000
vt -0.147787 -0.209552 0.000000
vt -0.131567 -0.209551 0.000000
vt -0.126160 -0.261934 0.000000
vt -0.078988 -0.238133 0.000000
vt -0.079297 -0.209549 0.000000
vt -0.031368 -0.216289 0.000000
vt -0.027027 -0.209548 0.000000
vt 0.016417 -0.195168 0.000000
vt -0.027027 -0.157161 0.000000
vt 0.025244 -0.157161 0.000000
vt 0.064116 -0.173673 0.000000
vt 0.077514 -0.157161 0.000000
vt 0.111464 -0.150635 0.000000
vt 0.158114 -0.124579 0.000000
vt 0.077514 -0.000000 0.000000
vt 0.025244 0.052387 0.000000
vt 0.077514 0.052387 0.000000
vt 0.025244 0.104774 0.000000
vt 0.129784 -0.000000 0.000000
vt -0.027027 0.104774 0.000000
vt -0.079297 -0.157161 0.000000
vt 0.078988 -0.238133 0.000000
vt 0.126160 -0.261934 0.000000
vt 0.131567 -0.209551 0.000000
vt 0.147787 -0.209552 0.000000
vt 0.131567 -0.157161 0.000000
vt 0.165201 -0.153394 0.000000
vt 0.131567 -0.104774 0.000000
vt 0.177476 -0.093737 0.000000
vt 0.131567 -0.052387 0.000000
vt 0.183837 -0.031555 0.000000
vt 0.131567 0.000000 0.000000
vt 0.183837 0.031555 0.000000
vt 0.131567 0.052387 0.000000
vt 0.177476 0.093737 0.000000
vt 0.131567 0.104774 0.000000
vt 0.165201 0.153394 0.000000
vt 0.131567 0.157161 0.000000
vt 0.147787 0.209552 0.000000
vt 0.131567 0.209551 0.000000
vt 0.126160 0.261934 0.000000
vt 0.078988 0.238133 0.000000
vt 0.079297 0.209549 0.000000
vt 0.031368 0.216289 0.000000
vt 0.027027 0.209548 0.000000
vt -0.016417 0.195168 0.000000
vt 0.027027 0.157161 0.000000
vt -0.025244 0.157161 0.000000
vt 0.027027 0.104774 0.000000
vt -0.025244 0.104774 0.000000
vt 0.027027 0.052387 0.000000
vt -0.025244 0.052387 0.000000
vt 0.027027 0.000000 0.000000
vt -0.025244 0.000000 0.000000
vt 0.027027 -0.052387 0.000000
vt -0.025244 -0.052387 0.000000
vt 0.027027 -0.104774 0.000000
vt -0.025244 -0.104774 0.000000
vt 0.027027 -0.157161 0.000000
vt -0.025244 -0.157161 0.000000
vt -0.016417 -0.195168 0.000000
vt -0.064116 -0.173673 0.000000
vt -0.077514 -0.157161 0.000000
vt -0.111464 -0.150635 0.000000
vt -0.077514 -0.104774 0.000000
vt -0.129784 -0.104774 0.000000
vt -0.129784 -0.052387 0.000000
vt -0.182054 -0.052387 0.000000
vt -0.182054 0.000000 0.000000
vt -0.234325 0.000000 0.000000
vt -0.234325 0.052387 0.000000
vt -0.246905 0.053672 0.000000
vt -0.203550 0.093376 0.000000
vt -0.182054 0.052387 0.000000
vt -0.182054 0.104774 0.000000
vt -0.129784 0.052387 0.000000
vt -0.129784 0.104774 0.000000
vt -0.077514 0.052387 0.000000
vt -0.077514 0.104774 0.000000
vt -0.064116 0.173673 0.000000
vt -0.077514 0.157161 0.000000
vt -0.111464 0.150635 0.000000
vt -0.158114 0.124579 0.000000
vt -0.286595 0.000000 0.000000
vt -0.246905 -0.053672 0.000000
vt -0.234325 -0.052387 0.000000
vt -0.203550 -0.093376 0.000000
vt -0.182054 -0.104774 0.000000
vt -0.158114 -0.124579 0.000000
vt 0.027027 -0.209548 0.000000
vt 0.031368 -0.216289 0.000000
vt 0.079297 -0.209549 0.000000
vt 0.079297 -0.157161 0.000000
vt 0.079297 -0.104774 0.000000
vt 0.079297 -0.052387 0.000000
vt 0.079297 0.000000 0.000000
vt 0.079297 0.052387 0.000000
vt 0.079297 0.104774 0.000000
vt 0.079297 0.157161 0.000000
vt -0.077514 -0.052387 0.000000
vt -0.077514 0.000000 0.000000
vt -0.129784 0.000000 0.000000
vt 0.246905 -0.053672 0.000000
vt 0.286595 -0.000000 0.000000
vt 0.234325 -0.000000 0.000000
vt 0.246905 0.053672 0.000000
vt 0.234325 0.052387 0.000000
vt 0.203550 0.093376 0.000000
vt 0.182054 0.052387 0.000000
vt 0.182054 0.104774 0.000000
vt 0.129784 0.104774 0.000000
vt 0.158114 0.124579 0.000000
vt 0.111464 0.150635 0.000000
vt 0.064116 0.173673 0.000000
vt 0.077514 0.157161 0.000000
vt 0.077514 0.104774 0.000000
vt 0.129784 0.052387 0.000000
vt 0.182054 -0.000000 0.000000
vt 0.234325 -0.052387 0.000000
vt 0.203550 -0.093376 0.000000
vt 0.182054 -0.052387 0.000000
vt 0.182054 -0.104774 0.000000
vt 0.129784 -0.052387 0.000000
vt 0.129784 -0.104774 0.000000
vt 0.077514 -0.052387 0.000000
vt 0.077514 -0.104774 0.000000
vt 0.025244 -0.052387 0.000000
vt 0.025244 -0.104774 0.000000
vt -0.027027 -0.052387 0.000000
vt -0.027027 -0.104774 0.000000
vt -0.079297 -0.052387 0.000000
vt -0.079297 -0.104774 0.000000
vt -0.131567 -0.052387 0.000000
vt -0.131567 -0.104774 0.000000
vt -0.177476 -0.093737 0.000000
vt -0.165201 -0.153394 0.000000
vt 0.025244 0.157161 0.000000
vt 0.016417 0.195168 0.000000
vt -0.027027 0.157161 0.000000
vt -0.027027 0.209548 0.000000
vt -0.079297 0.157161 0.000000
vt -0.079297 0.209549 0.000000
vt -0.131567 0.157161 0.000000
vt -0.131567 0.209551 0.000000
vt -0.147787 0.209552 0.000000
vt -0.126160 0.261934 0.000000
vt -0.078988 0.238133 0.000000
vt -0.031368 0.216289 0.000000
vt -0.165201 0.153394 0.000000
vt -0.131567 0.104774 0.000000
vt -0.079297 0.104774 0.000000
vt -0.079297 0.052387 0.000000
vt -0.027027 0.052387 0.000000
vt -0.027027 -0.000000 0.000000
vt 0.025244 -0.000000 0.000000
vt -0.177476 0.093737 0.000000
vt -0.131567 0.052387 0.000000
vt -0.079297 -0.000000 0.000000
vt -0.183837 0.031555 0.000000
vt -0.131567 -0.000000 0.000000
vt -0.183837 -0.031555 0.000000
vt -0.131567 -0.157161 0.000000
vt -0.147787 -0.209552 0.000000
vt -0.131567 -0.209551 0.000000
vt -0.126160 -0.261934 0.000000
vt -0.078988 -0.238133 0.000000
vt -0.079297 -0.209549 0.000000
vt -0.031368 -0.216289 0.000000
vt -0.027027 -0.209548 0.000000
vt 0.016417 -0.195168 0.000000
vt -0.027027 -0.157161 0.000000
vt 0.025244 -0.157161 0.000000
vt 0.064116 -0.173673 0.000000
vt 0.077514 -0.157161 0.000000
vt 0.111464 -0.150635 0.000000
vt 0.158114 -0.124579 0.000000
vt 0.077514 -0.000000 0.000000
vt 0.025244 0.052387 0.000000
vt 0.077514 0.052387 0.000000
vt 0.025244 0.104774 0.000000
vt 0.129784 -0.000000 0.000000
vt -0.027027 0.104774 0.000000
vt -0.079297 -0.157161 0.000000
vt 0.078988 -0.238133 0.000000
vt 0.126160 -0.261934 0.000000
vt 0.131567 -0.209551 0.000000
vt 0.147787 -0.209552 0.000000
vt 0.131567 -0.157161 0.000000
vt 0.165201 -0.153394 0.000000
vt 0.131567 -0.104774 0.000000
vt 0.177476 -0.093737 0.000000
vt 0.131567 -0.052387 0.000000
vt 0.183837 -0.031555 0.000000
vt 0.131567 -0.000000 0.000000
vt 0.183837 0.031555 0.000000
vt 0.131567 0.052387 0.000000
vt 0.177476 0.093737 0.000000
vt 0.131567 0.104774 0.000000
vt 0.165201 0.153394 0.000000
vt 0.131567 0.157161 0.000000
vt 0.147787 0.209552 0.000000
vt 0.131567 0.209551 0.000000
vt 0.126160 0.261934 0.000000
vt 0.078988 0.238133 0.000000
vt 0.079297 0.209549 0.000000
vt 0.031368 0.216289 0.000000
vt 0.027027 0.209548 0.000000
vt -0.016417 0.195168 0.000000
vt 0.027027 0.157161 0.000000
vt -0.025244 0.157161 0.000000
vt 0.027027 0.104774 0.000000
vt -0.025244 0.104774 0.000000
vt 0.027027 0.052387 0.000000
vt -0.025244 0.052387 0.000000
vt 0.027027 -0.000000 0.000000
vt -0.025244 -0.000000 0.000000
vt 0.027027 -0.052387 0.000000
vt -0.025244 -0.052387 0.000000
vt 0.027027 -0.104774 0.000000
vt -0.025244 -0.104774 0.000000
vt 0.027027 -0.157161 0.000000
vt -0.025244 -0.157161 0.000000
vt -0.016417 -0.195168 0.000000
vt -0.064116 -0.173673 0.000000
vt -0.077514 -0.157161 0.000000
vt -0.111464 -0.150635 0.000000
vt -0.077514 -0.104774 0.000000
vt -0.129784 -0.104774 0.000000
vt -0.129784 -0.052387 0.000000
vt -0.182054 -0.052387 0.000000
vt -0.182054 -0.000000 0.000000
vt -0.234325 -0.000000 0.000000
vt -0.234325 0.052387 0.000000
vt -0.246905 0.053672 0.000000
vt -0.203550 0.093376 0.000000
vt -0.182054 0.052387 0.000000
vt -0.182054 0.104774 0.000000
vt -0.129784 0.052387 0.000000
vt -0.129784 0.104774 0.000000
vt -0.077514 0.052387 0.000000
vt -0.077514 0.104774 0.000000
vt -0.064116 0.173673 0.000000
vt -0.077514 0.157161 0.000000
vt -0.111464 0.150635 0.000000
vt -0.158114 0.124579 0.000000
vt -0.286595 -0.000000 0.000000
vt -0.246905 -0.053672 0.000000
vt -0.234325 -0.052387 0.000000
vt -0.203550 -0.093376 0.000000
vt -0.182054 -0.104774 0.000000
vt -0.158114 -0.124579 0.000000
vt 0.027027 -0.209548 0.000000
vt 0.031368 -0.216289 0.000000
vt 0.079297 -0.209549 0.000000
vt 0.079297 -0.157161 0.000000
vt 0.079297 -0.104774 0.000000
vt 0.079297 -0.052387 0.000000
vt 0.079297 -0.000000 0.000000
vt 0.079297 0.052387 0.000000
vt 0.079297 0.104774 0.000000
vt 0.079297 0.157161 0.000000
vt -0.077514 -0.052387 0.000000
vt -0.077514 -0.000000 0.000000
vt -0.129784 -0.000000 0.000000
vt -3.524896 0.183260 0.000000
vt -2.399931 0.183260 0.000000
vt -3.524896 0.235619 0.000000
vt -1.274965 0.183260 0.000000
vt 0.974965 0.235619 0.000000
vt -0.150000 0.183260 0.000000
vt 0.974965 0.183260 0.000000
vt 0.974965 0.130900 0.000000
vt -0.150000 0.130900 0.000000
vt 0.974965 0.078540 0.000000
vt -0.150000 0.078540 0.000000
vt 0.974965 0.026180 0.000000
vt -0.150000 0.026180 0.000000
vt 0.974965 -0.026180 0.000000
vt -0.150000 -0.026180 0.000000
vt 0.974965 -0.078540 0.000000
vt -0.150000 -0.078540 0.000000
vt 0.974965 -0.130900 0.000000
vt -0.150000 -0.130900 0.000000
vt 0.974965 -0.183260 0.000000
vt -0.150000 -0.183260 0.000000
vt 0.974965 -0.235619 0.000000
vt -1.274965 -0.183260 0.000000
vt -3.524896 -0.235619 0.000000
vt -2.399931 -0.183260 0.000000
vt -3.524896 -0.183260 0.000000
vt -3.524896 -0.130900 0.000000
vt -2.399931 -0.130900 0.000000
vt -3.524896 -0.078540 0.000000
vt -2.399931 -0.078540 0.000000
vt -3.524896 -0.026180 0.000000
vt -2.399931 -0.026180 0.000000
vt -3.524896 0.026180 0.000000
vt -2.399931 0.026180 0.000000
vt -3.524896 0.078540 0.000000
vt -2.399931 0.078540 0.000000
vt -3.524896 0.130900 0.000000
vt -2.399931 0.130900 0.000000
vt -1.274965 0.130900 0.000000
vt -1.274965 0.078540 0.000000
vt -1.274965 0.026180 0.000000
vt -1.274965 -0.026180 0.000000
vt -1.274965 -0.078540 0.000000
vt -1.274965 -0.130900 0.000000
vt 0.246905 -0.053672 0.000000
vt 0.286595 0.000000 0.000000
vt 0.234325 0.000000 0.000000
vt 0.246905 0.053672 0.000000
vt 0.234325 0.052387 0.000000
vt 0.203550 0.093376 0.000000
vt 0.182054 0.052387 0.000000
vt 0.182054 0.104774 0.000000
vt 0.129784 0.104774 0.000000
vt 0.158114 0.124579 0.000000
vt 0.111464 0.150635 0.000000
vt 0.064116 0.173673 0.000000
vt 0.077514 0.157161 0.000000
vt 0.077514 0.104774 0.000000
vt 0.129784 0.052387 0.000000
vt 0.182054 0.000000 0.000000
vt 0.234325 -0.052387 0.000000
vt 0.203550 -0.093376 0.000000
vt 0.182054 -0.052387 0.000000
vt 0.182054 -0.104774 0.000000
vt 0.129784 -0.052387 0.000000
vt 0.129784 -0.104774 0.000000
vt 0.077514 -0.052387 0.000000
vt 0.077514 -0.104774 0.000000
vt 0.025244 -0.052387 0.000000
vt 0.025244 -0.104774 0.000000
vt -0.027027 -0.052387 0.000000
vt -0.027027 -0.104774 0.000000
vt -0.079297 -0.052387 0.000000
vt -0.079297 -0.104774 0.000000
vt -0.131567 -0.052387 0.000000
vt -0.131567 -0.104774 0.000000
vt -0.177476 -0.093737 0.000000
vt -0.165201 -0.153394 0.000000
vt 0.025244 0.157161 0.000000
vt 0.016417 0.195168 0.000000
vt -0.027027 0.157161 0.000000
vt -0.027027 0.209548 0.000000
vt -0.079297 0.157161 0.000000
vt -0.079297 0.209549 0.000000
vt -0.131567 0.157161 0.000000
vt -0.131567 0.209551 0.000000
vt -0.147787 0.209552 0.000000
vt -0.126160 0.261934 0.000000
vt -0.078988 0.238133 0.000000
vt -0.031368 0.216289 0.000000
vt -0.165201 0.153394 0.000000
vt -0.131567 0.104774 0.000000
vt -0.079297 0.104774 0.000000
vt -0.079297 0.052387 0.000000
vt -0.027027 0.052387 0.000000
vt -0.027027 0.000000 0.000000
vt 0.025244 0.000000 0.000000
vt -0.177476 0.093737 0.000000
vt -0.131567 0.052387 0.000000
vt -0.079297 0.000000 0.000000
vt -0.183837 0.031555 0.000000
vt -0.131567 0.000000 0.000000
vt -0.183837 -0.031555 0.000000
vt -0.131567 -0.157161 0.000000
vt -0.147787 -0.209552 0.000000
vt -0.131567 -0.209551 0.000000
vt -0.126160 -0.261934 0.000000
vt -0.078988 -0.238133 0.000000
vt -0.079297 -0.209549 0.000000
vt -0.031368 -0.216289 0.000000
vt -0.027027 -0.209548 0.000000
vt 0.016417 -0.195168 0.000000
vt -0.027027 -0.157161 0.000000
vt 0.025244 -0.157161 0.000000
vt 0.064116 -0.173673 0.000000
vt 0.077514 -0.157161 0.000000
vt 0.111464 -0.150635 0.000000
vt 0.158114 -0.124579 0.000000
vt 0.077514 0.000000 0.000000
vt 0.025244 0.052387 0.000000
vt 0.077514 0.052387 0.000000
vt 0.025244 0.104774 0.000000
vt 0.129784 0.000000 0.000000
vt -0.027027 0.104774 0.000000
vt -0.079297 -0.157161 0.000000
vt 0.147787 0.209552 0.000000
vt 0.126160 0.261934 0.000000
vt 0.131567 0.209551 0.000000
vt 0.078988 0.238133 0.000000
vt 0.079297 0.209549 0.000000
vt 0.031368 0.216289 0.000000
vt 0.027027 0.209548 0.000000
vt -0.016417 0.195168 0.000000
vt 0.027027 0.157161 0.000000
vt -0.025244 0.157161 0.000000
vt 0.027027 0.104774 0.000000
vt -0.025244 0.104774 0.000000
vt 0.027027 0.052387 0.000000
vt -0.025244 0.052387 0.000000
vt 0.027027 -0.000000 0.000000
vt -0.025244 -0.000000 0.000000
vt 0.027027 -0.052387 0.000000
vt -0.025244 -0.052387 0.000000
vt 0.027027 -0.104774 0.000000
vt -0.025244 -0.104774 0.000000
vt 0.027027 -0.157161 0.000000
vt -0.025244 -0.157161 0.000000
vt -0.016417 -0.195168 0.000000
vt -0.064116 -0.173673 0.000000
vt -0.077514 -0.157161 0.000000
vt -0.111464 -0.150635 0.000000
vt -0.077514 -0.104774 0.000000
vt -0.129784 -0.104774 0.000000
vt -0.129784 -0.052387 0.000000
vt -0.182054 -0.052387 0.000000
vt -0.182054 -0.000000 0.000000
vt -0.234325 -0.000000 0.000000
vt -0.234325 0.052387 0.000000
vt -0.246905 0.053672 0.000000
vt -0.203550 0.093376 0.000000
vt -0.182054 0.052387 0.000000
vt -0.182054 0.104774 0.000000
vt -0.129784 0.052387 0.000000
vt -0.129784 0.104774 0.000000
vt -0.077514 0.052387 0.000000
vt -0.077514 0.104774 0.000000
vt -0.064116 0.173673 0.000000
vt -0.077514 0.157161 0.000000
vt -0.111464 0.150635 0.000000
vt -0.158114 0.124579 0.000000
vt -0.286595 -0.000000 0.000000
vt -0.246905 -0.053672 0.000000
vt -0.234325 -0.052387 0.000000
vt -0.203550 -0.093376 0.000000
vt -0.182054 -0.104774 0.000000
vt -0.158114 -0.124579 0.000000
vt 0.027027 -0.209548 0.000000
vt 0.031368 -0.216289 0.000000
vt 0.079297 -0.209549 0.000000
vt 0.078988 -0.238133 0.000000
vt 0.131567 -0.209551 0.000000
vt 0.126160 -0.261934 0.000000
vt 0.147787 -0.209552 0.000000
vt 0.131567 -0.157161 0.000000
vt 0.165201 -0.153394 0.000000
vt 0.131567 -0.104774 0.000000
vt 0.177476 -0.093737 0.000000
vt 0.131567 -0.052387 0.000000
vt 0.183837 -0.031555 0.000000
vt 0.131567 -0.000000 0.000000
vt 0.183837 0.031555 0.000000
vt 0.131567 0.052387 0.000000
vt 0.177476 0.093737 0.000000
vt 0.131567 0.104774 0.000000
vt 0.165201 0.153394 0.000000
vt 0.131567 0.157161 0.000000
vt 0.079297 0.157161 0.000000
vt 0.079297 0.104774 0.000000
vt 0.079297 0.052387 0.000000
vt 0.079297 -0.000000 0.000000
vt 0.079297 -0.052387 0.000000
vt 0.079297 -0.104774 0.000000
vt 0.079297 -0.157161 0.000000
vt -0.129784 -0.000000 0.000000
vt -0.077514 -0.000000 0.000000
vt -0.077514 -0.052387 0.000000
vt -3.450000 0.183260 0.000000
vt -2.350000 0.183260 0.000000
vt -3.450000 0.235619 0.000000
vt -1.250000 0.183260 0.000000
vt 0.950000 0.235619 0.000000
vt -0.150000 0.183260 0.000000
vt 0.950000 0.183260 0.000000
vt 0.950000 0.130900 0.000000
vt -0.150000 0.130900 0.000000
vt 0.950000 0.078540 0.000000
vt -0.150000 0.078540 0.000000
vt 0.950000 0.026180 0.000000
vt -0.150000 0.026180 0.000000
vt 0.950000 -0.026180 0.000000
vt -0.150000 -0.026180 0.000000
vt 0.950000 -0.078540 0.000000
vt -0.150000 -0.078540 0.000000
vt 0.950000 -0.130900 0.000000
vt -0.150000 -0.130900 0.000000
vt 0.950000 -0.183260 0.000000
vt -0.150000 -0.183260 0.000000
vt 0.950000 -0.235619 0.000000
vt -1.250000 -0.183260 0.000000
vt -3.450000 -0.235619 0.000000
vt -2.350000 -0.183260 0.000000
vt -3.450000 -0.183260 0.000000
vt -3.450000 -0.130900 0.000000
vt -2.350000 -0.130900 0.000000
vt -3.450000 -0.078540 0.000000
vt -2.350000 -0.078540 0.000000
vt -3.450000 -0.026180 0.000000
vt -2.350000 -0.026180 0.000000
vt -3.450000 0.026180 0.000000
vt -2.350000 0.026180 0.000000
vt -3.450000 0.078540 0.000000
vt -2.350000 0.078540 0.000000
vt -3.450000 0.130900 0.000000
vt -2.350000 0.130900 0.000000
vt -1.250000 0.130900 0.000000
vt -1.250000 0.078540 0.000000
vt -1.250000 0.026180 0.000000
vt -1.250000 -0.026180 0.000000
vt -1.250000 -0.078540 0.000000
vt -1.250000 -0.130900 0.000000
vt -4.700000 0.183260 0.000000
vt -3.600000 0.183260 0.000000
vt -4.700000 0.235619 0.000000
vt -2.500000 0.183260 0.000000
vt -0.300000 0.235619 0.000000
vt -1.400000 0.183260 0.000000
vt -0.300000 0.183260 0.000000
vt -0.300000 0.130900 0.000000
vt -1.400000 0.130900 0.000000
vt -0.300000 0.078540 0.000000
vt -1.400000 0.078540 0.000000
vt -0.300000 0.026180 0.000000
vt -1.400000 0.026180 0.000000
vt -0.300000 -0.026180 0.000000
vt -1.400000 -0.026180 0.000000
vt -0.300000 -0.078540 0.000000
vt -1.400000 -0.078540 0.000000
vt -0.300000 -0.130900 0.000000
vt -1.400000 -0.130900 0.000000
vt -0.300000 -0.183260 0.000000
vt -1.400000 -0.183260 0.000000
vt -0.300000 -0.235619 0.000000
vt -2.500000 -0.183260 0.000000
vt -4.700000 -0.235619 0.000000
vt -3.600000 -0.183260 0.000000
vt -4.700000 -0.183260 0.000000
vt -4.700000 -0.130900 0.000000
vt -3.600000 -0.130900 0.000000
vt -4.700000 -0.078540 0.000000
vt -3.600000 -0.078540 0.000000
vt -4.700000 -0.026180 0.000000
vt -3.600000 -0.026180 0.000000
vt -4.700000 0.026180 0.000000
vt -3.600000 0.026180 0.000000
vt -4.700000 0.078540 0.000000
vt -3.600000 0.078540 0.000000
vt -4.700000 0.130900 0.000000
vt -3.600000 0.130900 0.000000
vt -2.500000 0.130900 0.000000
vt -2.500000 0.078540 0.000000
vt -2.500000 0.026180 0.000000
vt -2.500000 -0.026180 0.000000
vt -2.500000 -0.078540 0.000000
vt -2.500000 -0.130900 0.000000
vt 0.078988 -0.238133 0.000000
vt 0.126160 -0.261934 0.000000
vt 0.131567 -0.209551 0.000000
vt 0.147787 -0.209552 0.000000
vt 0.131567 -0.157161 0.000000
vt 0.165201 -0.153394 0.000000
vt 0.131567 -0.104774 0.000000
vt 0.177476 -0.093737 0.000000
vt 0.131567 -0.052387 0.000000
vt 0.183837 -0.031555 0.000000
vt 0.131567 0.000000 0.000000
vt 0.183837 0.031555 0.000000
vt 0.131567 0.052387 0.000000
vt 0.177476 0.093737 0.000000
vt 0.131567 0.104774 0.000000
vt 0.165201 0.153394 0.000000
vt 0.131567 0.157161 0.000000
vt 0.147787 0.209552 0.000000
vt 0.131567 0.209551 0.000000
vt 0.126160 0.261934 0.000000
vt 0.078988 0.238133 0.000000
vt 0.079297 0.209549 0.000000
vt 0.031368 0.216289 0.000000
vt 0.027027 0.209548 0.000000
vt -0.016417 0.195168 0.000000
vt 0.027027 0.157161 0.000000
vt -0.025244 0.157161 0.000000
vt 0.027027 0.104774 0.000000
vt -0.025244 0.104774 0.000000
vt 0.027027 0.052387 0.000000
vt -0.025244 0.052387 0.000000
vt 0.027027 0.000000 0.000000
vt -0.025244 0.000000 0.000000
vt 0.027027 -0.052387 0.000000
vt -0.025244 -0.052387 0.000000
vt 0.027027 -0.104774 0.000000
vt -0.025244 -0.104774 0.000000
vt 0.027027 -0.157161 0.000000
vt -0.025244 -0.157161 0.000000
vt -0.016417 -0.195168 0.000000
vt -0.064116 -0.173673 0.000000
vt -0.077514 -0.157161 0.000000
vt -0.111464 -0.150635 0.000000
vt -0.077514 -0.104774 0.000000
vt -0.129784 -0.104774 0.000000
vt -0.129784 -0.052387 0.000000
vt -0.182054 -0.052387 0.000000
vt -0.182054 0.000000 0.000000
vt -0.234325 0.000000 0.000000
vt -0.234325 0.052387 0.000000
vt -0.246905 0.053672 0.000000
vt -0.203550 0.093376 0.000000
vt -0.182054 0.052387 0.000000
vt -0.182054 0.104774 0.000000
vt -0.129784 0.052387 0.000000
vt -0.129784 0.104774 0.000000
vt -0.077514 0.052387 0.000000
vt -0.077514 0.104774 0.000000
vt -0.064116 0.173673 0.000000
vt -0.077514 0.157161 0.000000
vt -0.111464 0.150635 0.000000
vt -0.158114 0.124579 0.000000
vt -0.286595 0.000000 0.000000
vt -0.246905 -0.053672 0.000000
vt -0.234325 -0.052387 0.000000
vt -0.203550 -0.093376 0.000000
vt -0.182054 -0.104774 0.000000
vt -0.158114 -0.124579 0.000000
vt 0.027027 -0.209548 0.000000
vt 0.031368 -0.216289 0.000000
vt 0.079297 -0.209549 0.000000
vt 0.079297 -0.157161 0.000000
vt 0.079297 -0.104774 0.000000
vt 0.079297 -0.052387 0.000000
vt 0.079297 0.000000 0.000000
vt 0.079297 0.052387 0.000000
vt 0.079297 0.104774 0.000000
vt 0.079297 0.157161 0.000000
vt -0.077514 -0.052387 0.000000
vt -0.077514 0.000000 0.000000
vt -0.129784 0.000000 0.000000
vt -3.450000 0.183260 0.000000
vt -2.350000 0.183260 0.000000
vt -3.450000 0.235619 0.000000
vt -1.250000 0.183260 0.000000
vt 0.950000 0.235619 0.000000
vt -0.150000 0.183260 0.000000
vt 0.950000 0.183260 0.000000
vt 0.950000 0.130900 0.000000
vt -0.150000 0.130900 0.000000
vt 0.950000 0.078540 0.000000
vt -0.150000 0.078540 0.000000
vt 0.950000 0.026180 0.000000
vt -0.150000 0.026180 0.000000
vt 0.950000 -0.026180 0.000000
vt -0.150000 -0.026180 0.000000
vt 0.950000 -0.078540 0.000000
vt -0.150000 -0.078540 0.000000
vt 0.950000 -0.130900 0.000000
vt -0.150000 -0.130900 0.000000
vt 0.950000 -0.183260 0.000000
vt -0.150000 -0.183260 0.000000
vt 0.950000 -0.235619 0.000000
vt -1.250000 -0.183260 0.000000
vt -3.450000 -0.235619 0.000000
vt -2.350000 -0.183260 0.000000
vt -3.450000 -0.183260 0.000000
vt -3.450000 -0.130900 0.000000
vt -2.350000 -0.130900 0.000000
vt -3.450000 -0.078540 0.000000
vt -2.350000 -0.078540 0.000000
vt -3.450000 -0.026180 0.000000
vt -2.350000 -0.026180 0.000000
vt -3.450000 0.026180 0.000000
vt -2.350000 0.026180 0.000000
vt -3.450000 0.078540 0.000000
vt -2.350000 0.078540 0.000000
vt -3.450000 0.130900 0.000000
vt -2.350000 0.130900 0.000000
vt -1.250000 0.130900 0.000000
vt -1.250000 0.078540 0.000000
vt -1.250000 0.026180 0.000000
vt -1.250000 -0.026180 0.000000
vt -1.250000 -0.078540 0.000000
vt -1.250000 -0.130900 0.000000
vt -3.524896 0.183260 0.000000
vt -2.399931 0.183260 0.000000
vt -3.524896 0.235619 0.000000
vt -1.274965 0.183260 0.000000
vt 0.974965 0.235619 0.000000
vt -0.150000 0.183260 0.000000
vt 0.974965 0.183260 0.000000
vt 0.974965 0.130900 0.000000
vt -0.150000 0.130900 0.000000
vt 0.974965 0.078540 0.000000
vt -0.150000 0.078540 0.000000
vt 0.974965 0.026180 0.000000
vt -0.150000 0.026180 0.000000
vt 0.974965 -0.026180 0.000000
vt -0.150000 -0.026180 0.000000
vt 0.974965 -0.078540 0.000000
vt -0.150000 -0.078540 0.000000
vt 0.974965 -0.130900 0.000000
vt -0.150000 -0.130900 0.000000
vt 0.974965 -0.183260 0.000000
vt -0.150000 -0.183260 0.000000
vt 0.974965 -0.235619 0.000000
vt -1.274965 -0.183260 0.000000
vt -3.524896 -0.235619 0.000000
vt -2.399931 -0.183260 0.000000
vt -3.524896 -0.183260 0.000000
vt -3.524896 -0.130900 0.000000
vt -2.399931 -0.130900 0.000000
vt -3.524896 -0.078540 0.000000
vt -2.399931 -0.078540 0.000000
vt -3.524896 -0.026180 0.000000
vt -2.399931 -0.026180 0.000000
vt -3.524896 0.026180 0.000000
vt -2.399931 0.026180 0.000000
vt -3.524896 0.078540 0.000000
vt -2.399931 0.078540 0.000000
vt -3.524896 0.130900 0.000000
vt -2.399931 0.130900 0.000000
vt -1.274965 0.130900 0.000000
vt -1.274965 0.078540 0.000000
vt -1.274965 0.026180 0.000000
vt -1.274965 -0.026180 0.000000
vt -1.274965 -0.078540 0.000000
vt -1.274965 -0.130900 0.000000
vt -4.700000 0.183260 0.000000
vt -3.600000 0.183260 0.000000
vt -4.700000 0.235619 0.000000
vt -2.500000 0.183260 0.000000
vt -0.300000 0.235619 0.000000
vt -1.400000 0.183260 0.000000
vt -0.300000 0.183260 0.000000
vt -0.300000 0.130900 0.000000
vt -1.400000 0.130900 0.000000
vt -0.300000 0.078540 0.000000
vt -1.400000 0.078540 0.000000
vt -0.300000 0.026180 0.000000
vt -1.400000 0.026180 0.000000
vt -0.300000 -0.026180 0.000000
vt -1.400000 -0.026180 0.000000
vt -0.300000 -0.078540 0.000000
vt -1.400000 -0.078540 0.000000
vt -0.300000 -0.130900 0.000000
vt -1.400000 -0.130900 0.000000
vt -0.300000 -0.183260 0.000000
vt -1.400000 -0.183260 0.000000
vt -0.300000 -0.235619 0.000000
vt -2.500000 -0.183260 0.000000
vt -4.700000 -0.235619 0.000000
vt -3.600000 -0.183260 0.000000
vt -4.700000 -0.183260 0.000000
vt -4.700000 -0.130900 0.000000
vt -3.600000 -0.130900 0.000000
vt -4.700000 -0.078540 0.000000
vt -3.600000 -0.078540 0.000000
vt -4.700000 -0.026180 0.000000
vt -3.600000 -0.026180 0.000000
vt -4.700000 0.026180 0.000000
vt -3.600000 0.026180 0.000000
vt -4.700000 0.078540 0.000000
vt -3.600000 0.078540 0.000000
vt -4.700000 0.130900 0.000000
vt -3.600000 0.130900 0.000000
vt -2.500000 0.130900 0.000000
vt -2.500000 0.078540 0.000000
vt -2.500000 0.026180 0.000000
vt -2.500000 -0.026180 0.000000
vt -2.500000 -0.078540 0.000000
vt -2.500000 -0.130900 0.000000
vt -3.524896 0.183260 0.000000
vt -2.399931 0.183260 0.000000
vt -3.524896 0.235619 0.000000
vt -1.274965 0.183260 0.000000
vt 0.974965 0.235619 0.000000
vt -0.150000 0.183260 0.000000
vt 0.974965 0.183260 0.000000
vt 0.974965 0.130900 0.000000
vt -0.150000 0.130900 0.000000
vt 0.974965 0.078540 0.000000
vt -0.150000 0.078540 0.000000
vt 0.974965 0.026180 0.000000
vt -0.150000 0.026180 0.000000
vt 0.974965 -0.026180 0.000000
vt -0.150000 -0.026180 0.000000
vt 0.974965 -0.078540 0.000000
vt -0.150000 -0.078540 0.000000
vt 0.974965 -0.130900 0.000000
vt -0.150000 -0.130900 0.000000
vt 0.974965 -0.183260 0.000000
vt -0.150000 -0.183260 0.000000
vt 0.974965 -0.235619 0.000000
vt -1.274965 -0.183260 0.000000
vt -3.524896 -0.235619 0.000000
vt -2.399931 -0.183260 0.000000
vt -3.524896 -0.183260 0.000000
vt -3.524896 -0.130900 0.000000
vt -2.399931 -0.130900 0.000000
vt -3.524896 -0.078540 0.000000
vt -2.399931 -0.078540 0.000000
vt -3.524896 -0.026180 0.000000
vt -2.399931 -0.026180 0.000000
vt -3.524896 0.026180 0.000000
vt -2.399931 0.026180 0.000000
vt -3.524896 0.078540 0.000000
vt -2.399931 0.078540 0.000000
vt -3.524896 0.130900 0.000000
vt -2.399931 0.130900 0.000000
vt -1.274965 0.130900 0.000000
vt -1.274965 0.078540 0.000000
vt -1.274965 0.026180 0.000000
vt -1.274965 -0.026180 0.000000
vt -1.274965 -0.078540 0.000000
vt -1.274965 -0.130900 0.000000
vt -3.450000 0.183260 0.000000
vt -2.350000 0.183260 0.000000
vt -3.450000 0.235619 0.000000
vt -1.250000 0.183260 0.000000
vt 0.950000 0.235619 0.000000
vt -0.150000 0.183260 0.000000
vt 0.950000 0.183260 0.000000
vt 0.950000 0.130900 0.000000
vt -0.150000 0.130900 0.000000
vt 0.950000 0.078540 0.000000
vt -0.150000 0.078540 0.000000
vt 0.950000 0.026180 0.000000
vt -0.150000 0.026180 0.000000
vt 0.950000 -0.026180 0.000000
vt -0.150000 -0.026180 0.000000
vt 0.950000 -0.078540 0.000000
vt -0.150000 -0.078540 0.000000
vt 0.950000 -0.130900 0.000000
vt -0.150000 -0.130900 0.000000
vt 0.950000 -0.183260 0.000000
vt -0.150000 -0.183260 0.000000
vt 0.950000 -0.235619 0.000000
vt -1.250000 -0.183260 0.000000
vt -3.450000 -0.235619 0.000000
vt -2.350000 -0.183260 0.000000
vt -3.450000 -0.183260 0.000000
vt -3.450000 -0.130900 0.000000
vt -2.350000 -0.130900 0.000000
vt -3.450000 -0.078540 0.000000
vt -2.350000 -0.078540 0.000000
vt -3.450000 -0.026180 0.000000
vt -2.350000 -0.026180 0.000000
vt -3.450000 0.026180 0.000000
vt -2.350000 0.026180 0.000000
vt -3.450000 0.078540 0.000000
vt -2.350000 0.078540 0.000000
vt -3.450000 0.130900 0.000000
vt -2.350000 0.130900 0.000000
vt -1.250000 0.130900 0.000000
vt -1.250000 0.078540 0.000000
vt -1.250000 0.026180 0.000000
vt -1.250000 -0.026180 0.000000
vt -1.250000 -0.078540 0.000000
vt -1.250000 -0.130900 0.000000
vt -4.700000 0.183260 0.000000
vt -3.600000 0.183260 0.000000
vt -4.700000 0.235619 0.000000
vt -2.500000 0.183260 0.000000
vt -0.300000 0.235619 0.000000
vt -1.400000 0.183260 0.000000
vt -0.300000 0.183260 0.000000
vt -0.300000 0.130900 0.000000
vt -1.400000 0.130900 0.000000
vt -0.300000 0.078540 0.000000
vt -1.400000 0.078540 0.000000
vt -0.300000 0.026180 0.000000
vt -1.400000 0.026180 0.000000
vt -0.300000 -0.026180 0.000000
vt -1.400000 -0.026180 0.000000
vt -0.300000 -0.078540 0.000000
vt -1.400000 -0.078540 0.000000
vt -0.300000 -0.130900 0.000000
vt -1.400000 -0.130900 0.000000
vt -0.300000 -0.183260 0.000000
vt -1.400000 -0.183260 0.000000
vt -0.300000 -0.235619 0.000000
vt -2.500000 -0.183260 0.000000
vt -4.700000 -0.235619 0.000000
vt -3.600000 -0.183260 0.000000
vt -4.700000 -0.183260 0.000000
vt -4.700000 -0.130900 0.000000
vt -3.600000 -0.130900 0.000000
vt -4.700000 -0.078540 0.000000
vt -3.600000 -0.078540 0.000000
vt -4.700000 -0.026180 0.000000
vt -3.600000 -0.026180 0.000000
vt -4.700000 0.026180 0.000000
vt -3.600000 0.026180 0.000000
vt -4.700000 0.078540 0.000000
vt -3.600000 0.078540 0.000000
vt -4.700000 0.130900 0.000000
vt -3.600000 0.130900 0.000000
vt -2.500000 0.130900 0.000000
vt -2.500000 0.078540 0.000000
vt -2.500000 0.026180 0.000000
vt -2.500000 -0.026180 0.000000
vt -2.500000 -0.078540 0.000000
vt -2.500000 -0.130900 0.000000
vt -3.450000 0.183260 0.000000
vt -2.350000 0.183260 0.000000
vt -3.450000 0.235619 0.000000
vt -1.250000 0.183260 0.000000
vt 0.950000 0.235619 0.000000
vt -0.150000 0.183260 0.000000
vt 0.950000 0.183260 0.000000
vt 0.950000 0.130900 0.000000
vt -0.150000 0.130900 0.000000
vt 0.950000 0.078540 0.000000
vt -0.150000 0.078540 0.000000
vt 0.950000 0.026180 0.000000
vt -0.150000 0.026180 0.000000
vt 0.950000 -0.026180 0.000000
vt -0.150000 -0.026180 0.000000
vt 0.950000 -0.078540 0.000000
vt -0.150000 -0.078540 0.000000
vt 0.950000 -0.130900 0.000000
vt -0.150000 -0.130900 0.000000
vt 0.950000 -0.183260 0.000000
vt -0.150000 -0.183260 0.000000
vt 0.950000 -0.235619 0.000000
vt -1.250000 -0.183260 0.000000
vt -3.450000 -0.235619 0.000000
vt -2.350000 -0.183260 0.000000
vt -3.450000 -0.183260 0.000000
vt -3.450000 -0.130900 0.000000
vt -2.350000 -0.130900 0.000000
vt -3.450000 -0.078540 0.000000
vt -2.350000 -0.078540 0.000000
vt -3.450000 -0.026180 0.000000
vt -2.350000 -0.026180 0.000000
vt -3.450000 0.026180 0.000000
vt -2.350000 0.026180 0.000000
vt -3.450000 0.078540 0.000000
vt -2.350000 0.078540 0.000000
vt -3.450000 0.130900 0.000000
vt -2.350000 0.130900 0.000000
vt -1.250000 0.130900 0.000000
vt -1.250000 0.078540 0.000000
vt -1.250000 0.026180 0.000000
vt -1.250000 -0.026180 0.000000
vt -1.250000 -0.078540 0.000000
vt -1.250000 -0.130900 0.000000
vt -4.700000 0.183260 0.000000
vt -3.600000 0.183260 0.000000
vt -4.700000 0.235619 0.000000
vt -2.500000 0.183260 0.000000
vt -0.300000 0.235619 0.000000
vt -1.400000 0.183260 0.000000
vt -0.300000 0.183260 0.000000
vt -0.300000 0.130900 0.000000
vt -1.400000 0.130900 0.000000
vt -0.300000 0.078540 0.000000
vt -1.400000 0.078540 0.000000
vt -0.300000 0.026180 0.000000
vt -1.400000 0.026180 0.000000
vt -0.300000 -0.026180 0.000000
vt -1.400000 -0.026180 0.000000
vt -0.300000 -0.078540 0.000000
vt -1.400000 -0.078540 0.000000
vt -0.300000 -0.130900 0.000000
vt -1.400000 -0.130900 0.000000
vt -0.300000 -0.183260 0.000000
vt -1.400000 -0.183260 0.000000
vt -0.300000 -0.235619 0.000000
vt -2.500000 -0.183260 0.000000
vt -4.700000 -0.235619 0.000000
vt -3.600000 -0.183260 0.000000
vt -4.700000 -0.183260 0.000000
vt -4.700000 -0.130900 0.000000
vt -3.600000 -0.130900 0.000000
vt -4.700000 -0.078540 0.000000
vt -3.600000 -0.078540 0.000000
vt -4.700000 -0.026180 0.000000
vt -3.600000 -0.026180 0.000000
vt -4.700000 0.026180 0.000000
vt -3.600000 0.026180 0.000000
vt -4.700000 0.078540 0.000000
vt -3.600000 0.078540 0.000000
vt -4.700000 0.130900 0.000000
vt -3.600000 0.130900 0.000000
vt -2.500000 0.130900 0.000000
vt -2.500000 0.078540 0.000000
vt -2.500000 0.026180 0.000000
vt -2.500000 -0.026180 0.000000
vt -2.500000 -0.078540 0.000000
vt -2.500000 -0.130900 0.000000
vt -3.524896 0.183260 0.000000
vt -2.399931 0.183260 0.000000
vt -3.524896 0.235619 0.000000
vt -1.274965 0.183260 0.000000
vt 0.974965 0.235619 0.000000
vt -0.150000 0.183260 0.000000
vt 0.974965 0.183260 0.000000
vt 0.974965 0.130900 0.000000
vt -0.150000 0.130900 0.000000
vt 0.974965 0.078540 0.000000
vt -0.150000 0.078540 0.000000
vt 0.974965 0.026180 0.000000
vt -0.150000 0.026180 0.000000
vt 0.974965 -0.026180 0.000000
vt -0.150000 -0.026180 0.000000
vt 0.974965 -0.078540 0.000000
vt -0.150000 -0.078540 0.000000
vt 0.974965 -0.130900 0.000000
vt -0.150000 -0.130900 0.000000
vt 0.974965 -0.183260 0.000000
vt -0.150000 -0.183260 0.000000
vt 0.974965 -0.235619 0.000000
vt -1.274965 -0.183260 0.000000
vt -3.524896 -0.235619 0.000000
vt -2.399931 -0.183260 0.000000
vt -3.524896 -0.183260 0.000000
vt -3.524896 -0.130900 0.000000
vt -2.399931 -0.130900 0.000000
vt -3.524896 -0.078540 0.000000
vt -2.399931 -0.078540 0.000000
vt -3.524896 -0.026180 0.000000
vt -2.399931 -0.026180 0.000000
vt -3.524896 0.026180 0.000000
vt -2.399931 0.026180 0.000000
vt -3.524896 0.078540 0.000000
vt -2.399931 0.078540 0.000000
vt -3.524896 0.130900 0.000000
vt -2.399931 0.130900 0.000000
vt -1.274965 0.130900 0.000000
vt -1.274965 0.078540 0.000000
vt -1.274965 0.026180 0.000000
vt -1.274965 -0.026180 0.000000
vt -1.274965 -0.078540 0.000000
vt -1.274965 -0.130900 0.000000
vt 3.044602 2.427199 0.000000
vt 4.799861 0.300000 0.000000
vt 3.049931 2.500000 0.000000
vt 4.799861 4.700000 0.000000
vt 3.044602 2.572801 0.000000
vt 3.028731 2.644050 0.000000
vt 3.002655 2.712228 0.000000
vt 2.966930 2.775884 0.000000
vt 2.922317 2.833659 0.000000
vt 2.869767 2.884324 0.000000
vt 2.810401 2.926797 0.000000
vt 2.745483 2.960173 0.000000
vt 2.676397 2.983742 0.000000
vt 2.604616 2.997000 0.000000
vt 2.531670 2.999666 0.000000
vt 0.300000 4.700000 0.000000
vt 2.459112 2.991683 0.000000
vt 2.388490 2.973220 0.000000
vt 2.321309 2.944671 0.000000
vt 2.259001 2.906645 0.000000
vt 2.202894 2.859952 0.000000
vt 2.154182 2.805587 0.000000
vt 2.113906 2.744709 0.000000
vt 2.082923 2.678615 0.000000
vt 2.061893 2.608715 0.000000
vt 2.051264 2.536498 0.000000
vt 0.300000 0.300000 0.000000
vt 2.051264 2.463502 0.000000
vt 2.061893 2.391285 0.000000
vt 2.082923 2.321385 0.000000
vt 2.113906 2.255291 0.000000
vt 2.154182 2.194413 0.000000
vt 2.202894 2.140048 0.000000
vt 2.259001 2.093355 0.000000
vt 2.321309 2.055329 0.000000
vt 2.388490 2.026780 0.000000
vt 2.459112 2.008317 0.000000
vt 2.531670 2.000334 0.000000
vt 2.604616 2.003000 0.000000
vt 2.676397 2.016258 0.000000
vt 2.745483 2.039827 0.000000
vt 2.810401 2.073203 0.000000
vt 2.869767 2.115676 0.000000
vt 2.922317 2.166341 0.000000
vt 2.966930 2.224116 0.000000
vt 3.002655 2.287772 0.000000
vt 3.028731 2.355950 0.000000
vt -1.005328 1.572801 0.000000
vt -1.000000 1.500000 0.000000
vt 2.249931 2.200000 0.000000
vt -1.005328 1.427199 0.000000
vt -1.021200 1.355950 0.000000
vt -1.047276 1.287772 0.000000
vt 1.338560 -1.026780 0.000000
vt 1.409182 -1.008317 0.000000
vt 1.481739 -1.000334 0.000000
vt 1.554686 -1.003000 0.000000
vt 1.271379 -1.055329 0.000000
vt -1.083001 1.224116 0.000000
vt 1.209071 -1.093355 0.000000
vt -1.127614 1.166341 0.000000
vt 1.152963 -1.140048 0.000000
vt -1.180163 1.115676 0.000000
vt 1.104252 -1.194413 0.000000
vt -1.239530 1.073203 0.000000
vt 1.063975 -1.255291 0.000000
vt -1.304448 1.039827 0.000000
vt 1.032992 -1.321385 0.000000
vt -1.373533 1.016258 0.000000
vt 1.011962 -1.391285 0.000000
vt -2.249931 -2.200000 0.000000
vt 1.001334 -1.463502 0.000000
vt 1.001334 -1.536498 0.000000
vt 1.011962 -1.608715 0.000000
vt 1.032992 -1.678615 0.000000
vt 1.063975 -1.744709 0.000000
vt 1.104252 -1.805587 0.000000
vt 1.152963 -1.859952 0.000000
vt 1.209071 -1.906645 0.000000
vt 1.271379 -1.944671 0.000000
vt 1.338560 -1.973220 0.000000
vt 1.409182 -1.991683 0.000000
vt 2.249931 -2.200000 0.000000
vt 1.481739 -1.999666 0.000000
vt 1.554686 -1.997000 0.000000
vt 1.626467 -1.983742 0.000000
vt 1.695552 -1.960173 0.000000
vt 1.760470 -1.926797 0.000000
vt 1.819837 -1.884324 0.000000
vt 1.872386 -1.833659 0.000000
vt 1.916999 -1.775884 0.000000
vt 1.952724 -1.712228 0.000000
vt 1.978800 -1.644050 0.000000
vt 1.994672 -1.572801 0.000000
vt 2.000000 -1.500000 0.000000
vt 1.994672 -1.427199 0.000000
vt 1.978800 -1.355950 0.000000
vt 1.952724 -1.287772 0.000000
vt 1.916999 -1.224116 0.000000
vt 1.872386 -1.166341 0.000000
vt 1.819837 -1.115676 0.000000
vt 1.760470 -1.073203 0.000000
vt 1.695552 -1.039827 0.000000
vt 1.626467 -1.016258 0.000000
vt -1.445314 1.003000 0.000000
vt -1.518261 1.000334 0.000000
vt -1.590818 1.008317 0.000000
vt -1.661440 1.026780 0.000000
vt -1.728621 1.055329 0.000000
vt -1.790929 1.093355 0.000000
vt -1.847037 1.140048 0.000000
vt -1.895748 1.194413 0.000000
vt -1.936025 1.255291 0.000000
vt -1.967008 1.321385 0.000000
vt -1.988038 1.391285 0.000000
vt -2.249931 2.200000 0.000000
vt -1.998666 1.463502 0.000000
vt -1.998666 1.536498 0.000000
vt -1.988038 1.608715 0.000000
vt -1.967008 1.678615 0.000000
vt -1.936025 1.744709 0.000000
vt -1.895748 1.805587 0.000000
vt -1.847037 1.859952 0.000000
vt -1.790929 1.906645 0.000000
vt -1.728621 1.944671 0.000000
vt -1.661440 1.973220 0.000000
vt -1.590818 1.991683 0.000000
vt -1.518261 1.999666 0.000000
vt -1.445314 1.997000 0.000000
vt -1.373533 1.983742 0.000000
vt -1.304448 1.960173 0.000000
vt -1.239530 1.926797 0.000000
vt -1.180163 1.884324 0.000000
vt -1.127614 1.833659 0.000000
vt -1.083001 1.775884 0.000000
vt -1.047276 1.712228 0.000000
vt -1.021200 1.644050 0.000000
vt 1.072801 0.505328 0.000000
vt 1.000000 0.500000 0.000000
vt 0.300000 0.300000 0.000000
vt 0.927199 0.505328 0.000000
vt 0.855950 0.521200 0.000000
vt 0.787772 0.547276 0.000000
vt 0.724116 0.583001 0.000000
vt 0.666341 0.627614 0.000000
vt 0.615676 0.680163 0.000000
vt 0.573203 0.739530 0.000000
vt 0.539827 0.804448 0.000000
vt 0.516258 0.873533 0.000000
vt 0.503000 0.945314 0.000000
vt 0.500334 1.018261 0.000000
vt 0.508317 1.090818 0.000000
vt 0.300000 4.700000 0.000000
vt 0.516258 3.873533 0.000000
vt 0.503000 3.945314 0.000000
vt 0.526780 1.161440 0.000000
vt 0.539827 3.804448 0.000000
vt 0.555329 1.228621 0.000000
vt 0.573203 3.739530 0.000000
vt 0.593355 1.290929 0.000000
vt 0.615676 3.680163 0.000000
vt 0.640048 1.347037 0.000000
vt 0.666341 3.627614 0.000000
vt 0.694413 1.395748 0.000000
vt 0.724116 3.583001 0.000000
vt 0.755291 1.436025 0.000000
vt 0.787772 3.547276 0.000000
vt 0.821385 1.467008 0.000000
vt 0.855950 3.521200 0.000000
vt 0.891285 1.488038 0.000000
vt 0.927199 3.505328 0.000000
vt 0.963502 1.498666 0.000000
vt 1.000000 3.500000 0.000000
vt 1.036498 1.498666 0.000000
vt 1.072801 3.505328 0.000000
vt 1.108715 1.488038 0.000000
vt 1.144050 3.521200 0.000000
vt 1.178615 1.467008 0.000000
vt 1.212228 3.547276 0.000000
vt 1.244709 1.436025 0.000000
vt 1.275884 3.583001 0.000000
vt 1.305587 1.395748 0.000000
vt 1.333659 3.627614 0.000000
vt 1.359952 1.347037 0.000000
vt 3.640048 1.347037 0.000000
vt 3.593355 1.290929 0.000000
vt 1.406645 1.290929 0.000000
vt 3.555329 1.228621 0.000000
vt 1.444671 1.228621 0.000000
vt 3.526780 1.161440 0.000000
vt 1.473220 1.161440 0.000000
vt 3.508317 1.090818 0.000000
vt 1.491683 1.090818 0.000000
vt 3.500334 1.018261 0.000000
vt 1.499666 1.018261 0.000000
vt 3.503000 0.945314 0.000000
vt 1.497000 0.945314 0.000000
vt 3.516258 0.873533 0.000000
vt 1.483742 0.873533 0.000000
vt 3.539827 0.804448 0.000000
vt 1.460173 0.804448 0.000000
vt 3.573203 0.739530 0.000000
vt 1.426797 0.739530 0.000000
vt 3.615676 0.680163 0.000000
vt 1.384324 0.680163 0.000000
vt 3.666341 0.627614 0.000000
vt 1.333659 0.627614 0.000000
vt 3.724116 0.583001 0.000000
vt 1.275884 0.583001 0.000000
vt 3.787772 0.547276 0.000000
vt 1.212228 0.547276 0.000000
vt 3.855950 0.521200 0.000000
vt 1.144050 0.521200 0.000000
vt 3.927199 0.505328 0.000000
vt 4.700000 0.300000 0.000000
vt 3.927199 3.505328 0.000000
vt 3.963502 1.498666 0.000000
vt 4.000000 3.500000 0.000000
vt 4.036498 1.498666 0.000000
vt 4.072801 3.505328 0.000000
vt 4.108715 1.488038 0.000000
vt 4.144050 3.521200 0.000000
vt 4.178615 1.467008 0.000000
vt 4.212228 3.547276 0.000000
vt 4.244709 1.436025 0.000000
vt 4.275884 3.583001 0.000000
vt 4.305587 1.395748 0.000000
vt 4.333659 3.627614 0.000000
vt 4.359952 1.347037 0.000000
vt 4.384324 3.680163 0.000000
vt 4.406645 1.290929 0.000000
vt 4.426797 3.739530 0.000000
vt 4.444671 1.228621 0.000000
vt 4.460173 3.804448 0.000000
vt 4.473220 1.161440 0.000000
vt 4.483742 3.873533 0.000000
vt 4.491683 1.090818 0.000000
vt 4.700000 4.700000 0.000000
vt 4.499666 1.018261 0.000000
vt 4.497000 0.945314 0.000000
vt 3.891285 1.488038 0.000000
vt 3.855950 3.521200 0.000000
vt 3.821385 1.467008 0.000000
vt 3.787772 3.547276 0.000000
vt 3.755291 1.436025 0.000000
vt 3.724116 3.583001 0.000000
vt 3.694413 1.395748 0.000000
vt 3.666341 3.627614 0.000000
vt 1.384324 3.680163 0.000000
vt 3.615676 3.680163 0.000000
vt 1.426797 3.739530 0.000000
vt 3.573203 3.739530 0.000000
vt 1.460173 3.804448 0.000000
vt 3.539827 3.804448 0.000000
vt 1.483742 3.873533 0.000000
vt 3.516258 3.873533 0.000000
vt 1.497000 3.945314 0.000000
vt 3.503000 3.945314 0.000000
vt 1.499666 4.018261 0.000000
vt 3.500334 4.018261 0.000000
vt 1.491683 4.090818 0.000000
vt 3.508317 4.090818 0.000000
vt 1.473220 4.161440 0.000000
vt 3.526780 4.161440 0.000000
vt 1.444671 4.228621 0.000000
vt 3.555329 4.228621 0.000000
vt 1.406645 4.290929 0.000000
vt 3.593355 4.290929 0.000000
vt 1.359952 4.347037 0.000000
vt 3.640048 4.347037 0.000000
vt 1.305587 4.395748 0.000000
vt 3.694413 4.395748 0.000000
vt 1.244709 4.436025 0.000000
vt 3.755291 4.436025 0.000000
vt 1.178615 4.467008 0.000000
vt 3.821385 4.467008 0.000000
vt 1.108715 4.488038 0.000000
vt 3.891285 4.488038 0.000000
vt 3.963502 4.498666 0.000000
vt 4.036498 4.498666 0.000000
vt 4.108715 4.488038 0.000000
vt 4.178615 4.467008 0.000000
vt 4.244709 4.436025 0.000000
vt 4.305587 4.395748 0.000000
vt 4.359952 4.347037 0.000000
vt 4.406645 4.290929 0.000000
vt 4.444671 4.228621 0.000000
vt 4.473220 4.161440 0.000000
vt 4.491683 4.090818 0.000000
vt 4.499666 4.018261 0.000000
vt 4.497000 3.945314 0.000000
vt 0.500334 4.018261 0.000000
vt 0.508317 4.090818 0.000000
vt 0.526780 4.161440 0.000000
vt 0.555329 4.228621 0.000000
vt 0.593355 4.290929 0.000000
vt 0.640048 4.347037 0.000000
vt 0.694413 4.395748 0.000000
vt 0.755291 4.436025 0.000000
vt 0.821385 4.467008 0.000000
vt 0.891285 4.488038 0.000000
vt 0.963502 4.498666 0.000000
vt 1.036498 4.498666 0.000000
vt 4.072801 0.505328 0.000000
vt 4.000000 0.500000 0.000000
vt 4.483742 0.873533 0.000000
vt 4.460173 0.804448 0.000000
vt 4.426797 0.739530 0.000000
vt 4.384324 0.680163 0.000000
vt 4.333659 0.627614 0.000000
vt 4.275884 0.583001 0.000000
vt 4.212228 0.547276 0.000000
vt 4.144050 0.521200 0.000000
vt 4.544602 4.072801 0.000000
vt 4.549931 4.000000 0.000000
vt 4.799861 4.700000 0.000000
vt 4.544602 3.927199 0.000000
vt 4.544602 2.572801 0.000000
vt 4.528731 3.855950 0.000000
vt 4.528731 2.644050 0.000000
vt 4.502655 3.787772 0.000000
vt 4.502655 2.712228 0.000000
vt 4.466930 3.724116 0.000000
vt 4.466930 2.775884 0.000000
vt 4.422317 3.666341 0.000000
vt 4.422317 2.833659 0.000000
vt 4.369767 3.615676 0.000000
vt 4.369767 2.884324 0.000000
vt 4.310401 3.573203 0.000000
vt 4.310401 2.926797 0.000000
vt 4.245483 3.539827 0.000000
vt 4.245483 2.960173 0.000000
vt 4.176397 3.516258 0.000000
vt 4.176397 2.983742 0.000000
vt 4.104616 3.503000 0.000000
vt 4.104616 2.997000 0.000000
vt 4.031670 3.500334 0.000000
vt 4.031670 2.999666 0.000000
vt 3.959112 2.991683 0.000000
vt 3.959112 3.508317 0.000000
vt 3.888490 2.973220 0.000000
vt 3.888490 3.526780 0.000000
vt 3.821309 2.944671 0.000000
vt 3.821309 3.555329 0.000000
vt 3.759001 2.906645 0.000000
vt 3.759001 3.593355 0.000000
vt 3.702894 2.859952 0.000000
vt 3.702894 3.640048 0.000000
vt 3.654182 3.694413 0.000000
vt 3.654182 2.805587 0.000000
vt 3.613906 3.755291 0.000000
vt 3.613906 2.744709 0.000000
vt 1.502655 3.787772 0.000000
vt 1.502655 2.712228 0.000000
vt 1.466930 3.724116 0.000000
vt 1.466930 2.775884 0.000000
vt 1.422317 3.666341 0.000000
vt 1.422317 2.833659 0.000000
vt 1.369767 3.615676 0.000000
vt 1.369767 2.884324 0.000000
vt 1.310401 3.573203 0.000000
vt 1.310401 2.926797 0.000000
vt 1.245483 3.539827 0.000000
vt 1.245483 2.960173 0.000000
vt 1.176397 3.516258 0.000000
vt 1.176397 2.983742 0.000000
vt 1.104616 3.503000 0.000000
vt 1.104616 2.997000 0.000000
vt 1.031670 3.500334 0.000000
vt 1.031670 2.999666 0.000000
vt 0.959112 2.991683 0.000000
vt 0.959112 3.508317 0.000000
vt 0.888490 2.973220 0.000000
vt 0.888490 3.526780 0.000000
vt 0.821309 2.944671 0.000000
vt 0.821309 3.555329 0.000000
vt 0.759001 2.906645 0.000000
vt 0.759001 3.593355 0.000000
vt 0.702894 2.859952 0.000000
vt 0.702894 3.640048 0.000000
vt 0.654182 2.805587 0.000000
vt 0.654182 3.694413 0.000000
vt 0.613906 2.744709 0.000000
vt 0.613906 3.755291 0.000000
vt 0.582923 2.678615 0.000000
vt 0.582923 3.821385 0.000000
vt 0.561893 2.608715 0.000000
vt 0.561893 3.891285 0.000000
vt 0.300000 4.700000 0.000000
vt 0.551264 3.963502 0.000000
vt 0.551264 4.036498 0.000000
vt 3.582923 3.821385 0.000000
vt 1.528731 3.855950 0.000000
vt 3.561893 3.891285 0.000000
vt 1.544602 3.927199 0.000000
vt 3.551264 3.963502 0.000000
vt 1.549931 4.000000 0.000000
vt 3.551264 4.036498 0.000000
vt 1.544602 4.072801 0.000000
vt 3.561893 4.108715 0.000000
vt 1.528731 4.144050 0.000000
vt 3.582923 4.178615 0.000000
vt 1.502655 4.212228 0.000000
vt 3.613906 4.244709 0.000000
vt 1.466930 4.275884 0.000000
vt 3.654182 4.305587 0.000000
vt 1.422317 4.333659 0.000000
vt 3.702894 4.359952 0.000000
vt 1.369767 4.384324 0.000000
vt 3.759001 4.406645 0.000000
vt 1.310401 4.426797 0.000000
vt 3.821309 4.444671 0.000000
vt 1.245483 4.460173 0.000000
vt 3.888490 4.473220 0.000000
vt 1.176397 4.483742 0.000000
vt 3.959112 4.491683 0.000000
vt 4.031670 4.499666 0.000000
vt 4.104616 4.497000 0.000000
vt 4.176397 4.483742 0.000000
vt 4.245483 4.460173 0.000000
vt 4.310401 4.426797 0.000000
vt 4.369767 4.384324 0.000000
vt 4.422317 4.333659 0.000000
vt 4.466930 4.275884 0.000000
vt 4.502655 4.212228 0.000000
vt 4.528731 4.144050 0.000000
vt 1.544602 0.927199 0.000000
vt 3.551264 0.963502 0.000000
vt 1.549931 1.000000 0.000000
vt 3.551264 1.036498 0.000000
vt 1.544602 1.072801 0.000000
vt 3.561893 1.108715 0.000000
vt 1.528731 1.144050 0.000000
vt 3.582923 1.178615 0.000000
vt 1.502655 1.212228 0.000000
vt 3.613906 1.244709 0.000000
vt 1.502655 2.287772 0.000000
vt 3.613906 2.255291 0.000000
vt 3.582923 2.321385 0.000000
vt 3.561893 0.891285 0.000000
vt 1.528731 0.855950 0.000000
vt 3.582923 0.821385 0.000000
vt 1.502655 0.787772 0.000000
vt 3.613906 0.755291 0.000000
vt 1.466930 0.724116 0.000000
vt 3.654182 0.694413 0.000000
vt 1.422317 0.666341 0.000000
vt 3.702894 0.640048 0.000000
vt 1.369767 0.615676 0.000000
vt 3.759001 0.593355 0.000000
vt 1.310401 0.573203 0.000000
vt 3.821309 0.555329 0.000000
vt 1.245483 0.539827 0.000000
vt 3.888490 0.526780 0.000000
vt 1.176397 0.516258 0.000000
vt 3.959112 0.508317 0.000000
vt 0.300000 0.300000 0.000000
vt 4.799861 0.300000 0.000000
vt 1.104616 0.503000 0.000000
vt 1.031670 0.500334 0.000000
vt 0.959112 0.508317 0.000000
vt 0.888490 0.526780 0.000000
vt 0.821309 0.555329 0.000000
vt 0.759001 0.593355 0.000000
vt 0.702894 0.640048 0.000000
vt 0.654182 0.694413 0.000000
vt 0.613906 0.755291 0.000000
vt 0.582923 0.821385 0.000000
vt 0.561893 0.891285 0.000000
vt 0.551264 0.963502 0.000000
vt 0.551264 1.036498 0.000000
vt 0.561893 1.108715 0.000000
vt 0.561893 2.391285 0.000000
vt 0.582923 1.178615 0.000000
vt 0.582923 2.321385 0.000000
vt 0.613906 2.255291 0.000000
vt 0.613906 1.244709 0.000000
vt 0.654182 2.194413 0.000000
vt 0.654182 1.305587 0.000000
vt 0.702894 2.140048 0.000000
vt 0.702894 1.359952 0.000000
vt 0.759001 2.093355 0.000000
vt 0.759001 1.406645 0.000000
vt 0.821309 2.055329 0.000000
vt 0.821309 1.444671 0.000000
vt 0.888490 2.026780 0.000000
vt 0.888490 1.473220 0.000000
vt 0.959112 2.008317 0.000000
vt 0.959112 1.491683 0.000000
vt 1.031670 2.000334 0.000000
vt 1.031670 1.499666 0.000000
vt 1.104616 1.497000 0.000000
vt 1.104616 2.003000 0.000000
vt 1.176397 1.483742 0.000000
vt 1.176397 2.016258 0.000000
vt 1.245483 1.460173 0.000000
vt 1.245483 2.039827 0.000000
vt 1.310401 1.426797 0.000000
vt 1.310401 2.073203 0.000000
vt 1.369767 1.384324 0.000000
vt 1.369767 2.115676 0.000000
vt 1.422317 1.333659 0.000000
vt 1.422317 2.166341 0.000000
vt 1.466930 1.275884 0.000000
vt 1.466930 2.224116 0.000000
vt 4.544602 2.427199 0.000000
vt 4.549931 2.500000 0.000000
vt 4.528731 2.355950 0.000000
vt 4.528731 1.144050 0.000000
vt 4.544602 1.072801 0.000000
vt 4.549931 1.000000 0.000000
vt 4.544602 0.927199 0.000000
vt 4.502655 2.287772 0.000000
vt 4.502655 1.212228 0.000000
vt 4.466930 2.224116 0.000000
vt 4.466930 1.275884 0.000000
vt 4.422317 2.166341 0.000000
vt 4.422317 1.333659 0.000000
vt 4.369767 2.115676 0.000000
vt 4.369767 1.384324 0.000000
vt 4.310401 2.073203 0.000000
vt 4.310401 1.426797 0.000000
vt 4.245483 2.039827 0.000000
vt 4.245483 1.460173 0.000000
vt 4.176397 2.016258 0.000000
vt 4.176397 1.483742 0.000000
vt 4.104616 2.003000 0.000000
vt 4.104616 1.497000 0.000000
vt 4.031670 2.000334 0.000000
vt 4.031670 1.499666 0.000000
vt 3.959112 1.491683 0.000000
vt 3.959112 2.008317 0.000000
vt 3.888490 1.473220 0.000000
vt 3.888490 2.026780 0.000000
vt 3.821309 1.444671 0.000000
vt 3.821309 2.055329 0.000000
vt 3.759001 1.406645 0.000000
vt 3.759001 2.093355 0.000000
vt 3.702894 1.359952 0.000000
vt 3.702894 2.140048 0.000000
vt 3.654182 2.194413 0.000000
vt 3.654182 1.305587 0.000000
vt 1.528731 2.355950 0.000000
vt 3.561893 2.391285 0.000000
vt 1.544602 2.427199 0.000000
vt 3.551264 2.463502 0.000000
vt 1.549931 2.500000 0.000000
vt 3.551264 2.536498 0.000000
vt 1.544602 2.572801 0.000000
vt 3.561893 2.608715 0.000000
vt 1.528731 2.644050 0.000000
vt 3.582923 2.678615 0.000000
vt 0.561893 4.108715 0.000000
vt 0.582923 4.178615 0.000000
vt 0.613906 4.244709 0.000000
vt 0.654182 4.305587 0.000000
vt 0.702894 4.359952 0.000000
vt 0.759001 4.406645 0.000000
vt 0.821309 4.444671 0.000000
vt 0.888490 4.473220 0.000000
vt 0.959112 4.491683 0.000000
vt 1.031670 4.499666 0.000000
vt 1.104616 4.497000 0.000000
vt 0.551264 2.463502 0.000000
vt 0.551264 2.536498 0.000000
vt 4.528731 0.855950 0.000000
vt 4.502655 0.787772 0.000000
vt 4.466930 0.724116 0.000000
vt 4.422317 0.666341 0.000000
vt 4.369767 0.615676 0.000000
vt 4.310401 0.573203 0.000000
vt 4.245483 0.539827 0.000000
vt 4.176397 0.516258 0.000000
vt 4.104616 0.503000 0.000000
vt 4.031670 0.500334 0.000000
vt 3.927199 4.494672 0.000000
vt 4.000000 4.500000 0.000000
vt 4.700000 4.700000 0.000000
vt 4.072801 4.494672 0.000000
vt 4.144050 4.478800 0.000000
vt 4.212228 4.452724 0.000000
vt 4.275884 4.416999 0.000000
vt 4.333659 4.372386 0.000000
vt 4.384324 4.319837 0.000000
vt 4.426797 4.260470 0.000000
vt 4.460173 4.195552 0.000000
vt 4.483742 4.126467 0.000000
vt 4.497000 4.054686 0.000000
vt 4.499666 3.981739 0.000000
vt 4.491683 3.909182 0.000000
vt 4.700000 0.300000 0.000000
vt 4.473220 3.838560 0.000000
vt 4.444671 3.771379 0.000000
vt 4.406645 3.709071 0.000000
vt 4.359952 3.652963 0.000000
vt 4.305587 3.604252 0.000000
vt 4.244709 3.563975 0.000000
vt 4.178615 3.532992 0.000000
vt 4.108715 3.511962 0.000000
vt 4.036498 3.501334 0.000000
vt 2.991683 2.409182 0.000000
vt 2.973220 2.338560 0.000000
vt 2.944671 2.271379 0.000000
vt 2.906645 2.209071 0.000000
vt 2.999666 2.481739 0.000000
vt 3.963502 3.501334 0.000000
vt 2.997000 2.554686 0.000000
vt 3.891285 3.511962 0.000000
vt 2.983742 2.626467 0.000000
vt 3.821385 3.532992 0.000000
vt 2.960173 2.695552 0.000000
vt 3.755291 3.563975 0.000000
vt 2.926797 2.760470 0.000000
vt 3.694413 3.604252 0.000000
vt 2.884324 2.819837 0.000000
vt 3.640048 3.652963 0.000000
vt 2.833659 2.872386 0.000000
vt 3.593355 3.709071 0.000000
vt 2.775884 2.916999 0.000000
vt 3.555329 3.771379 0.000000
vt 2.712228 2.952724 0.000000
vt 3.526780 3.838560 0.000000
vt 2.644050 2.978800 0.000000
vt 3.508317 3.909182 0.000000
vt 2.572801 2.994672 0.000000
vt 3.500334 3.981739 0.000000
vt 2.500000 3.000000 0.000000
vt 3.503000 4.054686 0.000000
vt 2.427199 2.994672 0.000000
vt 3.516258 4.126467 0.000000
vt 2.355950 2.978800 0.000000
vt 0.300000 4.700000 0.000000
vt 2.287772 2.952724 0.000000
vt 2.224116 2.916999 0.000000
vt 2.166341 2.872386 0.000000
vt 2.115676 2.819837 0.000000
vt 2.073203 2.760470 0.000000
vt 2.039827 2.695552 0.000000
vt 2.016258 2.626467 0.000000
vt 0.855950 1.478800 0.000000
vt 0.927199 1.494672 0.000000
vt 3.539827 4.195552 0.000000
vt 3.573203 4.260470 0.000000
vt 3.615676 4.319837 0.000000
vt 3.666341 4.372386 0.000000
vt 3.724116 4.416999 0.000000
vt 3.787772 4.452724 0.000000
vt 3.855950 4.478800 0.000000
vt 2.859952 2.152963 0.000000
vt 2.805587 2.104252 0.000000
vt 2.744709 2.063975 0.000000
vt 2.678615 2.032992 0.000000
vt 2.608715 2.011962 0.000000
vt 1.473220 0.838560 0.000000
vt 1.491683 0.909182 0.000000
vt 2.536498 2.001334 0.000000
vt 1.499666 0.981739 0.000000
vt 2.463502 2.001334 0.000000
vt 1.497000 1.054686 0.000000
vt 2.391285 2.011962 0.000000
vt 1.483742 1.126467 0.000000
vt 2.321385 2.032992 0.000000
vt 1.460173 1.195552 0.000000
vt 2.255291 2.063975 0.000000
vt 1.426797 1.260470 0.000000
vt 2.194413 2.104252 0.000000
vt 1.384324 1.319837 0.000000
vt 2.140048 2.152963 0.000000
vt 1.333659 1.372386 0.000000
vt 2.093355 2.209071 0.000000
vt 1.275884 1.416999 0.000000
vt 2.055329 2.271379 0.000000
vt 1.212228 1.452724 0.000000
vt 2.026780 2.338560 0.000000
vt 1.144050 1.478800 0.000000
vt 2.008317 2.409182 0.000000
vt 1.072801 1.494672 0.000000
vt 2.000334 2.481739 0.000000
vt 1.000000 1.500000 0.000000
vt 2.003000 2.554686 0.000000
vt 1.444671 0.771379 0.000000
vt 1.406645 0.709071 0.000000
vt 1.359952 0.652963 0.000000
vt 1.305587 0.604252 0.000000
vt 1.244709 0.563975 0.000000
vt 1.178615 0.532992 0.000000
vt 1.108715 0.511962 0.000000
vt 0.300000 0.300000 0.000000
vt 1.036498 0.501334 0.000000
vt 0.963502 0.501334 0.000000
vt 0.891285 0.511962 0.000000
vt 0.821385 0.532992 0.000000
vt 0.755291 0.563975 0.000000
vt 0.694413 0.604252 0.000000
vt 0.640048 0.652963 0.000000
vt 0.593355 0.709071 0.000000
vt 0.555329 0.771379 0.000000
vt 0.526780 0.838560 0.000000
vt 0.508317 0.909182 0.000000
vt 0.500334 0.981739 0.000000
vt 0.503000 1.054686 0.000000
vt 0.516258 1.126467 0.000000
vt 0.539827 1.195552 0.000000
vt 0.573203 1.260470 0.000000
vt 0.615676 1.319837 0.000000
vt 0.666341 1.372386 0.000000
vt 0.724116 1.416999 0.000000
vt 0.787772 1.452724 0.000000
vt 0.072801 0.494672 0.000000
vt 1.000334 1.481739 0.000000
vt -0.000000 0.500000 0.000000
vt -1.000334 1.481739 0.000000
vt -0.072801 0.494672 0.000000
vt -1.008317 1.409182 0.000000
vt -0.144050 0.478800 0.000000
vt -1.026780 1.338560 0.000000
vt -0.212228 0.452724 0.000000
vt -1.055329 1.271379 0.000000
vt -0.275884 0.416999 0.000000
vt -1.093355 1.209071 0.000000
vt -0.333659 0.372386 0.000000
vt -1.140048 1.152963 0.000000
vt -0.384324 0.319837 0.000000
vt -1.194413 1.104252 0.000000
vt -0.426797 0.260470 0.000000
vt -1.255291 1.063975 0.000000
vt -0.460173 0.195552 0.000000
vt -1.321385 1.032992 0.000000
vt -0.483742 0.126467 0.000000
vt -1.391285 1.011962 0.000000
vt -0.497000 0.054686 0.000000
vt -1.463502 1.001334 0.000000
vt -0.499666 -0.018261 0.000000
vt -1.500000 -1.000000 0.000000
vt -1.427199 -1.005328 0.000000
vt 1.008317 1.409182 0.000000
vt 0.144050 0.478800 0.000000
vt 1.026780 1.338560 0.000000
vt 0.212228 0.452724 0.000000
vt 1.055329 1.271379 0.000000
vt 0.275884 0.416999 0.000000
vt 1.093355 1.209071 0.000000
vt 0.333659 0.372386 0.000000
vt 1.140048 1.152963 0.000000
vt 0.384324 0.319837 0.000000
vt 1.194413 1.104252 0.000000
vt 0.426797 0.260470 0.000000
vt 1.255291 1.063975 0.000000
vt 0.460173 0.195552 0.000000
vt 1.321385 1.032992 0.000000
vt 0.483742 0.126467 0.000000
vt 1.391285 1.011962 0.000000
vt 0.497000 0.054686 0.000000
vt 1.463502 1.001334 0.000000
vt 0.499666 -0.018261 0.000000
vt 1.500000 -1.000000 0.000000
vt 1.427199 -1.005328 0.000000
vt 0.491683 -0.090818 0.000000
vt 1.355950 -1.021200 0.000000
vt 0.473220 -0.161440 0.000000
vt 1.287772 -1.047276 0.000000
vt 0.444671 -0.228621 0.000000
vt 1.224116 -1.083001 0.000000
vt 0.406645 -0.290929 0.000000
vt 1.166341 -1.127614 0.000000
vt 0.359952 -0.347037 0.000000
vt 1.115676 -1.180163 0.000000
vt 0.305587 -0.395748 0.000000
vt 1.073203 -1.239530 0.000000
vt 0.244709 -0.436025 0.000000
vt 1.039827 -1.304448 0.000000
vt 0.178615 -0.467008 0.000000
vt 1.016258 -1.373533 0.000000
vt 0.108715 -0.488038 0.000000
vt 1.003000 -1.445314 0.000000
vt 0.036498 -0.498666 0.000000
vt 1.000334 -1.518261 0.000000
vt -0.036498 -0.498666 0.000000
vt -1.000334 -1.518261 0.000000
vt -1.003000 -1.445314 0.000000
vt -0.108715 -0.488038 0.000000
vt -1.016258 -1.373533 0.000000
vt -0.178615 -0.467008 0.000000
vt -1.039827 -1.304448 0.000000
vt -0.244709 -0.436025 0.000000
vt -1.073203 -1.239530 0.000000
vt -0.305587 -0.395748 0.000000
vt -1.115676 -1.180163 0.000000
vt -0.359952 -0.347037 0.000000
vt -1.166341 -1.127614 0.000000
vt -0.406645 -0.290929 0.000000
vt -1.224116 -1.083001 0.000000
vt -0.444671 -0.228621 0.000000
vt -1.287772 -1.047276 0.000000
vt -0.473220 -0.161440 0.000000
vt -1.355950 -1.021200 0.000000
vt -0.491683 -0.090818 0.000000
vt 1.427199 1.994672 0.000000
vt 1.500000 2.000000 0.000000
vt 2.200000 2.249931 0.000000
vt 1.572801 1.994672 0.000000
vt 1.644050 1.978800 0.000000
vt 1.712228 1.952724 0.000000
vt 1.775884 1.916999 0.000000
vt 1.833659 1.872386 0.000000
vt 1.884324 1.819837 0.000000
vt 1.926797 1.760470 0.000000
vt 1.960173 1.695552 0.000000
vt 1.983742 1.626467 0.000000
vt 1.997000 1.554686 0.000000
vt 1.999666 1.481739 0.000000
vt 1.991683 1.409182 0.000000
vt 2.200000 -2.249931 0.000000
vt 1.983742 -1.373533 0.000000
vt 1.997000 -1.445314 0.000000
vt 1.973220 1.338560 0.000000
vt 1.960173 -1.304448 0.000000
vt 1.944671 1.271379 0.000000
vt 1.926797 -1.239530 0.000000
vt 1.906645 1.209071 0.000000
vt 1.884324 -1.180163 0.000000
vt 1.859952 1.152963 0.000000
vt 1.833659 -1.127614 0.000000
vt 1.805587 1.104252 0.000000
vt 1.775884 -1.083001 0.000000
vt 1.744709 1.063975 0.000000
vt 1.712228 -1.047276 0.000000
vt 1.678615 1.032992 0.000000
vt 1.644050 -1.021200 0.000000
vt 1.608715 1.011962 0.000000
vt 1.572801 -1.005328 0.000000
vt 1.536498 1.001334 0.000000
vt -1.003000 1.554686 0.000000
vt 1.003000 1.554686 0.000000
vt -1.016258 1.626467 0.000000
vt 1.016258 1.626467 0.000000
vt -1.039827 1.695552 0.000000
vt 1.039827 1.695552 0.000000
vt -1.073203 1.760470 0.000000
vt 1.073203 1.760470 0.000000
vt -1.115676 1.819837 0.000000
vt 1.115676 1.819837 0.000000
vt -1.166341 1.872386 0.000000
vt 1.166341 1.872386 0.000000
vt -1.224116 1.916999 0.000000
vt 1.224116 1.916999 0.000000
vt -1.287772 1.952724 0.000000
vt 1.287772 1.952724 0.000000
vt -1.355950 1.978800 0.000000
vt 1.355950 1.978800 0.000000
vt -2.200000 2.249931 0.000000
vt 1.008317 -1.590818 0.000000
vt -1.008317 -1.590818 0.000000
vt 1.026780 -1.661440 0.000000
vt -1.026780 -1.661440 0.000000
vt 1.055329 -1.728621 0.000000
vt -1.055329 -1.728621 0.000000
vt 1.093355 -1.790929 0.000000
vt -1.093355 -1.790929 0.000000
vt 1.140048 -1.847037 0.000000
vt -1.140048 -1.847037 0.000000
vt 1.194413 -1.895748 0.000000
vt -1.194413 -1.895748 0.000000
vt 1.255291 -1.936025 0.000000
vt -1.255291 -1.936025 0.000000
vt 1.321385 -1.967008 0.000000
vt -1.321385 -1.967008 0.000000
vt 1.391285 -1.988038 0.000000
vt -1.391285 -1.988038 0.000000
vt -2.200000 -2.249931 0.000000
vt -1.463502 -1.998666 0.000000
vt -1.536498 -1.998666 0.000000
vt -1.608715 -1.988038 0.000000
vt -1.678615 -1.967008 0.000000
vt -1.744709 -1.936025 0.000000
vt -1.805587 -1.895748 0.000000
vt -1.859952 -1.847037 0.000000
vt -1.906645 -1.790929 0.000000
vt -1.944671 -1.728621 0.000000
vt -1.973220 -1.661440 0.000000
vt -1.991683 -1.590818 0.000000
vt -1.999666 -1.518261 0.000000
vt -1.997000 -1.445314 0.000000
vt -1.983742 -1.373533 0.000000
vt -1.960173 -1.304448 0.000000
vt -1.973220 1.338560 0.000000
vt -1.991683 1.409182 0.000000
vt -1.999666 1.481739 0.000000
vt -1.997000 1.554686 0.000000
vt -1.944671 1.271379 0.000000
vt -1.926797 -1.239530 0.000000
vt -1.906645 1.209071 0.000000
vt -1.884324 -1.180163 0.000000
vt -1.859952 1.152963 0.000000
vt -1.833659 -1.127614 0.000000
vt -1.805587 1.104252 0.000000
vt -1.775884 -1.083001 0.000000
vt -1.744709 1.063975 0.000000
vt -1.712228 -1.047276 0.000000
vt -1.678615 1.032992 0.000000
vt -1.644050 -1.021200 0.000000
vt -1.608715 1.011962 0.000000
vt -1.572801 -1.005328 0.000000
vt -1.536498 1.001334 0.000000
vt 1.999666 -1.518261 0.000000
vt 1.991683 -1.590818 0.000000
vt 1.973220 -1.661440 0.000000
vt 1.944671 -1.728621 0.000000
vt 1.906645 -1.790929 0.000000
vt 1.859952 -1.847037 0.000000
vt 1.805587 -1.895748 0.000000
vt 1.744709 -1.936025 0.000000
vt 1.678615 -1.967008 0.000000
vt 1.608715 -1.988038 0.000000
vt 1.536498 -1.998666 0.000000
vt 1.463502 -1.998666 0.000000
vt -1.572801 1.994672 0.000000
vt -1.500000 2.000000 0.000000
vt -1.427199 1.994672 0.000000
vt -1.983742 1.626467 0.000000
vt -1.960173 1.695552 0.000000
vt -1.926797 1.760470 0.000000
vt -1.884324 1.819837 0.000000
vt -1.833659 1.872386 0.000000
vt -1.775884 1.916999 0.000000
vt -1.712228 1.952724 0.000000
vt -1.644050 1.978800 0.000000
vn 0.000000 -0.100000 0.000000
vn 0.000000 -0.100000 0.000000
vn 0.000000 -0.100000 0.000000
vn 0.000000 -0.100000 0.000000
vn 0.000000 -0.100000 0.000000
vn 0.000000 -0.100000 0.000000
vn 0.000000 -0.100000 0.000000
vn 0.000000 -0.100000 0.000000
vn 0.000000 -0.100000 0.000000
vn 0.000000 -0.100000 0.000000
vn 0.000000 -0.100000 0.000000
vn 0.000000 -0.100000 0.000000
vn 0.000000 -0.100000 0.000000
vn 0.000000 -0.100000 0.000000
vn 0.000000 -0.100000 0.000000
vn 0.000000 -0.100000 0.000000
vn 0.000000 -0.100000 0.000000
vn 0.000000 -0.100000 0.000000
vn 0.000000 -0.100000 0.000000
vn 0.000000 -0.100000 0.000000
vn 0.000000 -0.100000 0.000000
vn 0.000000 -0.100000 0.000000
vn 0.000000 -0.100000 0.000000
vn 0.000000 -0.100000 0.000000
vn 0.000000 -0.100000 0.000000
vn 0.000000 -0.100000 0.000000
vn 0.000000 -0.100000 0.000000
vn 0.000000 -0.100000 0.000000
vn 0.000000 -0.100000 0.000000
vn 0.000000 -0.100000 0.000000
vn 0.000000 -0.100000 0.000000
vn 0.000000 -0.100000 0.000000
vn 0.000000 -0.100000 0.000000
vn 0.000000 -0.100000 0.000000
vn 0.000000 -0.100000 0.000000
vn 0.000000 -0.100000 0.000000
vn 0.000000 -0.100000 0.000000
vn 0.000000 -0.100000 0.000000
vn 0.000000 -0.100000 0.000000
vn 0.000000 -0.100000 0.000000
vn 0.000000 -0.100000 0.000000
vn 0.000000 -0.100000 0.000000
vn 0.000000 -0.100000 0.000000
vn 0.000000 -0.100000 0.000000
vn 0.000000 -0.100000 0.000000
vn 0.000000 -0.100000 0.000000
vn 0.000000 -0.100000 0.000000
vn 0.000000 -0.100000 0.000000
vn 0.000000 -0.100000 0.000000
vn 0.000000 -0.100000 0.000000
vn 0.000000 -0.100000 0.000000
vn 0.000000 -0.100000 0.000000
vn 0.000000 -0.100000 0.000000
vn 0.000000 -0.100000 0.000000
vn 0.000000 -0.100000 0.000000
vn 0.000000 -0.100000 0.000000
vn 0.000000 -0.100000 0.000000
vn 0.000000 -0.100000 0.000000
vn 0.000000 -0.100000 0.000000
vn 0.000000 -0.100000 0.000000
vn 0.000000 -0.100000 0.000000
vn 0.000000 -0.100000 0.000000
vn 0.000000 -0.100000 0.000000
vn 0.000000 -0.100000 0.000000
vn 0.000000 -0.100000 0.000000
vn 0.000000 -0.100000 0.000000
vn 0.000000 -0.100000 0.000000
vn 0.000000 -0.100000 0.000000
vn 0.000000 -0.100000 0.000000
vn 0.000000 -0.100000 0.000000
vn 0.000000 -0.100000 0.000000
vn 0.000000 -0.100000 0.000000
vn 0.000000 -0.100000 0.000000
vn 0.000000 -0.100000 0.000000
vn 0.000000 -0.100000 0.000000
vn 0.000000 -0.100000 0.000000
vn 0.000000 -0.100000 0.000000
vn 0.000000 -0.100000 0.000000
vn 0.000000 -0.100000 0.000000
vn 0.000000 -0.100000 0.000000
vn 0.000000 -0.100000 0.000000
vn 0.000000 -0.100000 0.000000
vn 0.000000 -0.100000 0.000000
vn 0.000000 -0.100000 0.000000
vn 0.000000 -0.100000 0.000000
vn 0.000000 -0.100000 0.000000
vn 0.100000 0.000000 0.000000
vn 0.100000 0.000000 0.000000
vn 0.100000 0.000000 0.000000
vn 0.100000 0.000000 0.000000
vn 0.100000 0.000000 0.000000
vn 0.100000 0.000000 0.000000
vn 0.100000 0.000000 0.000000
vn 0.100000 0.000000 0.000000
vn 0.100000 0.000000 0.000000
vn 0.100000 0.000000 0.000000
vn 0.100000 0.000000 0.000000
vn 0.100000 0.000000 0.000000
vn 0.100000 0.000000 0.000000
vn 0.100000 0.000000 0.000000
vn 0.100000 0.000000 0.000000
vn 0.100000 0.000000 0.000000
vn 0.100000 0.000000 0.000000
vn 0.100000 0.000000 0.000000
vn 0.100000 0.000000 0.000000
vn 0.100000 0.000000 0.000000
vn 0.100000 0.000000 0.000000
vn 0.100000 0.000000 0.000000
vn 0.100000 0.000000 0.000000
vn 0.100000 0.000000 0.000000
vn 0.100000 0.000000 0.000000
vn 0.100000 0.000000 0.000000
vn 0.100000 0.000000 0.000000
vn 0.100000 0.000000 0.000000
vn 0.100000 0.000000 0.000000
vn 0.100000 0.000000 0.000000
vn 0.100000 0.000000 0.000000
vn 0.100000 0.000000 0.000000
vn 0.100000 0.000000 0.000000
vn 0.100000 0.000000 0.000000
vn 0.100000 0.000000 0.000000
vn 0.100000 0.000000 0.000000
vn 0.100000 0.000000 0.000000
vn 0.100000 0.000000 0.000000
vn 0.100000 0.000000 0.000000
vn 0.100000 0.000000 0.000000
vn 0.100000 0.000000 0.000000
vn 0.100000 0.000000 0.000000
vn 0.100000 0.000000 0.000000
vn 0.100000 0.000000 0.000000
vn 0.100000 0.000000 0.000000
vn 0.100000 0.000000 0.000000
vn 0.100000 0.000000 0.000000
vn 0.100000 0.000000 0.000000
vn 0.100000 0.000000 0.000000
vn 0.100000 0.000000 0.000000
vn 0.100000 0.000000 0.000000
vn 0.100000 0.000000 0.000000
vn 0.100000 0.000000 0.000000
vn 0.100000 0.000000 0.000000
vn 0.100000 0.000000 0.000000
vn 0.100000 0.000000 0.000000
vn 0.100000 0.000000 0.000000
vn 0.100000 0.000000 0.000000
vn 0.100000 0.000000 0.000000
vn 0.100000 0.000000 0.000000
vn 0.100000 0.000000 0.000000
vn 0.100000 0.000000 0.000000
vn 0.100000 0.000000 0.000000
vn 0.100000 0.000000 0.000000
vn 0.100000 0.000000 0.000000
vn 0.100000 0.000000 0.000000
vn 0.100000 0.000000 0.000000
vn 0.100000 0.000000 0.000000
vn 0.100000 0.000000 0.000000
vn 0.100000 0.000000 0.000000
vn 0.100000 0.000000 0.000000
vn 0.100000 0.000000 0.000000
vn 0.100000 0.000000 0.000000
vn 0.100000 0.000000 0.000000
vn 0.100000 0.000000 0.000000
vn 0.100000 0.000000 0.000000
vn 0.100000 0.000000 0.000000
vn 0.100000 0.000000 0.000000
vn 0.100000 0.000000 0.000000
vn 0.100000 0.000000 0.000000
vn 0.100000 0.000000 0.000000
vn 0.100000 0.000000 0.000000
vn 0.100000 0.000000 0.000000
vn 0.100000 0.000000 0.000000
vn 0.100000 0.000000 0.000000
vn 0.100000 0.000000 0.000000
vn 0.100000 0.000000 0.000000
vn 0.100000 0.000000 0.000000
vn 0.100000 0.000000 0.000000
vn 0.100000 0.000000 0.000000
vn 0.100000 0.000000 0.000000
vn 0.100000 0.000000 0.000000
vn 0.100000 0.000000 0.000000
vn 0.100000 0.000000 0.000000
vn 0.100000 0.000000 0.000000
vn 0.100000 0.000000 0.000000
vn 0.100000 0.000000 0.000000
vn 0.100000 0.000000 0.000000
vn 0.100000 0.000000 0.000000
vn 0.100000 0.000000 0.000000
vn 0.100000 0.000000 0.000000
vn 0.100000 0.000000 0.000000
vn 0.100000 0.000000 0.000000
vn 0.100000 0.000000 0.000000
vn 0.100000 0.000000 0.000000
vn 0.100000 0.000000 0.000000
vn 0.100000 0.000000 0.000000
vn 0.100000 0.000000 0.000000
vn 0.100000 0.000000 0.000000
vn 0.100000 0.000000 0.000000
vn 0.100000 0.000000 0.000000
vn 0.100000 0.000000 0.000000
vn 0.100000 0.000000 0.000000
vn 0.100000 0.000000 0.000000
vn 0.100000 0.000000 0.000000
vn 0.100000 0.000000 0.000000
vn 0.100000 0.000000 0.000000
vn 0.100000 0.000000 0.000000
vn 0.100000 0.000000 0.000000
vn 0.100000 0.000000 0.000000
vn 0.100000 0.000000 0.000000
vn 0.100000 0.000000 0.000000
vn 0.100000 0.000000 0.000000
vn 0.100000 0.000000 0.000000
vn 0.100000 0.000000 0.000000
vn 0.100000 0.000000 0.000000
vn 0.100000 0.000000 0.000000
vn 0.100000 0.000000 0.000000
vn 0.100000 0.000000 0.000000
vn 0.100000 0.000000 0.000000
vn 0.100000 0.000000 0.000000
vn 0.100000 0.000000 0.000000
vn 0.100000 0.000000 0.000000
vn 0.100000 0.000000 0.000000
vn 0.100000 0.000000 0.000000
vn 0.100000 0.000000 0.000000
vn 0.100000 0.000000 0.000000
vn 0.100000 0.000000 0.000000
vn 0.100000 0.000000 0.000000
vn 0.100000 0.000000 0.000000
vn 0.100000 0.000000 0.000000
vn 0.100000 0.000000 0.000000
vn 0.100000 0.000000 0.000000
vn 0.100000 0.000000 0.000000
vn 0.100000 0.000000 0.000000
vn 0.100000 0.000000 0.000000
vn 0.100000 0.000000 0.000000
vn 0.100000 0.000000 0.000000
vn 0.100000 0.000000 0.000000
vn 0.100000 0.000000 0.000000
vn 0.100000 0.000000 0.000000
vn 0.100000 0.000000 0.000000
vn 0.100000 0.000000 0.000000
vn 0.100000 0.000000 0.000000
vn 0.100000 0.000000 0.000000
vn 0.100000 0.000000 0.000000
vn 0.100000 0.000000 0.000000
vn 0.100000 0.000000 0.000000
vn 0.100000 0.000000 0.000000
vn 0.100000 0.000000 0.000000
vn 0.100000 0.000000 0.000000
vn 0.100000 0.000000 0.000000
vn 0.100000 0.000000 0.000000
vn 0.100000 0.000000 0.000000
vn 0.100000 0.000000 0.000000
vn 0.100000 0.000000 0.000000
vn 0.100000 0.000000 0.000000
vn 0.100000 0.000000 0.000000
vn 0.100000 0.000000 0.000000
vn 0.100000 0.000000 0.000000
vn 0.100000 0.000000 0.000000
vn 0.100000 0.000000 0.000000
vn -0.100000 0.000000 0.000000
vn -0.100000 0.000000 0.000000
vn -0.100000 0.000000 0.000000
vn -0.100000 0.000000 0.000000
vn -0.100000 0.000000 0.000000
vn -0.100000 0.000000 0.000000
vn -0.100000 0.000000 0.000000
vn -0.100000 0.000000 0.000000
vn -0.100000 0.000000 0.000000
vn -0.100000 0.000000 0.000000
vn -0.100000 0.000000 0.000000
vn -0.100000 0.000000 0.000000
vn -0.100000 0.000000 0.000000
vn -0.100000 0.000000 0.000000
vn -0.100000 0.000000 0.000000
vn -0.100000 0.000000 0.000000
vn -0.100000 0.000000 0.000000
vn -0.100000 0.000000 0.000000
vn -0.100000 0.000000 0.000000
vn -0.100000 0.000000 0.000000
vn -0.100000 0.000000 0.000000
vn -0.100000 0.000000 0.000000
vn -0.100000 0.000000 0.000000
vn -0.100000 0.000000 0.000000
vn -0.100000 0.000000 0.000000
vn -0.100000 0.000000 0.000000
vn -0.100000 0.000000 0.000000
vn -0.100000 0.000000 0.000000
vn -0.100000 0.000000 0.000000
vn -0.100000 0.000000 0.000000
vn -0.100000 0.000000 0.000000
vn -0.100000 0.000000 0.000000
vn -0.100000 0.000000 0.000000
vn -0.100000 0.000000 0.000000
vn -0.100000 0.000000 0.000000
vn -0.100000 0.000000 0.000000
vn -0.100000 0.000000 0.000000
vn -0.100000 0.000000 0.000000
vn -0.100000 0.000000 0.000000
vn -0.100000 0.000000 0.000000
vn -0.100000 0.000000 0.000000
vn -0.100000 0.000000 0.000000
vn -0.100000 0.000000 0.000000
vn -0.100000 0.000000 0.000000
vn -0.100000 0.000000 0.000000
vn -0.100000 0.000000 0.000000
vn -0.100000 0.000000 0.000000
vn -0.100000 0.000000 0.000000
vn -0.100000 0.000000 0.000000
vn -0.100000 0.000000 0.000000
vn -0.100000 0.000000 0.000000
vn -0.100000 0.000000 0.000000
vn -0.100000 0.000000 0.000000
vn -0.100000 0.000000 0.000000
vn -0.100000 0.000000 0.000000
vn -0.100000 0.000000 0.000000
vn -0.100000 0.000000 0.000000
vn -0.100000 0.000000 0.000000
vn -0.100000 0.000000 0.000000
vn -0.100000 0.000000 0.000000
vn -0.100000 0.000000 0.000000
vn -0.100000 0.000000 0.000000
vn -0.100000 0.000000 0.000000
vn -0.100000 0.000000 0.000000
vn -0.100000 0.000000 0.000000
vn -0.100000 0.000000 0.000000
vn -0.100000 0.000000 0.000000
vn -0.100000 0.000000 0.000000
vn -0.100000 0.000000 0.000000
vn -0.100000 0.000000 0.000000
vn -0.100000 0.000000 0.000000
vn -0.100000 0.000000 0.000000
vn -0.100000 0.000000 0.000000
vn -0.100000 0.000000 0.000000
vn -0.100000 0.000000 0.000000
vn -0.100000 0.000000 0.000000
vn -0.100000 0.000000 0.000000
vn -0.100000 0.000000 0.000000
vn -0.100000 0.000000 0.000000
vn -0.100000 0.000000 0.000000
vn -0.100000 0.000000 0.000000
vn -0.100000 0.000000 0.000000
vn -0.100000 0.000000 0.000000
vn -0.100000 0.000000 0.000000
vn -0.100000 0.000000 0.000000
vn -0.100000 0.000000 0.000000
vn 0.000000 0.100000 0.000000
vn 0.000000 0.100000 0.000000
vn 0.000000 0.100000 0.000000
vn 0.000000 0.100000 0.000000
vn 0.000000 0.100000 0.000000
vn 0.000000 0.100000 0.000000
vn 0.000000 0.100000 0.000000
vn 0.000000 0.100000 0.000000
vn 0.000000 0.100000 0.000000
vn 0.000000 0.100000 0.000000
vn 0.000000 0.100000 0.000000
vn 0.000000 0.100000 0.000000
vn 0.000000 0.100000 0.000000
vn 0.000000 0.100000 0.000000
vn 0.000000 0.100000 0.000000
vn 0.000000 0.100000 0.000000
vn 0.000000 0.100000 0.000000
vn 0.000000 0.100000 0.000000
vn 0.000000 0.100000 0.000000
vn 0.000000 0.100000 0.000000
vn 0.000000 0.100000 0.000000
vn 0.000000 0.100000 0.000000
vn 0.000000 0.100000 0.000000
vn 0.000000 0.100000 0.000000
vn 0.000000 0.100000 0.000000
vn 0.000000 0.100000 0.000000
vn 0.000000 0.100000 0.000000
vn 0.000000 0.100000 0.000000
vn 0.000000 0.100000 0.000000
vn 0.000000 0.100000 0.000000
vn 0.000000 0.100000 0.000000
vn 0.000000 0.100000 0.000000
vn 0.000000 0.100000 0.000000
vn 0.000000 0.100000 0.000000
vn 0.000000 0.100000 0.000000
vn 0.000000 0.100000 0.000000
vn 0.000000 0.100000 0.000000
vn 0.000000 0.100000 0.000000
vn 0.000000 0.100000 0.000000
vn 0.000000 0.100000 0.000000
vn 0.000000 0.100000 0.000000
vn 0.000000 0.100000 0.000000
vn 0.000000 0.100000 0.000000
vn 0.000000 0.100000 0.000000
vn 0.000000 0.100000 0.000000
vn 0.000000 0.100000 0.000000
vn 0.000000 0.100000 0.000000
vn 0.000000 0.100000 0.000000
vn 0.000000 0.100000 0.000000
vn 0.000000 0.100000 0.000000
vn 0.000000 0.100000 0.000000
vn 0.000000 0.100000 0.000000
vn 0.000000 0.100000 0.000000
vn 0.000000 0.100000 0.000000
vn 0.000000 0.100000 0.000000
vn 0.000000 0.100000 0.000000
vn 0.000000 0.100000 0.000000
vn 0.000000 0.100000 0.000000
vn 0.000000 0.100000 0.000000
vn 0.000000 0.100000 0.000000
vn 0.000000 0.100000 0.000000
vn 0.000000 0.100000 0.000000
vn 0.000000 0.100000 0.000000
vn 0.000000 0.100000 0.000000
vn 0.000000 0.100000 0.000000
vn 0.000000 0.100000 0.000000
vn 0.000000 0.100000 0.000000
vn 0.000000 0.100000 0.000000
vn 0.000000 0.100000 0.000000
vn 0.000000 0.100000 0.000000
vn 0.000000 0.100000 0.000000
vn 0.000000 0.100000 0.000000
vn 0.000000 0.100000 0.000000
vn 0.000000 0.100000 0.000000
vn 0.000000 0.100000 0.000000
vn 0.000000 0.100000 0.000000
vn 0.000000 0.100000 0.000000
vn 0.000000 0.100000 0.000000
vn 0.000000 0.100000 0.000000
vn 0.000000 0.100000 0.000000
vn 0.000000 0.100000 0.000000
vn 0.000000 0.100000 0.000000
vn 0.000000 0.100000 0.000000
vn 0.000000 0.100000 0.000000
vn 0.000000 0.100000 0.000000
vn 0.000000 0.100000 0.000000
vn 0.000000 0.100000 0.000000
vn 0.000000 0.100000 0.000000
vn 0.000000 0.100000 0.000000
vn 0.000000 0.100000 0.000000
vn 0.000000 0.100000 0.000000
vn 0.000000 0.100000 0.000000
vn 0.000000 0.100000 0.000000
vn 0.000000 0.100000 0.000000
vn 0.000000 0.100000 0.000000
vn 0.000000 0.100000 0.000000
vn 0.000000 0.100000 0.000000
vn 0.000000 0.100000 0.000000
vn 0.000000 0.100000 0.000000
vn 0.000000 0.100000 0.000000
vn 0.000000 0.100000 0.000000
vn 0.000000 0.100000 0.000000
vn 0.000000 0.100000 0.000000
vn 0.000000 0.100000 0.000000
vn 0.000000 0.100000 0.000000
vn 0.000000 0.100000 0.000000
vn 0.000000 0.100000 0.000000
vn 0.000000 0.100000 0.000000
vn 0.000000 0.100000 0.000000
vn 0.000000 0.100000 0.000000
vn 0.000000 0.100000 0.000000
vn 0.000000 0.100000 0.000000
vn 0.000000 0.100000 0.000000
vn 0.000000 0.100000 0.000000
vn 0.000000 0.100000 0.000000
vn 0.000000 0.100000 0.000000
vn 0.000000 0.100000 0.000000
vn 0.000000 0.100000 0.000000
vn 0.000000 0.100000 0.000000
vn 0.000000 0.100000 0.000000
vn 0.000000 0.100000 0.000000
vn 0.000000 0.100000 0.000000
vn 0.000000 0.100000 0.000000
vn 0.000000 0.100000 0.000000
vn 0.000000 0.100000 0.000000
vn 0.000000 0.100000 0.000000
vn 0.000000 0.100000 0.000000
vn 0.000000 0.100000 0.000000
vn 0.000000 0.100000 0.000000
vn 0.000000 0.100000 0.000000
vn 0.000000 0.100000 0.000000
vn 0.000000 0.100000 0.000000
vn 0.000000 0.100000 0.000000
vn 0.000000 0.100000 0.000000
vn 0.000000 0.100000 0.000000
vn 0.000000 0.100000 0.000000
vn 0.000000 0.100000 0.000000
vn 0.000000 0.100000 0.000000
vn 0.000000 0.100000 0.000000
vn 0.000000 0.100000 0.000000
vn 0.000000 0.100000 0.000000
vn 0.000000 0.100000 0.000000
vn 0.000000 0.100000 0.000000
vn 0.000000 0.100000 0.000000
vn 0.000000 0.100000 0.000000
vn 0.000000 0.100000 0.000000
vn 0.000000 0.100000 0.000000
vn 0.000000 0.100000 0.000000
vn 0.000000 0.100000 0.000000
vn 0.000000 0.100000 0.000000
vn 0.000000 0.100000 0.000000
vn 0.000000 0.100000 0.000000
vn 0.000000 0.100000 0.000000
vn 0.000000 0.100000 0.000000
vn 0.000000 0.100000 0.000000
vn 0.000000 0.100000 0.000000
vn 0.000000 0.100000 0.000000
vn 0.000000 0.100000 0.000000
vn 0.000000 0.100000 0.000000
vn 0.000000 0.100000 0.000000
vn 0.000000 0.100000 0.000000
vn 0.000000 0.100000 0.000000
vn 0.000000 0.100000 0.000000
vn 0.000000 0.100000 0.000000
vn 0.000000 0.100000 0.000000
vn 0.000000 0.100000 0.000000
vn 0.000000 0.100000 0.000000
vn 0.000000 0.100000 0.000000
vn 0.000000 0.100000 0.000000
vn 0.000000 0.100000 0.000000
vn 0.000000 0.100000 0.000000
vn 0.000000 0.100000 0.000000
vn 0.000000 0.100000 0.000000
vn 0.000000 0.100000 0.000000
vn 0.000000 0.100000 0.000000
vn 0.000000 0.100000 0.000000
vn 0.000000 0.100000 0.000000
vn 0.000000 0.100000 0.000000
vn 0.000000 0.100000 0.000000
vn 0.000000 0.100000 0.000000
vn 0.000000 0.100000 0.000000
vn 0.000000 0.100000 0.000000
vn 0.000000 0.100000 0.000000
vn 0.000000 0.100000 0.000000
vn 0.000000 0.100000 0.000000
vn 0.000000 0.100000 0.000000
vn 0.000000 0.100000 0.000000
vn 0.000000 0.100000 0.000000
vn 0.000000 0.100000 0.000000
vn 0.000000 0.100000 0.000000
vn 0.000000 0.100000 0.000000
vn 0.000000 0.100000 0.000000
vn 0.000000 0.100000 0.000000
vn 0.000000 0.100000 0.000000
vn 0.000000 0.100000 0.000000
vn 0.000000 0.100000 0.000000
vn 0.000000 0.100000 0.000000
vn 0.000000 0.100000 0.000000
vn 0.000000 0.100000 0.000000
vn 0.000000 0.100000 0.000000
vn 0.000000 0.100000 0.000000
vn 0.000000 0.100000 0.000000
vn 0.000000 0.100000 0.000000
vn 0.000000 0.100000 0.000000
vn 0.000000 0.100000 0.000000
vn 0.000000 0.100000 0.000000
vn 0.000000 0.100000 0.000000
vn 0.000000 0.100000 0.000000
vn 0.000000 0.100000 0.000000
vn 0.000000 0.100000 0.000000
vn 0.000000 0.100000 0.000000
vn 0.000000 0.100000 0.000000
vn 0.000000 0.100000 0.000000
vn 0.000000 0.100000 0.000000
vn 0.000000 0.100000 0.000000
vn 0.098934 0.014560 0.000000
vn 0.098934 0.014560 0.000000
vn 0.100000 0.000000 0.000000
vn 0.100000 0.000000 0.000000
vn 0.098934 -0.014560 0.000000
vn 0.098934 -0.014560 0.000000
vn 0.095760 -0.028810 0.000000
vn 0.095760 -0.028810 0.000000
vn 0.090545 -0.042446 0.000000
vn 0.090545 -0.042446 0.000000
vn 0.083400 -0.055177 0.000000
vn 0.083400 -0.055177 0.000000
vn 0.074477 -0.066732 0.000000
vn 0.074477 -0.066732 0.000000
vn 0.063967 -0.076865 0.000000
vn 0.063967 -0.076865 0.000000
vn 0.052094 -0.085359 0.000000
vn 0.052094 -0.085359 0.000000
vn 0.039110 -0.092035 0.000000
vn 0.039110 -0.092035 0.000000
vn 0.025293 -0.096748 0.000000
vn 0.025293 -0.096748 0.000000
vn 0.010937 -0.099400 0.000000
vn 0.010937 -0.099400 0.000000
vn -0.003652 -0.099933 0.000000
vn -0.003652 -0.099933 0.000000
vn -0.018164 -0.098337 0.000000
vn -0.018164 -0.098337 0.000000
vn -0.032288 -0.094644 0.000000
vn -0.032288 -0.094644 0.000000
vn -0.045724 -0.088934 0.000000
vn -0.045724 -0.088934 0.000000
vn -0.058186 -0.081329 0.000000
vn -0.058186 -0.081329 0.000000
vn -0.069407 -0.071990 0.000000
vn -0.069407 -0.071990 0.000000
vn -0.079150 -0.061117 0.000000
vn -0.079150 -0.061117 0.000000
vn -0.087205 -0.048942 0.000000
vn -0.087205 -0.048942 0.000000
vn -0.093402 -0.035723 0.000000
vn -0.093402 -0.035723 0.000000
vn -0.097608 -0.021743 0.000000
vn -0.097608 -0.021743 0.000000
vn -0.099733 -0.007300 0.000000
vn -0.099733 -0.007300 0.000000
vn -0.099733 0.007300 0.000000
vn -0.099733 0.007300 0.000000
vn -0.097608 0.021743 0.000000
vn -0.097608 0.021743 0.000000
vn -0.093402 0.035723 0.000000
vn -0.093402 0.035723 0.000000
vn -0.087205 0.048942 0.000000
vn -0.087205 0.048942 0.000000
vn -0.079150 0.061117 0.000000
vn -0.079150 0.061117 0.000000
vn -0.069407 0.071990 0.000000
vn -0.069407 0.071990 0.000000
vn -0.058186 0.081329 0.000000
vn -0.058186 0.081329 0.000000
vn -0.045724 0.088934 0.000000
vn -0.045724 0.088934 0.000000
vn -0.032288 0.094644 0.000000
vn -0.032288 0.094644 0.000000
vn -0.018164 0.098337 0.000000
vn -0.018164 0.098337 0.000000
vn -0.003652 0.099933 0.000000
vn -0.003652 0.099933 0.000000
vn 0.010937 0.099400 0.000000
vn 0.010937 0.099400 0.000000
vn 0.025293 0.096748 0.000000
vn 0.025293 0.096748 0.000000
vn 0.039110 0.092035 0.000000
vn 0.039110 0.092035 0.000000
vn 0.052094 0.085359 0.000000
vn 0.052094 0.085359 0.000000
vn 0.063967 0.076865 0.000000
vn 0.063967 0.076865 0.000000
vn 0.074477 0.066732 0.000000
vn 0.074477 0.066732 0.000000
vn 0.083400 0.055177 0.000000
vn 0.083400 0.055177 0.000000
vn 0.090545 0.042446 0.000000
vn 0.090545 0.042446 0.000000
vn 0.095760 0.028810 0.000000
vn 0.095760 0.028810 0.000000
vn 0.000000 0.000000 -0.100000
vn 0.000000 0.000000 -0.100000
vn 0.000000 0.000000 -0.100000
vn 0.000000 0.000000 -0.100000
vn 0.000000 0.000000 -0.100000
vn 0.000000 0.000000 -0.100000
vn 0.000000 0.000000 -0.100000
vn 0.000000 0.000000 -0.100000
vn 0.000000 0.000000 -0.100000
vn 0.000000 0.000000 -0.100000
vn 0.000000 0.000000 -0.100000
vn 0.000000 0.000000 -0.100000
vn 0.000000 0.000000 -0.100000
vn 0.000000 0.000000 -0.100000
vn 0.000000 0.000000 -0.100000
vn 0.000000 0.000000 -0.100000
vn 0.000000 0.000000 -0.100000
vn 0.000000 0.000000 -0.100000
vn 0.000000 0.000000 -0.100000
vn 0.000000 0.000000 -0.100000
vn 0.000000 0.000000 -0.100000
vn 0.000000 0.000000 -0.100000
vn 0.000000 0.000000 -0.100000
vn 0.000000 0.000000 -0.100000
vn 0.000000 0.000000 -0.100000
vn 0.000000 0.000000 -0.100000
vn 0.000000 0.000000 -0.100000
vn 0.000000 0.000000 -0.100000
vn 0.000000 0.000000 -0.100000
vn 0.000000 0.000000 -0.100000
vn 0.000000 0.000000 -0.100000
vn 0.000000 0.000000 -0.100000
vn 0.000000 0.000000 -0.100000
vn 0.000000 0.000000 -0.100000
vn 0.000000 0.000000 -0.100000
vn 0.000000 0.000000 -0.100000
vn 0.000000 0.000000 -0.100000
vn 0.000000 0.000000 -0.100000
vn 0.000000 0.000000 -0.100000
vn 0.000000 0.000000 -0.100000
vn 0.000000 0.000000 -0.100000
vn 0.000000 0.000000 -0.100000
vn 0.000000 0.000000 -0.100000
vn 0.000000 -0.098934 -0.014560
vn 0.000000 -0.098934 -0.014560
vn 0.000000 -0.100000 -0.000000
vn 0.000000 -0.100000 -0.000000
vn 0.000000 -0.098934 0.014560
vn 0.000000 -0.098934 0.014560
vn 0.000000 -0.095760 0.028810
vn 0.000000 -0.095760 0.028810
vn 0.000000 -0.090545 0.042446
vn 0.000000 -0.090545 0.042446
vn 0.000000 -0.083400 0.055177
vn 0.000000 -0.083400 0.055177
vn 0.000000 -0.074477 0.066732
vn 0.000000 -0.074477 0.066732
vn 0.000000 -0.063967 0.076865
vn 0.000000 -0.063967 0.076865
vn 0.000000 -0.052094 0.085359
vn 0.000000 -0.052094 0.085359
vn 0.000000 -0.039110 0.092035
vn 0.000000 -0.039110 0.092035
vn 0.000000 -0.025293 0.096748
vn 0.000000 -0.025293 0.096748
vn 0.000000 -0.010937 0.099400
vn 0.000000 -0.010937 0.099400
vn 0.000000 0.003652 0.099933
vn 0.000000 0.003652 0.099933
vn 0.000000 0.018164 0.098337
vn 0.000000 0.018164 0.098337
vn 0.000000 0.032288 0.094644
vn 0.000000 0.032288 0.094644
vn 0.000000 0.045724 0.088934
vn 0.000000 0.045724 0.088934
vn 0.000000 0.058186 0.081329
vn 0.000000 0.058186 0.081329
vn 0.000000 0.069407 0.071990
vn 0.000000 0.069407 0.071990
vn 0.000000 0.079150 0.061117
vn 0.000000 0.079150 0.061117
vn 0.000000 0.087205 0.048942
vn 0.000000 0.087205 0.048942
vn 0.000000 0.093402 0.035723
vn 0.000000 0.093402 0.035723
vn 0.000000 0.097608 0.021743
vn 0.000000 0.097608 0.021743
vn 0.000000 0.099733 0.007300
vn 0.000000 0.099733 0.007300
vn 0.000000 0.099733 -0.007300
vn 0.000000 0.099733 -0.007300
vn 0.000000 0.097608 -0.021743
vn 0.000000 0.097608 -0.021743
vn 0.000000 0.093402 -0.035723
vn 0.000000 0.093402 -0.035723
vn 0.000000 0.087205 -0.048942
vn 0.000000 0.087205 -0.048942
vn 0.000000 0.079150 -0.061117
vn 0.000000 0.079150 -0.061117
vn 0.000000 0.069407 -0.071990
vn 0.000000 0.069407 -0.071990
vn 0.000000 0.058186 -0.081329
vn 0.000000 0.058186 -0.081329
vn 0.000000 0.045724 -0.088934
vn 0.000000 0.045724 -0.088934
vn 0.000000 0.032288 -0.094644
vn 0.000000 0.032288 -0.094644
vn 0.000000 0.018164 -0.098337
vn 0.000000 0.018164 -0.098337
vn 0.000000 0.003652 -0.099933
vn 0.000000 0.003652 -0.099933
vn 0.000000 -0.010937 -0.099400
vn 0.000000 -0.010937 -0.099400
vn 0.000000 -0.025293 -0.096748
vn 0.000000 -0.025293 -0.096748
vn 0.000000 -0.039110 -0.092035
vn 0.000000 -0.039110 -0.092035
vn 0.000000 -0.052094 -0.085359
vn 0.000000 -0.052094 -0.085359
vn 0.000000 -0.063967 -0.076865
vn 0.000000 -0.063967 -0.076865
vn 0.000000 -0.074477 -0.066732
vn 0.000000 -0.074477 -0.066732
vn 0.000000 -0.083400 -0.055177
vn 0.000000 -0.083400 -0.055177
vn 0.000000 -0.090545 -0.042446
vn 0.000000 -0.090545 -0.042446
vn 0.000000 -0.095760 -0.028810
vn 0.000000 -0.095760 -0.028810
vn 0.000000 -0.098934 -0.014560
vn 0.000000 -0.098934 -0.014560
vn 0.000000 -0.100000 -0.000000
vn 0.000000 -0.100000 -0.000000
vn 0.000000 -0.098934 0.014560
vn 0.000000 -0.098934 0.014560
vn 0.000000 -0.095760 0.028810
vn 0.000000 -0.095760 0.028810
vn 0.000000 -0.090545 0.042446
vn 0.000000 -0.090545 0.042446
vn 0.000000 -0.083400 0.055177
vn 0.000000 -0.083400 0.055177
vn 0.000000 -0.074477 0.066732
vn 0.000000 -0.074477 0.066732
vn 0.000000 -0.063967 0.076865
vn 0.000000 -0.063967 0.076865
vn 0.000000 -0.052094 0.085359
vn 0.000000 -0.052094 0.085359
vn 0.000000 -0.039110 0.092035
vn 0.000000 -0.039110 0.092035
vn 0.000000 -0.025293 0.096748
vn 0.000000 -0.025293 0.096748
vn 0.000000 -0.010937 0.099400
vn 0.000000 -0.010937 0.099400
vn 0.000000 0.003652 0.099933
vn 0.000000 0.003652 0.099933
vn 0.000000 0.018164 0.098337
vn 0.000000 0.018164 0.098337
vn 0.000000 0.032288 0.094644
vn 0.000000 0.032288 0.094644
vn 0.000000 0.045724 0.088934
vn 0.000000 0.045724 0.088934
vn 0.000000 0.058186 0.081329
vn 0.000000 0.058186 0.081329
vn 0.000000 0.069407 0.071990
vn 0.000000 0.069407 0.071990
vn 0.000000 0.079150 0.061117
vn 0.000000 0.079150 0.061117
vn 0.000000 0.087205 0.048942
vn 0.000000 0.087205 0.048942
vn 0.000000 0.093402 0.035723
vn 0.000000 0.093402 0.035723
vn 0.000000 0.097608 0.021743
vn 0.000000 0.097608 0.021743
vn 0.000000 0.099733 0.007300
vn 0.000000 0.099733 0.007300
vn 0.000000 0.099733 -0.007300
vn 0.000000 0.099733 -0.007300
vn 0.000000 0.097608 -0.021743
vn 0.000000 0.097608 -0.021743
vn 0.000000 0.093402 -0.035723
vn 0.000000 0.093402 -0.035723
vn 0.000000 0.087205 -0.048942
vn 0.000000 0.087205 -0.048942
vn 0.000000 0.079150 -0.061117
vn 0.000000 0.079150 -0.061117
vn 0.000000 0.069407 -0.071990
vn 0.000000 0.069407 -0.071990
vn 0.000000 0.058186 -0.081329
vn 0.000000 0.058186 -0.081329
vn 0.000000 0.045724 -0.088934
vn 0.000000 0.045724 -0.088934
vn 0.000000 0.032288 -0.094644
vn 0.000000 0.032288 -0.094644
vn 0.000000 0.018164 -0.098337
vn 0.000000 0.018164 -0.098337
vn 0.000000 0.003652 -0.099933
vn 0.000000 0.003652 -0.099933
vn 0.000000 -0.010937 -0.099400
vn 0.000000 -0.010937 -0.099400
vn 0.000000 -0.025293 -0.096748
vn 0.000000 -0.025293 -0.096748
vn 0.000000 -0.039110 -0.092035
vn 0.000000 -0.039110 -0.092035
vn 0.000000 -0.052094 -0.085359
vn 0.000000 -0.052094 -0.085359
vn 0.000000 -0.063967 -0.076865
vn 0.000000 -0.063967 -0.076865
vn 0.000000 -0.074477 -0.066732
vn 0.000000 -0.074477 -0.066732
vn 0.000000 -0.083400 -0.055177
vn 0.000000 -0.083400 -0.055177
vn 0.000000 -0.090545 -0.042446
vn 0.000000 -0.090545 -0.042446
vn 0.000000 -0.095760 -0.028810
vn 0.000000 -0.095760 -0.028810
vn -0.100000 0.000000 0.000000
vn -0.100000 0.000000 0.000000
vn -0.100000 0.000000 0.000000
vn -0.100000 0.000000 0.000000
vn -0.100000 0.000000 0.000000
vn -0.100000 0.000000 0.000000
vn -0.100000 0.000000 0.000000
vn -0.100000 0.000000 0.000000
vn -0.100000 0.000000 0.000000
vn -0.100000 0.000000 0.000000
vn -0.100000 0.000000 0.000000
vn -0.100000 0.000000 0.000000
vn -0.100000 0.000000 0.000000
vn -0.100000 0.000000 0.000000
vn -0.100000 0.000000 0.000000
vn -0.100000 0.000000 0.000000
vn -0.100000 0.000000 0.000000
vn -0.100000 0.000000 0.000000
vn -0.100000 0.000000 0.000000
vn -0.100000 0.000000 0.000000
vn -0.100000 0.000000 0.000000
vn -0.100000 0.000000 0.000000
vn -0.100000 0.000000 0.000000
vn -0.100000 0.000000 0.000000
vn -0.100000 0.000000 0.000000
vn -0.100000 0.000000 0.000000
vn -0.100000 0.000000 0.000000
vn -0.100000 0.000000 0.000000
vn -0.100000 0.000000 0.000000
vn -0.100000 0.000000 0.000000
vn -0.100000 0.000000 0.000000
vn -0.100000 0.000000 0.000000
vn -0.100000 0.000000 0.000000
vn -0.100000 0.000000 0.000000
vn -0.100000 0.000000 0.000000
vn -0.100000 0.000000 0.000000
vn -0.100000 0.000000 0.000000
vn -0.100000 0.000000 0.000000
vn -0.100000 0.000000 0.000000
vn -0.100000 0.000000 0.000000
vn -0.100000 0.000000 0.000000
vn -0.100000 0.000000 0.000000
vn -0.100000 0.000000 0.000000
vn 0.000000 -0.098934 -0.014560
vn 0.000000 -0.098934 -0.014560
vn 0.000000 -0.100000 -0.000000
vn 0.000000 -0.100000 -0.000000
vn 0.000000 -0.098934 0.014560
vn 0.000000 -0.098934 0.014560
vn 0.000000 -0.095760 0.028810
vn 0.000000 -0.095760 0.028810
vn 0.000000 -0.090545 0.042446
vn 0.000000 -0.090545 0.042446
vn 0.000000 -0.083400 0.055177
vn 0.000000 -0.083400 0.055177
vn 0.000000 -0.074477 0.066732
vn 0.000000 -0.074477 0.066732
vn 0.000000 -0.063967 0.076865
vn 0.000000 -0.063967 0.076865
vn 0.000000 -0.052094 0.085359
vn 0.000000 -0.052094 0.085359
vn 0.000000 -0.039110 0.092035
vn 0.000000 -0.039110 0.092035
vn 0.000000 -0.025293 0.096748
vn 0.000000 -0.025293 0.096748
vn 0.000000 -0.010937 0.099400
vn 0.000000 -0.010937 0.099400
vn 0.000000 0.003652 0.099933
vn 0.000000 0.003652 0.099933
vn 0.000000 0.018164 0.098337
vn 0.000000 0.018164 0.098337
vn 0.000000 0.032288 0.094644
vn 0.000000 0.032288 0.094644
vn 0.000000 0.045724 0.088934
vn 0.000000 0.045724 0.088934
vn 0.000000 0.058186 0.081329
vn 0.000000 0.058186 0.081329
vn 0.000000 0.069407 0.071990
vn 0.000000 0.069407 0.071990
vn 0.000000 0.079150 0.061117
vn 0.000000 0.079150 0.061117
vn 0.000000 0.087205 0.048942
vn 0.000000 0.087205 0.048942
vn 0.000000 0.093402 0.035723
vn 0.000000 0.093402 0.035723
vn 0.000000 0.097608 0.021743
vn 0.000000 0.097608 0.021743
vn 0.000000 0.099733 0.007300
vn 0.000000 0.099733 0.007300
vn 0.000000 0.099733 -0.007300
vn 0.000000 0.099733 -0.007300
vn 0.000000 0.097608 -0.021743
vn 0.000000 0.097608 -0.021743
vn 0.000000 0.093402 -0.035723
vn 0.000000 0.093402 -0.035723
vn 0.000000 0.087205 -0.048942
vn 0.000000 0.087205 -0.048942
vn 0.000000 0.079150 -0.061117
vn 0.000000 0.079150 -0.061117
vn 0.000000 0.069407 -0.071990
vn 0.000000 0.069407 -0.071990
vn 0.000000 0.058186 -0.081329
vn 0.000000 0.058186 -0.081329
vn 0.000000 0.045724 -0.088934
vn 0.000000 0.045724 -0.088934
vn 0.000000 0.032288 -0.094644
vn 0.000000 0.032288 -0.094644
vn 0.000000 0.018164 -0.098337
vn 0.000000 0.018164 -0.098337
vn 0.000000 0.003652 -0.099933
vn 0.000000 0.003652 -0.099933
vn 0.000000 -0.010937 -0.099400
vn 0.000000 -0.010937 -0.099400
vn 0.000000 -0.025293 -0.096748
vn 0.000000 -0.025293 -0.096748
vn 0.000000 -0.039110 -0.092035
vn 0.000000 -0.039110 -0.092035
vn 0.000000 -0.052094 -0.085359
vn 0.000000 -0.052094 -0.085359
vn 0.000000 -0.063967 -0.076865
vn 0.000000 -0.063967 -0.076865
vn 0.000000 -0.074477 -0.066732
vn 0.000000 -0.074477 -0.066732
vn 0.000000 -0.083400 -0.055177
vn 0.000000 -0.083400 -0.055177
vn 0.000000 -0.090545 -0.042446
vn 0.000000 -0.090545 -0.042446
vn 0.000000 -0.095760 -0.028810
vn 0.000000 -0.095760 -0.028810
vn -0.098934 0.000000 -0.014560
vn -0.098934 0.000000 -0.014560
vn -0.100000 0.000000 -0.000000
vn -0.100000 0.000000 -0.000000
vn -0.098934 0.000000 0.014560
vn -0.098934 0.000000 0.014560
vn -0.095760 0.000000 0.028810
vn -0.095760 0.000000 0.028810
vn -0.090545 0.000000 0.042446
vn -0.090545 0.000000 0.042446
vn -0.083400 0.000000 0.055177
vn -0.083400 0.000000 0.055177
vn -0.074477 0.000000 0.066732
vn -0.074477 0.000000 0.066732
vn -0.063967 0.000000 0.076865
vn -0.063967 0.000000 0.076865
vn -0.052094 0.000000 0.085359
vn -0.052094 0.000000 0.085359
vn -0.039110 0.000000 0.092035
vn -0.039110 0.000000 0.092035
vn -0.025293 0.000000 0.096748
vn -0.025293 0.000000 0.096748
vn -0.010937 0.000000 0.099400
vn -0.010937 0.000000 0.099400
vn 0.003652 0.000000 0.099933
vn 0.003652 0.000000 0.099933
vn 0.018164 0.000000 0.098337
vn 0.018164 0.000000 0.098337
vn 0.032288 0.000000 0.094644
vn 0.032288 0.000000 0.094644
vn 0.045724 0.000000 0.088934
vn 0.045724 0.000000 0.088934
vn 0.058186 0.000000 0.081329
vn 0.058186 0.000000 0.081329
vn 0.069407 0.000000 0.071990
vn 0.069407 0.000000 0.071990
vn 0.079150 0.000000 0.061117
vn 0.079150 0.000000 0.061117
vn 0.087205 0.000000 0.048942
vn 0.087205 0.000000 0.048942
vn 0.093402 0.000000 0.035723
vn 0.093402 0.000000 0.035723
vn 0.097608 0.000000 0.021743
vn 0.097608 0.000000 0.021743
vn 0.099733 0.000000 0.007300
vn 0.099733 0.000000 0.007300
vn 0.099733 0.000000 -0.007300
vn 0.099733 0.000000 -0.007300
vn 0.097608 0.000000 -0.021743
vn 0.097608 0.000000 -0.021743
vn 0.093402 0.000000 -0.035723
vn 0.093402 0.000000 -0.035723
vn 0.087205 0.000000 -0.048942
vn 0.087205 0.000000 -0.048942
vn 0.079150 0.000000 -0.061117
vn 0.079150 0.000000 -0.061117
vn 0.069407 0.000000 -0.071990
vn 0.069407 0.000000 -0.071990
vn 0.058186 0.000000 -0.081329
vn 0.058186 0.000000 -0.081329
vn 0.045724 0.000000 -0.088934
vn 0.045724 0.000000 -0.088934
vn 0.032288 0.000000 -0.094644
vn 0.032288 0.000000 -0.094644
vn 0.018164 0.000000 -0.098337
vn 0.018164 0.000000 -0.098337
vn 0.003652 0.000000 -0.099933
vn 0.003652 0.000000 -0.099933
vn -0.010937 0.000000 -0.099400
vn -0.010937 0.000000 -0.099400
vn -0.025293 0.000000 -0.096748
vn -0.025293 0.000000 -0.096748
vn -0.039110 0.000000 -0.092035
vn -0.039110 0.000000 -0.092035
vn -0.052094 0.000000 -0.085359
vn -0.052094 0.000000 -0.085359
vn -0.063967 0.000000 -0.076865
vn -0.063967 0.000000 -0.076865
vn -0.074477 0.000000 -0.066732
vn -0.074477 0.000000 -0.066732
vn -0.083400 0.000000 -0.055177
vn -0.083400 0.000000 -0.055177
vn -0.090545 0.000000 -0.042446
vn -0.090545 0.000000 -0.042446
vn -0.095760 0.000000 -0.028810
vn -0.095760 0.000000 -0.028810
vn -0.098934 0.000000 -0.014560
vn -0.098934 0.000000 -0.014560
vn -0.100000 0.000000 -0.000000
vn -0.100000 0.000000 -0.000000
vn -0.098934 0.000000 0.014560
vn -0.098934 0.000000 0.014560
vn -0.095760 0.000000 0.028810
vn -0.095760 0.000000 0.028810
vn -0.090545 0.000000 0.042446
vn -0.090545 0.000000 0.042446
vn -0.083400 0.000000 0.055177
vn -0.083400 0.000000 0.055177
vn -0.074477 0.000000 0.066732
vn -0.074477 0.000000 0.066732
vn -0.063967 0.000000 0.076865
vn -0.063967 0.000000 0.076865
vn -0.052094 0.000000 0.085359
vn -0.052094 0.000000 0.085359
vn -0.039110 0.000000 0.092035
vn -0.039110 0.000000 0.092035
vn -0.025293 0.000000 0.096748
vn -0.025293 0.000000 0.096748
vn -0.010937 0.000000 0.099400
vn -0.010937 0.000000 0.099400
vn 0.003652 0.000000 0.099933
vn 0.003652 0.000000 0.099933
vn 0.018164 0.000000 0.098337
vn 0.018164 0.000000 0.098337
vn 0.032288 0.000000 0.094644
vn 0.032288 0.000000 0.094644
vn 0.045724 0.000000 0.088934
vn 0.045724 0.000000 0.088934
vn 0.058186 0.000000 0.081329
vn 0.058186 0.000000 0.081329
vn 0.069407 0.000000 0.071990
vn 0.069407 0.000000 0.071990
vn 0.079150 0.000000 0.061117
vn 0.079150 0.000000 0.061117
vn 0.087205 0.000000 0.048942
vn 0.087205 0.000000 0.048942
vn 0.093402 0.000000 0.035723
vn 0.093402 0.000000 0.035723
vn 0.097608 0.000000 0.021743
vn 0.097608 0.000000 0.021743
vn 0.099733 0.000000 0.007300
vn 0.099733 0.000000 0.007300
vn 0.099733 0.000000 -0.007300
vn 0.099733 0.000000 -0.007300
vn 0.097608 0.000000 -0.021743
vn 0.097608 0.000000 -0.021743
vn 0.093402 0.000000 -0.035723
vn 0.093402 0.000000 -0.035723
vn 0.087205 0.000000 -0.048942
vn 0.087205 0.000000 -0.048942
vn 0.079150 0.000000 -0.061117
vn 0.079150 0.000000 -0.061117
vn 0.069407 0.000000 -0.071990
vn 0.069407 0.000000 -0.071990
vn 0.058186 0.000000 -0.081329
vn 0.058186 0.000000 -0.081329
vn 0.045724 0.000000 -0.088934
vn 0.045724 0.000000 -0.088934
vn 0.032288 0.000000 -0.094644
vn 0.032288 0.000000 -0.094644
vn 0.018164 0.000000 -0.098337
vn 0.018164 0.000000 -0.098337
vn 0.003652 0.000000 -0.099933
vn 0.003652 0.000000 -0.099933
vn -0.010937 0.000000 -0.099400
vn -0.010937 0.000000 -0.099400
vn -0.025293 0.000000 -0.096748
vn -0.025293 0.000000 -0.096748
vn -0.039110 0.000000 -0.092035
vn -0.039110 0.000000 -0.092035
vn -0.052094 0.000000 -0.085359
vn -0.052094 0.000000 -0.085359
vn -0.063967 0.000000 -0.076865
vn -0.063967 0.000000 -0.076865
vn -0.074477 0.000000 -0.066732
vn -0.074477 0.000000 -0.066732
vn -0.083400 0.000000 -0.055177
vn -0.083400 0.000000 -0.055177
vn -0.090545 0.000000 -0.042446
vn -0.090545 0.000000 -0.042446
vn -0.095760 0.000000 -0.028810
vn -0.095760 0.000000 -0.028810
vn -0.098934 0.000000 -0.014560
vn -0.098934 0.000000 -0.014560
vn -0.100000 0.000000 -0.000000
vn -0.100000 0.000000 -0.000000
vn -0.098934 0.000000 0.014560
vn -0.098934 0.000000 0.014560
vn -0.095760 0.000000 0.028810
vn -0.095760 0.000000 0.028810
vn -0.090545 0.000000 0.042446
vn -0.090545 0.000000 0.042446
vn -0.083400 0.000000 0.055177
vn -0.083400 0.000000 0.055177
vn -0.074477 0.000000 0.066732
vn -0.074477 0.000000 0.066732
vn -0.063967 0.000000 0.076865
vn -0.063967 0.000000 0.076865
vn -0.052094 0.000000 0.085359
vn -0.052094 0.000000 0.085359
vn -0.039110 0.000000 0.092035
vn -0.039110 0.000000 0.092035
vn -0.025293 0.000000 0.096748
vn -0.025293 0.000000 0.096748
vn -0.010937 0.000000 0.099400
vn -0.010937 0.000000 0.099400
vn 0.003652 0.000000 0.099933
vn 0.003652 0.000000 0.099933
vn 0.018164 0.000000 0.098337
vn 0.018164 0.000000 0.098337
vn 0.032288 0.000000 0.094644
vn 0.032288 0.000000 0.094644
vn 0.045724 0.000000 0.088934
vn 0.045724 0.000000 0.088934
vn 0.058186 0.000000 0.081329
vn 0.058186 0.000000 0.081329
vn 0.069407 0.000000 0.071990
vn 0.069407 0.000000 0.071990
vn 0.079150 0.000000 0.061117
vn 0.079150 0.000000 0.061117
vn 0.087205 0.000000 0.048942
vn 0.087205 0.000000 0.048942
vn 0.093402 0.000000 0.035723
vn 0.093402 0.000000 0.035723
vn 0.097608 0.000000 0.021743
vn 0.097608 0.000000 0.021743
vn 0.099733 0.000000 0.007300
vn 0.099733 0.000000 0.007300
vn 0.099733 0.000000 -0.007300
vn 0.099733 0.000000 -0.007300
vn 0.097608 0.000000 -0.021743
vn 0.097608 0.000000 -0.021743
vn 0.093402 0.000000 -0.035723
vn 0.093402 0.000000 -0.035723
vn 0.087205 0.000000 -0.048942
vn 0.087205 0.000000 -0.048942
vn 0.079150 0.000000 -0.061117
vn 0.079150 0.000000 -0.061117
vn 0.069407 0.000000 -0.071990
vn 0.069407 0.000000 -0.071990
vn 0.058186 0.000000 -0.081329
vn 0.058186 0.000000 -0.081329
vn 0.045724 0.000000 -0.088934
vn 0.045724 0.000000 -0.088934
vn 0.032288 0.000000 -0.094644
vn 0.032288 0.000000 -0.094644
vn 0.018164 0.000000 -0.098337
vn 0.018164 0.000000 -0.098337
vn 0.003652 0.000000 -0.099933
vn 0.003652 0.000000 -0.099933
vn -0.010937 0.000000 -0.099400
vn -0.010937 0.000000 -0.099400
vn -0.025293 0.000000 -0.096748
vn -0.025293 0.000000 -0.096748
vn -0.039110 0.000000 -0.092035
vn -0.039110 0.000000 -0.092035
vn -0.052094 0.000000 -0.085359
vn -0.052094 0.000000 -0.085359
vn -0.063967 0.000000 -0.076865
vn -0.063967 0.000000 -0.076865
vn -0.074477 0.000000 -0.066732
vn -0.074477 0.000000 -0.066732
vn -0.083400 0.000000 -0.055177
vn -0.083400 0.000000 -0.055177
vn -0.090545 0.000000 -0.042446
vn -0.090545 0.000000 -0.042446
vn -0.095760 0.000000 -0.028810
vn -0.095760 0.000000 -0.028810
vn -0.098934 0.000000 -0.014560
vn -0.098934 0.000000 -0.014560
vn -0.100000 0.000000 -0.000000
vn -0.100000 0.000000 -0.000000
vn -0.098934 0.000000 0.014560
vn -0.098934 0.000000 0.014560
vn -0.095760 0.000000 0.028810
vn -0.095760 0.000000 0.028810
vn -0.090545 0.000000 0.042446
vn -0.090545 0.000000 0.042446
vn -0.083400 0.000000 0.055177
vn -0.083400 0.000000 0.055177
vn -0.074477 0.000000 0.066732
vn -0.074477 0.000000 0.066732
vn -0.063967 0.000000 0.076865
vn -0.063967 0.000000 0.076865
vn -0.052094 0.000000 0.085359
vn -0.052094 0.000000 0.085359
vn -0.039110 0.000000 0.092035
vn -0.039110 0.000000 0.092035
vn -0.025293 0.000000 0.096748
vn -0.025293 0.000000 0.096748
vn -0.010937 0.000000 0.099400
vn -0.010937 0.000000 0.099400
vn 0.003652 0.000000 0.099933
vn 0.003652 0.000000 0.099933
vn 0.018164 0.000000 0.098337
vn 0.018164 0.000000 0.098337
vn 0.032288 0.000000 0.094644
vn 0.032288 0.000000 0.094644
vn 0.045724 0.000000 0.088934
vn 0.045724 0.000000 0.088934
vn 0.058186 0.000000 0.081329
vn 0.058186 0.000000 0.081329
vn 0.069407 0.000000 0.071990
vn 0.069407 0.000000 0.071990
vn 0.079150 0.000000 0.061117
vn 0.079150 0.000000 0.061117
vn 0.087205 0.000000 0.048942
vn 0.087205 0.000000 0.048942
vn 0.093402 0.000000 0.035723
vn 0.093402 0.000000 0.035723
vn 0.097608 0.000000 0.021743
vn 0.097608 0.000000 0.021743
vn 0.099733 0.000000 0.007300
vn 0.099733 0.000000 0.007300
vn 0.099733 0.000000 -0.007300
vn 0.099733 0.000000 -0.007300
vn 0.097608 0.000000 -0.021743
vn 0.097608 0.000000 -0.021743
vn 0.093402 0.000000 -0.035723
vn 0.093402 0.000000 -0.035723
vn 0.087205 0.000000 -0.048942
vn 0.087205 0.000000 -0.048942
vn 0.079150 0.000000 -0.061117
vn 0.079150 0.000000 -0.061117
vn 0.069407 0.000000 -0.071990
vn 0.069407 0.000000 -0.071990
vn 0.058186 0.000000 -0.081329
vn 0.058186 0.000000 -0.081329
vn 0.045724 0.000000 -0.088934
vn 0.045724 0.000000 -0.088934
vn 0.032288 0.000000 -0.094644
vn 0.032288 0.000000 -0.094644
vn 0.018164 0.000000 -0.098337
vn 0.018164 0.000000 -0.098337
vn 0.003652 0.000000 -0.099933
vn 0.003652 0.000000 -0.099933
vn -0.010937 0.000000 -0.099400
vn -0.010937 0.000000 -0.099400
vn -0.025293 0.000000 -0.096748
vn -0.025293 0.000000 -0.096748
vn -0.039110 0.000000 -0.092035
vn -0.039110 0.000000 -0.092035
vn -0.052094 0.000000 -0.085359
vn -0.052094 0.000000 -0.085359
vn -0.063967 0.000000 -0.076865
vn -0.063967 0.000000 -0.076865
vn -0.074477 0.000000 -0.066732
vn -0.074477 0.000000 -0.066732
vn -0.083400 0.000000 -0.055177
vn -0.083400 0.000000 -0.055177
vn -0.090545 0.000000 -0.042446
vn -0.090545 0.000000 -0.042446
vn -0.095760 0.000000 -0.028810
vn -0.095760 0.000000 -0.028810
vn -0.098934 0.000000 -0.014560
vn -0.098934 0.000000 -0.014560
vn -0.100000 0.000000 -0.000000
vn -0.100000 0.000000 -0.000000
vn -0.098934 0.000000 0.014560
vn -0.098934 0.000000 0.014560
vn -0.095760 0.000000 0.028810
vn -0.095760 0.000000 0.028810
vn -0.090545 0.000000 0.042446
vn -0.090545 0.000000 0.042446
vn -0.083400 0.000000 0.055177
vn -0.083400 0.000000 0.055177
vn -0.074477 0.000000 0.066732
vn -0.074477 0.000000 0.066732
vn -0.063967 0.000000 0.076865
vn -0.063967 0.000000 0.076865
vn -0.052094 0.000000 0.085359
vn -0.052094 0.000000 0.085359
vn -0.039110 0.000000 0.092035
vn -0.039110 0.000000 0.092035
vn -0.025293 0.000000 0.096748
vn -0.025293 0.000000 0.096748
vn -0.010937 0.000000 0.099400
vn -0.010937 0.000000 0.099400
vn 0.003652 0.000000 0.099933
vn 0.003652 0.000000 0.099933
vn 0.018164 0.000000 0.098337
vn 0.018164 0.000000 0.098337
vn 0.032288 0.000000 0.094644
vn 0.032288 0.000000 0.094644
vn 0.045724 0.000000 0.088934
vn 0.045724 0.000000 0.088934
vn 0.058186 0.000000 0.081329
vn 0.058186 0.000000 0.081329
vn 0.069407 0.000000 0.071990
vn 0.069407 0.000000 0.071990
vn 0.079150 0.000000 0.061117
vn 0.079150 0.000000 0.061117
vn 0.087205 0.000000 0.048942
vn 0.087205 0.000000 0.048942
vn 0.093402 0.000000 0.035723
vn 0.093402 0.000000 0.035723
vn 0.097608 0.000000 0.021743
vn 0.097608 0.000000 0.021743
vn 0.099733 0.000000 0.007300
vn 0.099733 0.000000 0.007300
vn 0.099733 0.000000 -0.007300
vn 0.099733 0.000000 -0.007300
vn 0.097608 0.000000 -0.021743
vn 0.097608 0.000000 -0.021743
vn 0.093402 0.000000 -0.035723
vn 0.093402 0.000000 -0.035723
vn 0.087205 0.000000 -0.048942
vn 0.087205 0.000000 -0.048942
vn 0.079150 0.000000 -0.061117
vn 0.079150 0.000000 -0.061117
vn 0.069407 0.000000 -0.071990
vn 0.069407 0.000000 -0.071990
vn 0.058186 0.000000 -0.081329
vn 0.058186 0.000000 -0.081329
vn 0.045724 0.000000 -0.088934
vn 0.045724 0.000000 -0.088934
vn 0.032288 0.000000 -0.094644
vn 0.032288 0.000000 -0.094644
vn 0.018164 0.000000 -0.098337
vn 0.018164 0.000000 -0.098337
vn 0.003652 0.000000 -0.099933
vn 0.003652 0.000000 -0.099933
vn -0.010937 0.000000 -0.099400
vn -0.010937 0.000000 -0.099400
vn -0.025293 0.000000 -0.096748
vn -0.025293 0.000000 -0.096748
vn -0.039110 0.000000 -0.092035
vn -0.039110 0.000000 -0.092035
vn -0.052094 0.000000 -0.085359
vn -0.052094 0.000000 -0.085359
vn -0.063967 0.000000 -0.076865
vn -0.063967 0.000000 -0.076865
vn -0.074477 0.000000 -0.066732
vn -0.074477 0.000000 -0.066732
vn -0.083400 0.000000 -0.055177
vn -0.083400 0.000000 -0.055177
vn -0.090545 0.000000 -0.042446
vn -0.090545 0.000000 -0.042446
vn -0.095760 0.000000 -0.028810
vn -0.095760 0.000000 -0.028810
vn 0.000000 0.098934 -0.014560
vn 0.000000 0.098934 -0.014560
vn 0.000000 0.100000 -0.000000
vn 0.000000 0.100000 -0.000000
vn 0.000000 0.098934 0.014560
vn 0.000000 0.098934 0.014560
vn 0.000000 0.095760 0.028810
vn 0.000000 0.095760 0.028810
vn 0.000000 0.090545 0.042446
vn 0.000000 0.090545 0.042446
vn 0.000000 0.083400 0.055177
vn 0.000000 0.083400 0.055177
vn 0.000000 0.074477 0.066732
vn 0.000000 0.074477 0.066732
vn 0.000000 0.063967 0.076865
vn 0.000000 0.063967 0.076865
vn 0.000000 0.052094 0.085359
vn 0.000000 0.052094 0.085359
vn 0.000000 0.039110 0.092035
vn 0.000000 0.039110 0.092035
vn 0.000000 0.025293 0.096748
vn 0.000000 0.025293 0.096748
vn 0.000000 0.010937 0.099400
vn 0.000000 0.010937 0.099400
vn 0.000000 -0.003652 0.099933
vn 0.000000 -0.003652 0.099933
vn 0.000000 -0.018164 0.098337
vn 0.000000 -0.018164 0.098337
vn 0.000000 -0.032288 0.094644
vn 0.000000 -0.032288 0.094644
vn 0.000000 -0.045724 0.088934
vn 0.000000 -0.045724 0.088934
vn 0.000000 -0.058186 0.081329
vn 0.000000 -0.058186 0.081329
vn 0.000000 -0.069407 0.071990
vn 0.000000 -0.069407 0.071990
vn 0.000000 -0.079150 0.061117
vn 0.000000 -0.079150 0.061117
vn 0.000000 -0.087205 0.048942
vn 0.000000 -0.087205 0.048942
vn 0.000000 -0.093402 0.035723
vn 0.000000 -0.093402 0.035723
vn 0.000000 -0.097608 0.021743
vn 0.000000 -0.097608 0.021743
vn 0.000000 -0.099733 0.007300
vn 0.000000 -0.099733 0.007300
vn 0.000000 -0.099733 -0.007300
vn 0.000000 -0.099733 -0.007300
vn 0.000000 -0.097608 -0.021743
vn 0.000000 -0.097608 -0.021743
vn 0.000000 -0.093402 -0.035723
vn 0.000000 -0.093402 -0.035723
vn 0.000000 -0.087205 -0.048942
vn 0.000000 -0.087205 -0.048942
vn 0.000000 -0.079150 -0.061117
vn 0.000000 -0.079150 -0.061117
vn 0.000000 -0.069407 -0.071990
vn 0.000000 -0.069407 -0.071990
vn 0.000000 -0.058186 -0.081329
vn 0.000000 -0.058186 -0.081329
vn 0.000000 -0.045724 -0.088934
vn 0.000000 -0.045724 -0.088934
vn 0.000000 -0.032288 -0.094644
vn 0.000000 -0.032288 -0.094644
vn 0.000000 -0.018164 -0.098337
vn 0.000000 -0.018164 -0.098337
vn 0.000000 -0.003652 -0.099933
vn 0.000000 -0.003652 -0.099933
vn 0.000000 0.010937 -0.099400
vn 0.000000 0.010937 -0.099400
vn 0.000000 0.025293 -0.096748
vn 0.000000 0.025293 -0.096748
vn 0.000000 0.039110 -0.092035
vn 0.000000 0.039110 -0.092035
vn 0.000000 0.052094 -0.085359
vn 0.000000 0.052094 -0.085359
vn 0.000000 0.063967 -0.076865
vn 0.000000 0.063967 -0.076865
vn 0.000000 0.074477 -0.066732
vn 0.000000 0.074477 -0.066732
vn 0.000000 0.083400 -0.055177
vn 0.000000 0.083400 -0.055177
vn 0.000000 0.090545 -0.042446
vn 0.000000 0.090545 -0.042446
vn 0.000000 0.095760 -0.028810
vn 0.000000 0.095760 -0.028810
vn 0.000000 0.098934 -0.014560
vn 0.000000 0.098934 -0.014560
vn 0.000000 0.100000 -0.000000
vn 0.000000 0.100000 -0.000000
vn 0.000000 0.098934 0.014560
vn 0.000000 0.098934 0.014560
vn 0.000000 0.095760 0.028810
vn 0.000000 0.095760 0.028810
vn 0.000000 0.090545 0.042446
vn 0.000000 0.090545 0.042446
vn 0.000000 0.083400 0.055177
vn 0.000000 0.083400 0.055177
vn 0.000000 0.074477 0.066732
vn 0.000000 0.074477 0.066732
vn 0.000000 0.063967 0.076865
vn 0.000000 0.063967 0.076865
vn 0.000000 0.052094 0.085359
vn 0.000000 0.052094 0.085359
vn 0.000000 0.039110 0.092035
vn 0.000000 0.039110 0.092035
vn 0.000000 0.025293 0.096748
vn 0.000000 0.025293 0.096748
vn 0.000000 0.010937 0.099400
vn 0.000000 0.010937 0.099400
vn 0.000000 -0.003652 0.099933
vn 0.000000 -0.003652 0.099933
vn 0.000000 -0.018164 0.098337
vn 0.000000 -0.018164 0.098337
vn 0.000000 -0.032288 0.094644
vn 0.000000 -0.032288 0.094644
vn 0.000000 -0.045724 0.088934
vn 0.000000 -0.045724 0.088934
vn 0.000000 -0.058186 0.081329
vn 0.000000 -0.058186 0.081329
vn 0.000000 -0.069407 0.071990
vn 0.000000 -0.069407 0.071990
vn 0.000000 -0.079150 0.061117
vn 0.000000 -0.079150 0.061117
vn 0.000000 -0.087205 0.048942
vn 0.000000 -0.087205 0.048942
vn 0.000000 -0.093402 0.035723
vn 0.000000 -0.093402 0.035723
vn 0.000000 -0.097608 0.021743
vn 0.000000 -0.097608 0.021743
vn 0.000000 -0.099733 0.007300
vn 0.000000 -0.099733 0.007300
vn 0.000000 -0.099733 -0.007300
vn 0.000000 -0.099733 -0.007300
vn 0.000000 -0.097608 -0.021743
vn 0.000000 -0.097608 -0.021743
vn 0.000000 -0.093402 -0.035723
vn 0.000000 -0.093402 -0.035723
vn 0.000000 -0.087205 -0.048942
vn 0.000000 -0.087205 -0.048942
vn 0.000000 -0.079150 -0.061117
vn 0.000000 -0.079150 -0.061117
vn 0.000000 -0.069407 -0.071990
vn 0.000000 -0.069407 -0.071990
vn 0.000000 -0.058186 -0.081329
vn 0.000000 -0.058186 -0.081329
vn 0.000000 -0.045724 -0.088934
vn 0.000000 -0.045724 -0.088934
vn 0.000000 -0.032288 -0.094644
vn 0.000000 -0.032288 -0.094644
vn 0.000000 -0.018164 -0.098337
vn 0.000000 -0.018164 -0.098337
vn 0.000000 -0.003652 -0.099933
vn 0.000000 -0.003652 -0.099933
vn 0.000000 0.010937 -0.099400
vn 0.000000 0.010937 -0.099400
vn 0.000000 0.025293 -0.096748
vn 0.000000 0.025293 -0.096748
vn 0.000000 0.039110 -0.092035
vn 0.000000 0.039110 -0.092035
vn 0.000000 0.052094 -0.085359
vn 0.000000 0.052094 -0.085359
vn 0.000000 0.063967 -0.076865
vn 0.000000 0.063967 -0.076865
vn 0.000000 0.074477 -0.066732
vn 0.000000 0.074477 -0.066732
vn 0.000000 0.083400 -0.055177
vn 0.000000 0.083400 -0.055177
vn 0.000000 0.090545 -0.042446
vn 0.000000 0.090545 -0.042446
vn 0.000000 0.095760 -0.028810
vn 0.000000 0.095760 -0.028810
vn 0.000000 0.098934 -0.014560
vn 0.000000 0.098934 -0.014560
vn 0.000000 0.100000 -0.000000
vn 0.000000 0.100000 -0.000000
vn 0.000000 0.098934 0.014560
vn 0.000000 0.098934 0.014560
vn 0.000000 0.095760 0.028810
vn 0.000000 0.095760 0.028810
vn 0.000000 0.090545 0.042446
vn 0.000000 0.090545 0.042446
vn 0.000000 0.083400 0.055177
vn 0.000000 0.083400 0.055177
vn 0.000000 0.074477 0.066732
vn 0.000000 0.074477 0.066732
vn 0.000000 0.063967 0.076865
vn 0.000000 0.063967 0.076865
vn 0.000000 0.052094 0.085359
vn 0.000000 0.052094 0.085359
vn 0.000000 0.039110 0.092035
vn 0.000000 0.039110 0.092035
vn 0.000000 0.025293 0.096748
vn 0.000000 0.025293 0.096748
vn 0.000000 0.010937 0.099400
vn 0.000000 0.010937 0.099400
vn 0.000000 -0.003652 0.099933
vn 0.000000 -0.003652 0.099933
vn 0.000000 -0.018164 0.098337
vn 0.000000 -0.018164 0.098337
vn 0.000000 -0.032288 0.094644
vn 0.000000 -0.032288 0.094644
vn 0.000000 -0.045724 0.088934
vn 0.000000 -0.045724 0.088934
vn 0.000000 -0.058186 0.081329
vn 0.000000 -0.058186 0.081329
vn 0.000000 -0.069407 0.071990
vn 0.000000 -0.069407 0.071990
vn 0.000000 -0.079150 0.061117
vn 0.000000 -0.079150 0.061117
vn 0.000000 -0.087205 0.048942
vn 0.000000 -0.087205 0.048942
vn 0.000000 -0.093402 0.035723
vn 0.000000 -0.093402 0.035723
vn 0.000000 -0.097608 0.021743
vn 0.000000 -0.097608 0.021743
vn 0.000000 -0.099733 0.007300
vn 0.000000 -0.099733 0.007300
vn 0.000000 -0.099733 -0.007300
vn 0.000000 -0.099733 -0.007300
vn 0.000000 -0.097608 -0.021743
vn 0.000000 -0.097608 -0.021743
vn 0.000000 -0.093402 -0.035723
vn 0.000000 -0.093402 -0.035723
vn 0.000000 -0.087205 -0.048942
vn 0.000000 -0.087205 -0.048942
vn 0.000000 -0.079150 -0.061117
vn 0.000000 -0.079150 -0.061117
vn 0.000000 -0.069407 -0.071990
vn 0.000000 -0.069407 -0.071990
vn 0.000000 -0.058186 -0.081329
vn 0.000000 -0.058186 -0.081329
vn 0.000000 -0.045724 -0.088934
vn 0.000000 -0.045724 -0.088934
vn 0.000000 -0.032288 -0.094644
vn 0.000000 -0.032288 -0.094644
vn 0.000000 -0.018164 -0.098337
vn 0.000000 -0.018164 -0.098337
vn 0.000000 -0.003652 -0.099933
vn 0.000000 -0.003652 -0.099933
vn 0.000000 0.010937 -0.099400
vn 0.000000 0.010937 -0.099400
vn 0.000000 0.025293 -0.096748
vn 0.000000 0.025293 -0.096748
vn 0.000000 0.039110 -0.092035
vn 0.000000 0.039110 -0.092035
vn 0.000000 0.052094 -0.085359
vn 0.000000 0.052094 -0.085359
vn 0.000000 0.063967 -0.076865
vn 0.000000 0.063967 -0.076865
vn 0.000000 0.074477 -0.066732
vn 0.000000 0.074477 -0.066732
vn 0.000000 0.083400 -0.055177
vn 0.000000 0.083400 -0.055177
vn 0.000000 0.090545 -0.042446
vn 0.000000 0.090545 -0.042446
vn 0.000000 0.095760 -0.028810
vn 0.000000 0.095760 -0.028810
vn 0.000000 0.098934 -0.014560
vn 0.000000 0.098934 -0.014560
vn 0.000000 0.100000 -0.000000
vn 0.000000 0.100000 -0.000000
vn 0.000000 0.098934 0.014560
vn 0.000000 0.098934 0.014560
vn 0.000000 0.095760 0.028810
vn 0.000000 0.095760 0.028810
vn 0.000000 0.090545 0.042446
vn 0.000000 0.090545 0.042446
vn 0.000000 0.083400 0.055177
vn 0.000000 0.083400 0.055177
vn 0.000000 0.074477 0.066732
vn 0.000000 0.074477 0.066732
vn 0.000000 0.063967 0.076865
vn 0.000000 0.063967 0.076865
vn 0.000000 0.052094 0.085359
vn 0.000000 0.052094 0.085359
vn 0.000000 0.039110 0.092035
vn 0.000000 0.039110 0.092035
vn 0.000000 0.025293 0.096748
vn 0.000000 0.025293 0.096748
vn 0.000000 0.010937 0.099400
vn 0.000000 0.010937 0.099400
vn 0.000000 -0.003652 0.099933
vn 0.000000 -0.003652 0.099933
vn 0.000000 -0.018164 0.098337
vn 0.000000 -0.018164 0.098337
vn 0.000000 -0.032288 0.094644
vn 0.000000 -0.032288 0.094644
vn 0.000000 -0.045724 0.088934
vn 0.000000 -0.045724 0.088934
vn 0.000000 -0.058186 0.081329
vn 0.000000 -0.058186 0.081329
vn 0.000000 -0.069407 0.071990
vn 0.000000 -0.069407 0.071990
vn 0.000000 -0.079150 0.061117
vn 0.000000 -0.079150 0.061117
vn 0.000000 -0.087205 0.048942
vn 0.000000 -0.087205 0.048942
vn 0.000000 -0.093402 0.035723
vn 0.000000 -0.093402 0.035723
vn 0.000000 -0.097608 0.021743
vn 0.000000 -0.097608 0.021743
vn 0.000000 -0.099733 0.007300
vn 0.000000 -0.099733 0.007300
vn 0.000000 -0.099733 -0.007300
vn 0.000000 -0.099733 -0.007300
vn 0.000000 -0.097608 -0.021743
vn 0.000000 -0.097608 -0.021743
vn 0.000000 -0.093402 -0.035723
vn 0.000000 -0.093402 -0.035723
vn 0.000000 -0.087205 -0.048942
vn 0.000000 -0.087205 -0.048942
vn 0.000000 -0.079150 -0.061117
vn 0.000000 -0.079150 -0.061117
vn 0.000000 -0.069407 -0.071990
vn 0.000000 -0.069407 -0.071990
vn 0.000000 -0.058186 -0.081329
vn 0.000000 -0.058186 -0.081329
vn 0.000000 -0.045724 -0.088934
vn 0.000000 -0.045724 -0.088934
vn 0.000000 -0.032288 -0.094644
vn 0.000000 -0.032288 -0.094644
vn 0.000000 -0.018164 -0.098337
vn 0.000000 -0.018164 -0.098337
vn 0.000000 -0.003652 -0.099933
vn 0.000000 -0.003652 -0.099933
vn 0.000000 0.010937 -0.099400
vn 0.000000 0.010937 -0.099400
vn 0.000000 0.025293 -0.096748
vn 0.000000 0.025293 -0.096748
vn 0.000000 0.039110 -0.092035
vn 0.000000 0.039110 -0.092035
vn 0.000000 0.052094 -0.085359
vn 0.000000 0.052094 -0.085359
vn 0.000000 0.063967 -0.076865
vn 0.000000 0.063967 -0.076865
vn 0.000000 0.074477 -0.066732
vn 0.000000 0.074477 -0.066732
vn 0.000000 0.083400 -0.055177
vn 0.000000 0.083400 -0.055177
vn 0.000000 0.090545 -0.042446
vn 0.000000 0.090545 -0.042446
vn 0.000000 0.095760 -0.028810
vn 0.000000 0.095760 -0.028810
vn 0.098934 0.000000 -0.014560
vn 0.098934 0.000000 -0.014560
vn 0.100000 0.000000 -0.000000
vn 0.100000 0.000000 -0.000000
vn 0.098934 -0.000000 0.014560
vn 0.098934 -0.000000 0.014560
vn 0.095760 -0.000000 0.028810
vn 0.095760 -0.000000 0.028810
vn 0.090545 -0.000000 0.042446
vn 0.090545 -0.000000 0.042446
vn 0.083400 -0.000000 0.055177
vn 0.083400 -0.000000 0.055177
vn 0.074477 -0.000000 0.066732
vn 0.074477 -0.000000 0.066732
vn 0.063967 -0.000000 0.076865
vn 0.063967 -0.000000 0.076865
vn 0.052094 -0.000000 0.085359
vn 0.052094 -0.000000 0.085359
vn 0.039110 -0.000000 0.092035
vn 0.039110 -0.000000 0.092035
vn 0.025293 -0.000000 0.096748
vn 0.025293 -0.000000 0.096748
vn 0.010937 -0.000000 0.099400
vn 0.010937 -0.000000 0.099400
vn -0.003652 0.000000 0.099933
vn -0.003652 0.000000 0.099933
vn -0.018164 0.000000 0.098337
vn -0.018164 0.000000 0.098337
vn -0.032288 0.000000 0.094644
vn -0.032288 0.000000 0.094644
vn -0.045724 0.000000 0.088934
vn -0.045724 0.000000 0.088934
vn -0.058186 0.000000 0.081329
vn -0.058186 0.000000 0.081329
vn -0.069407 0.000000 0.071990
vn -0.069407 0.000000 0.071990
vn -0.079150 0.000000 0.061117
vn -0.079150 0.000000 0.061117
vn -0.087205 0.000000 0.048942
vn -0.087205 0.000000 0.048942
vn -0.093402 0.000000 0.035723
vn -0.093402 0.000000 0.035723
vn -0.097608 0.000000 0.021743
vn -0.097608 0.000000 0.021743
vn -0.099733 0.000000 0.007300
vn -0.099733 0.000000 0.007300
vn -0.099733 0.000000 -0.007300
vn -0.099733 0.000000 -0.007300
vn -0.097608 0.000000 -0.021743
vn -0.097608 0.000000 -0.021743
vn -0.093402 0.000000 -0.035723
vn -0.093402 0.000000 -0.035723
vn -0.087205 0.000000 -0.048942
vn -0.087205 0.000000 -0.048942
vn -0.079150 0.000000 -0.061117
vn -0.079150 0.000000 -0.061117
vn -0.069407 0.000000 -0.071990
vn -0.069407 0.000000 -0.071990
vn -0.058186 0.000000 -0.081329
vn -0.058186 0.000000 -0.081329
vn -0.045724 0.000000 -0.088934
vn -0.045724 0.000000 -0.088934
vn -0.032288 0.000000 -0.094644
vn -0.032288 0.000000 -0.094644
vn -0.018164 0.000000 -0.098337
vn -0.018164 0.000000 -0.098337
vn -0.003652 0.000000 -0.099933
vn -0.003652 0.000000 -0.099933
vn 0.010937 0.000000 -0.099400
vn 0.010937 0.000000 -0.099400
vn 0.025293 0.000000 -0.096748
vn 0.025293 0.000000 -0.096748
vn 0.039110 0.000000 -0.092035
vn 0.039110 0.000000 -0.092035
vn 0.052094 0.000000 -0.085359
vn 0.052094 0.000000 -0.085359
vn 0.063967 0.000000 -0.076865
vn 0.063967 0.000000 -0.076865
vn 0.074477 0.000000 -0.066732
vn 0.074477 0.000000 -0.066732
vn 0.083400 0.000000 -0.055177
vn 0.083400 0.000000 -0.055177
vn 0.090545 0.000000 -0.042446
vn 0.090545 0.000000 -0.042446
vn 0.095760 0.000000 -0.028810
vn 0.095760 0.000000 -0.028810
vn 0.098934 0.000000 -0.014560
vn 0.098934 0.000000 -0.014560
vn 0.100000 0.000000 -0.000000
vn 0.100000 0.000000 -0.000000
vn 0.098934 -0.000000 0.014560
vn 0.098934 -0.000000 0.014560
vn 0.095760 -0.000000 0.028810
vn 0.095760 -0.000000 0.028810
vn 0.090545 -0.000000 0.042446
vn 0.090545 -0.000000 0.042446
vn 0.083400 -0.000000 0.055177
vn 0.083400 -0.000000 0.055177
vn 0.074477 -0.000000 0.066732
vn 0.074477 -0.000000 0.066732
vn 0.063967 -0.000000 0.076865
vn 0.063967 -0.000000 0.076865
vn 0.052094 -0.000000 0.085359
vn 0.052094 -0.000000 0.085359
vn 0.039110 -0.000000 0.092035
vn 0.039110 -0.000000 0.092035
vn 0.025293 -0.000000 0.096748
vn 0.025293 -0.000000 0.096748
vn 0.010937 -0.000000 0.099400
vn 0.010937 -0.000000 0.099400
vn -0.003652 0.000000 0.099933
vn -0.003652 0.000000 0.099933
vn -0.018164 0.000000 0.098337
vn -0.018164 0.000000 0.098337
vn -0.032288 0.000000 0.094644
vn -0.032288 0.000000 0.094644
vn -0.045724 0.000000 0.088934
vn -0.045724 0.000000 0.088934
vn -0.058186 0.000000 0.081329
vn -0.058186 0.000000 0.081329
vn -0.069407 0.000000 0.071990
vn -0.069407 0.000000 0.071990
vn -0.079150 0.000000 0.061117
vn -0.079150 0.000000 0.061117
vn -0.087205 0.000000 0.048942
vn -0.087205 0.000000 0.048942
vn -0.093402 0.000000 0.035723
vn -0.093402 0.000000 0.035723
vn -0.097608 0.000000 0.021743
vn -0.097608 0.000000 0.021743
vn -0.099733 0.000000 0.007300
vn -0.099733 0.000000 0.007300
vn -0.099733 0.000000 -0.007300
vn -0.099733 0.000000 -0.007300
vn -0.097608 0.000000 -0.021743
vn -0.097608 0.000000 -0.021743
vn -0.093402 0.000000 -0.035723
vn -0.093402 0.000000 -0.035723
vn -0.087205 0.000000 -0.048942
vn -0.087205 0.000000 -0.048942
vn -0.079150 0.000000 -0.061117
vn -0.079150 0.000000 -0.061117
vn -0.069407 0.000000 -0.071990
vn -0.069407 0.000000 -0.071990
vn -0.058186 0.000000 -0.081329
vn -0.058186 0.000000 -0.081329
vn -0.045724 0.000000 -0.088934
vn -0.045724 0.000000 -0.088934
vn -0.032288 0.000000 -0.094644
vn -0.032288 0.000000 -0.094644
vn -0.018164 0.000000 -0.098337
vn -0.018164 0.000000 -0.098337
vn -0.003652 0.000000 -0.099933
vn -0.003652 0.000000 -0.099933
vn 0.010937 0.000000 -0.099400
vn 0.010937 0.000000 -0.099400
vn 0.025293 0.000000 -0.096748
vn 0.025293 0.000000 -0.096748
vn 0.039110 0.000000 -0.092035
vn 0.039110 0.000000 -0.092035
vn 0.052094 0.000000 -0.085359
vn 0.052094 0.000000 -0.085359
vn 0.063967 0.000000 -0.076865
vn 0.063967 0.000000 -0.076865
vn 0.074477 0.000000 -0.066732
vn 0.074477 0.000000 -0.066732
vn 0.083400 0.000000 -0.055177
vn 0.083400 0.000000 -0.055177
vn 0.090545 0.000000 -0.042446
vn 0.090545 0.000000 -0.042446
vn 0.095760 0.000000 -0.028810
vn 0.095760 0.000000 -0.028810
vn -0.098934 0.014560 0.000000
vn -0.098934 0.014560 0.000000
vn -0.100000 0.000000 0.000000
vn -0.100000 0.000000 0.000000
vn -0.098934 -0.014560 0.000000
vn -0.098934 -0.014560 0.000000
vn -0.095760 -0.028810 0.000000
vn -0.095760 -0.028810 0.000000
vn -0.090545 -0.042446 0.000000
vn -0.090545 -0.042446 0.000000
vn -0.083400 -0.055177 0.000000
vn -0.083400 -0.055177 0.000000
vn -0.074477 -0.066732 0.000000
vn -0.074477 -0.066732 0.000000
vn -0.063967 -0.076865 0.000000
vn -0.063967 -0.076865 0.000000
vn -0.052094 -0.085359 0.000000
vn -0.052094 -0.085359 0.000000
vn -0.039110 -0.092035 0.000000
vn -0.039110 -0.092035 0.000000
vn -0.025293 -0.096748 0.000000
vn -0.025293 -0.096748 0.000000
vn -0.010937 -0.099400 0.000000
vn -0.010937 -0.099400 0.000000
vn 0.003652 -0.099933 0.000000
vn 0.003652 -0.099933 0.000000
vn 0.018164 -0.098337 0.000000
vn 0.018164 -0.098337 0.000000
vn 0.032288 -0.094644 0.000000
vn 0.032288 -0.094644 0.000000
vn 0.045724 -0.088934 0.000000
vn 0.045724 -0.088934 0.000000
vn 0.058186 -0.081329 0.000000
vn 0.058186 -0.081329 0.000000
vn 0.069407 -0.071990 0.000000
vn 0.069407 -0.071990 0.000000
vn 0.079150 -0.061117 0.000000
vn 0.079150 -0.061117 0.000000
vn 0.087205 -0.048942 0.000000
vn 0.087205 -0.048942 0.000000
vn 0.093402 -0.035723 0.000000
vn 0.093402 -0.035723 0.000000
vn 0.097608 -0.021743 0.000000
vn 0.097608 -0.021743 0.000000
vn 0.099733 -0.007300 0.000000
vn 0.099733 -0.007300 0.000000
vn 0.099733 0.007300 0.000000
vn 0.099733 0.007300 0.000000
vn 0.097608 0.021743 0.000000
vn 0.097608 0.021743 0.000000
vn 0.093402 0.035723 0.000000
vn 0.093402 0.035723 0.000000
vn 0.087205 0.048942 0.000000
vn 0.087205 0.048942 0.000000
vn 0.079150 0.061117 0.000000
vn 0.079150 0.061117 0.000000
vn 0.069407 0.071990 0.000000
vn 0.069407 0.071990 0.000000
vn 0.058186 0.081329 0.000000
vn 0.058186 0.081329 0.000000
vn 0.045724 0.088934 0.000000
vn 0.045724 0.088934 0.000000
vn 0.032288 0.094644 0.000000
vn 0.032288 0.094644 0.000000
vn 0.018164 0.098337 0.000000
vn 0.018164 0.098337 0.000000
vn 0.003652 0.099933 0.000000
vn 0.003652 0.099933 0.000000
vn -0.010937 0.099400 0.000000
vn -0.010937 0.099400 0.000000
vn -0.025293 0.096748 0.000000
vn -0.025293 0.096748 0.000000
vn -0.039110 0.092035 0.000000
vn -0.039110 0.092035 0.000000
vn -0.052094 0.085359 0.000000
vn -0.052094 0.085359 0.000000
vn -0.063967 0.076865 0.000000
vn -0.063967 0.076865 0.000000
vn -0.074477 0.066732 0.000000
vn -0.074477 0.066732 0.000000
vn -0.083400 0.055177 0.000000
vn -0.083400 0.055177 0.000000
vn -0.090545 0.042446 0.000000
vn -0.090545 0.042446 0.000000
vn -0.095760 0.028810 0.000000
vn -0.095760 0.028810 0.000000
vn 0.000000 0.000000 0.100000
vn 0.000000 0.000000 0.100000
vn 0.000000 0.000000 0.100000
vn 0.000000 0.000000 0.100000
vn 0.000000 0.000000 0.100000
vn 0.000000 0.000000 0.100000
vn 0.000000 0.000000 0.100000
vn 0.000000 0.000000 0.100000
vn 0.000000 0.000000 0.100000
vn 0.000000 0.000000 0.100000
vn 0.000000 0.000000 0.100000
vn 0.000000 0.000000 0.100000
vn 0.000000 0.000000 0.100000
vn 0.000000 0.000000 0.100000
vn 0.000000 0.000000 0.100000
vn 0.000000 0.000000 0.100000
vn 0.000000 0.000000 0.100000
vn 0.000000 0.000000 0.100000
vn 0.000000 0.000000 0.100000
vn 0.000000 0.000000 0.100000
vn 0.000000 0.000000 0.100000
vn 0.000000 0.000000 0.100000
vn 0.000000 0.000000 0.100000
vn 0.000000 0.000000 0.100000
vn 0.000000 0.000000 0.100000
vn 0.000000 0.000000 0.100000
vn 0.000000 0.000000 0.100000
vn 0.000000 0.000000 0.100000
vn 0.000000 0.000000 0.100000
vn 0.000000 0.000000 0.100000
vn 0.000000 0.000000 0.100000
vn 0.000000 0.000000 0.100000
vn 0.000000 0.000000 0.100000
vn 0.000000 0.000000 0.100000
vn 0.000000 0.000000 0.100000
vn 0.000000 0.000000 0.100000
vn 0.000000 0.000000 0.100000
vn 0.000000 0.000000 0.100000
vn 0.000000 0.000000 0.100000
vn 0.000000 0.000000 0.100000
vn 0.000000 0.000000 0.100000
vn 0.000000 0.000000 0.100000
vn 0.000000 0.000000 0.100000
vn -0.098934 0.014560 0.000000
vn -0.098934 0.014560 0.000000
vn -0.100000 0.000000 0.000000
vn -0.100000 0.000000 0.000000
vn -0.098934 -0.014560 0.000000
vn -0.098934 -0.014560 0.000000
vn -0.095760 -0.028810 0.000000
vn -0.095760 -0.028810 0.000000
vn -0.090545 -0.042446 0.000000
vn -0.090545 -0.042446 0.000000
vn -0.083400 -0.055177 0.000000
vn -0.083400 -0.055177 0.000000
vn -0.074477 -0.066732 0.000000
vn -0.074477 -0.066732 0.000000
vn -0.063967 -0.076865 0.000000
vn -0.063967 -0.076865 0.000000
vn -0.052094 -0.085359 0.000000
vn -0.052094 -0.085359 0.000000
vn -0.039110 -0.092035 0.000000
vn -0.039110 -0.092035 0.000000
vn -0.025293 -0.096748 0.000000
vn -0.025293 -0.096748 0.000000
vn -0.010937 -0.099400 0.000000
vn -0.010937 -0.099400 0.000000
vn 0.003652 -0.099933 0.000000
vn 0.003652 -0.099933 0.000000
vn 0.018164 -0.098337 0.000000
vn 0.018164 -0.098337 0.000000
vn 0.032288 -0.094644 0.000000
vn 0.032288 -0.094644 0.000000
vn 0.045724 -0.088934 0.000000
vn 0.045724 -0.088934 0.000000
vn 0.058186 -0.081329 0.000000
vn 0.058186 -0.081329 0.000000
vn 0.069407 -0.071990 0.000000
vn 0.069407 -0.071990 0.000000
vn 0.079150 -0.061117 0.000000
vn 0.079150 -0.061117 0.000000
vn 0.087205 -0.048942 0.000000
vn 0.087205 -0.048942 0.000000
vn 0.093402 -0.035723 0.000000
vn 0.093402 -0.035723 0.000000
vn 0.097608 -0.021743 0.000000
vn 0.097608 -0.021743 0.000000
vn 0.099733 -0.007300 0.000000
vn 0.099733 -0.007300 0.000000
vn 0.099733 0.007300 0.000000
vn 0.099733 0.007300 0.000000
vn 0.097608 0.021743 0.000000
vn 0.097608 0.021743 0.000000
vn 0.093402 0.035723 0.000000
vn 0.093402 0.035723 0.000000
vn 0.087205 0.048942 0.000000
vn 0.087205 0.048942 0.000000
vn 0.079150 0.061117 0.000000
vn 0.079150 0.061117 0.000000
vn 0.069407 0.071990 0.000000
vn 0.069407 0.071990 0.000000
vn 0.058186 0.081329 0.000000
vn 0.058186 0.081329 0.000000
vn 0.045724 0.088934 0.000000
vn 0.045724 0.088934 0.000000
vn 0.032288 0.094644 0.000000
vn 0.032288 0.094644 0.000000
vn 0.018164 0.098337 0.000000
vn 0.018164 0.098337 0.000000
vn 0.003652 0.099933 0.000000
vn 0.003652 0.099933 0.000000
vn -0.010937 0.099400 0.000000
vn -0.010937 0.099400 0.000000
vn -0.025293 0.096748 0.000000
vn -0.025293 0.096748 0.000000
vn -0.039110 0.092035 0.000000
vn -0.039110 0.092035 0.000000
vn -0.052094 0.085359 0.000000
vn -0.052094 0.085359 0.000000
vn -0.063967 0.076865 0.000000
vn -0.063967 0.076865 0.000000
vn -0.074477 0.066732 0.000000
vn -0.074477 0.066732 0.000000
vn -0.083400 0.055177 0.000000
vn -0.083400 0.055177 0.000000
vn -0.090545 0.042446 0.000000
vn -0.090545 0.042446 0.000000
vn -0.095760 0.028810 0.000000
vn -0.095760 0.028810 0.000000
vn 0.000000 0.000000 0.100000
vn 0.000000 0.000000 0.100000
vn 0.000000 0.000000 0.100000
vn 0.000000 0.000000 0.100000
vn 0.000000 0.000000 0.100000
vn 0.000000 0.000000 0.100000
vn 0.000000 0.000000 0.100000
vn 0.000000 0.000000 0.100000
vn 0.000000 0.000000 0.100000
vn 0.000000 0.000000 0.100000
vn 0.000000 0.000000 0.100000
vn 0.000000 0.000000 0.100000
vn 0.000000 0.000000 0.100000
vn 0.000000 0.000000 0.100000
vn 0.000000 0.000000 0.100000
vn 0.000000 0.000000 0.100000
vn 0.000000 0.000000 0.100000
vn 0.000000 0.000000 0.100000
vn 0.000000 0.000000 0.100000
vn 0.000000 0.000000 0.100000
vn 0.000000 0.000000 0.100000
vn 0.000000 0.000000 0.100000
vn 0.000000 0.000000 0.100000
vn 0.000000 0.000000 0.100000
vn 0.000000 0.000000 0.100000
vn 0.000000 0.000000 0.100000
vn 0.000000 0.000000 0.100000
vn 0.000000 0.000000 0.100000
vn 0.000000 0.000000 0.100000
vn 0.000000 0.000000 0.100000
vn 0.000000 0.000000 0.100000
vn 0.000000 0.000000 0.100000
vn 0.000000 0.000000 0.100000
vn 0.000000 0.000000 0.100000
vn 0.000000 0.000000 0.100000
vn 0.000000 0.000000 0.100000
vn 0.000000 0.000000 0.100000
vn 0.000000 0.000000 0.100000
vn 0.000000 0.000000 0.100000
vn 0.000000 0.000000 0.100000
vn 0.000000 0.000000 0.100000
vn 0.000000 0.000000 0.100000
vn 0.000000 0.000000 0.100000
vn -0.098934 0.014560 0.000000
vn -0.098934 0.014560 0.000000
vn -0.100000 0.000000 0.000000
vn -0.100000 0.000000 0.000000
vn -0.098934 -0.014560 0.000000
vn -0.098934 -0.014560 0.000000
vn -0.095760 -0.028810 0.000000
vn -0.095760 -0.028810 0.000000
vn -0.090545 -0.042446 0.000000
vn -0.090545 -0.042446 0.000000
vn -0.083400 -0.055177 0.000000
vn -0.083400 -0.055177 0.000000
vn -0.074477 -0.066732 0.000000
vn -0.074477 -0.066732 0.000000
vn -0.063967 -0.076865 0.000000
vn -0.063967 -0.076865 0.000000
vn -0.052094 -0.085359 0.000000
vn -0.052094 -0.085359 0.000000
vn -0.039110 -0.092035 0.000000
vn -0.039110 -0.092035 0.000000
vn -0.025293 -0.096748 0.000000
vn -0.025293 -0.096748 0.000000
vn -0.010937 -0.099400 0.000000
vn -0.010937 -0.099400 0.000000
vn 0.003652 -0.099933 0.000000
vn 0.003652 -0.099933 0.000000
vn 0.018164 -0.098337 0.000000
vn 0.018164 -0.098337 0.000000
vn 0.032288 -0.094644 0.000000
vn 0.032288 -0.094644 0.000000
vn 0.045724 -0.088934 0.000000
vn 0.045724 -0.088934 0.000000
vn 0.058186 -0.081329 0.000000
vn 0.058186 -0.081329 0.000000
vn 0.069407 -0.071990 0.000000
vn 0.069407 -0.071990 0.000000
vn 0.079150 -0.061117 0.000000
vn 0.079150 -0.061117 0.000000
vn 0.087205 -0.048942 0.000000
vn 0.087205 -0.048942 0.000000
vn 0.093402 -0.035723 0.000000
vn 0.093402 -0.035723 0.000000
vn 0.097608 -0.021743 0.000000
vn 0.097608 -0.021743 0.000000
vn 0.099733 -0.007300 0.000000
vn 0.099733 -0.007300 0.000000
vn 0.099733 0.007300 0.000000
vn 0.099733 0.007300 0.000000
vn 0.097608 0.021743 0.000000
vn 0.097608 0.021743 0.000000
vn 0.093402 0.035723 0.000000
vn 0.093402 0.035723 0.000000
vn 0.087205 0.048942 0.000000
vn 0.087205 0.048942 0.000000
vn 0.079150 0.061117 0.000000
vn 0.079150 0.061117 0.000000
vn 0.069407 0.071990 0.000000
vn 0.069407 0.071990 0.000000
vn 0.058186 0.081329 0.000000
vn 0.058186 0.081329 0.000000
vn 0.045724 0.088934 0.000000
vn 0.045724 0.088934 0.000000
vn 0.032288 0.094644 0.000000
vn 0.032288 0.094644 0.000000
vn 0.018164 0.098337 0.000000
vn 0.018164 0.098337 0.000000
vn 0.003652 0.099933 0.000000
vn 0.003652 0.099933 0.000000
vn -0.010937 0.099400 0.000000
vn -0.010937 0.099400 0.000000
vn -0.025293 0.096748 0.000000
vn -0.025293 0.096748 0.000000
vn -0.039110 0.092035 0.000000
vn -0.039110 0.092035 0.000000
vn -0.052094 0.085359 0.000000
vn -0.052094 0.085359 0.000000
vn -0.063967 0.076865 0.000000
vn -0.063967 0.076865 0.000000
vn -0.074477 0.066732 0.000000
vn -0.074477 0.066732 0.000000
vn -0.083400 0.055177 0.000000
vn -0.083400 0.055177 0.000000
vn -0.090545 0.042446 0.000000
vn -0.090545 0.042446 0.000000
vn -0.095760 0.028810 0.000000
vn -0.095760 0.028810 0.000000
vn 0.000000 0.000000 0.100000
vn 0.000000 0.000000 0.100000
vn 0.000000 0.000000 0.100000
vn 0.000000 0.000000 0.100000
vn 0.000000 0.000000 0.100000
vn 0.000000 0.000000 0.100000
vn 0.000000 0.000000 0.100000
vn 0.000000 0.000000 0.100000
vn 0.000000 0.000000 0.100000
vn 0.000000 0.000000 0.100000
vn 0.000000 0.000000 0.100000
vn 0.000000 0.000000 0.100000
vn 0.000000 0.000000 0.100000
vn 0.000000 0.000000 0.100000
vn 0.000000 0.000000 0.100000
vn 0.000000 0.000000 0.100000
vn 0.000000 0.000000 0.100000
vn 0.000000 0.000000 0.100000
vn 0.000000 0.000000 0.100000
vn 0.000000 0.000000 0.100000
vn 0.000000 0.000000 0.100000
vn 0.000000 0.000000 0.100000
vn 0.000000 0.000000 0.100000
vn 0.000000 0.000000 0.100000
vn 0.000000 0.000000 0.100000
vn 0.000000 0.000000 0.100000
vn 0.000000 0.000000 0.100000
vn 0.000000 0.000000 0.100000
vn 0.000000 0.000000 0.100000
vn 0.000000 0.000000 0.100000
vn 0.000000 0.000000 0.100000
vn 0.000000 0.000000 0.100000
vn 0.000000 0.000000 0.100000
vn 0.000000 0.000000 0.100000
vn 0.000000 0.000000 0.100000
vn 0.000000 0.000000 0.100000
vn 0.000000 0.000000 0.100000
vn 0.000000 0.000000 0.100000
vn 0.000000 0.000000 0.100000
vn 0.000000 0.000000 0.100000
vn 0.000000 0.000000 0.100000
vn 0.000000 0.000000 0.100000
vn 0.000000 0.000000 0.100000
vn -0.098934 0.014560 0.000000
vn -0.098934 0.014560 0.000000
vn -0.100000 0.000000 0.000000
vn -0.100000 0.000000 0.000000
vn -0.098934 -0.014560 0.000000
vn -0.098934 -0.014560 0.000000
vn -0.095760 -0.028810 0.000000
vn -0.095760 -0.028810 0.000000
vn -0.090545 -0.042446 0.000000
vn -0.090545 -0.042446 0.000000
vn -0.083400 -0.055177 0.000000
vn -0.083400 -0.055177 0.000000
vn -0.074477 -0.066732 0.000000
vn -0.074477 -0.066732 0.000000
vn -0.063967 -0.076865 0.000000
vn -0.063967 -0.076865 0.000000
vn -0.052094 -0.085359 0.000000
vn -0.052094 -0.085359 0.000000
vn -0.039110 -0.092035 0.000000
vn -0.039110 -0.092035 0.000000
vn -0.025293 -0.096748 0.000000
vn -0.025293 -0.096748 0.000000
vn -0.010937 -0.099400 0.000000
vn -0.010937 -0.099400 0.000000
vn 0.003652 -0.099933 0.000000
vn 0.003652 -0.099933 0.000000
vn 0.018164 -0.098337 0.000000
vn 0.018164 -0.098337 0.000000
vn 0.032288 -0.094644 0.000000
vn 0.032288 -0.094644 0.000000
vn 0.045724 -0.088934 0.000000
vn 0.045724 -0.088934 0.000000
vn 0.058186 -0.081329 0.000000
vn 0.058186 -0.081329 0.000000
vn 0.069407 -0.071990 0.000000
vn 0.069407 -0.071990 0.000000
vn 0.079150 -0.061117 0.000000
vn 0.079150 -0.061117 0.000000
vn 0.087205 -0.048942 0.000000
vn 0.087205 -0.048942 0.000000
vn 0.093402 -0.035723 0.000000
vn 0.093402 -0.035723 0.000000
vn 0.097608 -0.021743 0.000000
vn 0.097608 -0.021743 0.000000
vn 0.099733 -0.007300 0.000000
vn 0.099733 -0.007300 0.000000
vn 0.099733 0.007300 0.000000
vn 0.099733 0.007300 0.000000
vn 0.097608 0.021743 0.000000
vn 0.097608 0.021743 0.000000
vn 0.093402 0.035723 0.000000
vn 0.093402 0.035723 0.000000
vn 0.087205 0.048942 0.000000
vn 0.087205 0.048942 0.000000
vn 0.079150 0.061117 0.000000
vn 0.079150 0.061117 0.000000
vn 0.069407 0.071990 0.000000
vn 0.069407 0.071990 0.000000
vn 0.058186 0.081329 0.000000
vn 0.058186 0.081329 0.000000
vn 0.045724 0.088934 0.000000
vn 0.045724 0.088934 0.000000
vn 0.032288 0.094644 0.000000
vn 0.032288 0.094644 0.000000
vn 0.018164 0.098337 0.000000
vn 0.018164 0.098337 0.000000
vn 0.003652 0.099933 0.000000
vn 0.003652 0.099933 0.000000
vn -0.010937 0.099400 0.000000
vn -0.010937 0.099400 0.000000
vn -0.025293 0.096748 0.000000
vn -0.025293 0.096748 0.000000
vn -0.039110 0.092035 0.000000
vn -0.039110 0.092035 0.000000
vn -0.052094 0.085359 0.000000
vn -0.052094 0.085359 0.000000
vn -0.063967 0.076865 0.000000
vn -0.063967 0.076865 0.000000
vn -0.074477 0.066732 0.000000
vn -0.074477 0.066732 0.000000
vn -0.083400 0.055177 0.000000
vn -0.083400 0.055177 0.000000
vn -0.090545 0.042446 0.000000
vn -0.090545 0.042446 0.000000
vn -0.095760 0.028810 0.000000
vn -0.095760 0.028810 0.000000
vn 0.000000 0.000000 0.100000
vn 0.000000 0.000000 0.100000
vn 0.000000 0.000000 0.100000
vn 0.000000 0.000000 0.100000
vn 0.000000 0.000000 0.100000
vn 0.000000 0.000000 0.100000
vn 0.000000 0.000000 0.100000
vn 0.000000 0.000000 0.100000
vn 0.000000 0.000000 0.100000
vn 0.000000 0.000000 0.100000
vn 0.000000 0.000000 0.100000
vn 0.000000 0.000000 0.100000
vn 0.000000 0.000000 0.100000
vn 0.000000 0.000000 0.100000
vn 0.000000 0.000000 0.100000
vn 0.000000 0.000000 0.100000
vn 0.000000 0.000000 0.100000
vn 0.000000 0.000000 0.100000
vn 0.000000 0.000000 0.100000
vn 0.000000 0.000000 0.100000
vn 0.000000 0.000000 0.100000
vn 0.000000 0.000000 0.100000
vn 0.000000 0.000000 0.100000
vn 0.000000 0.000000 0.100000
vn 0.000000 0.000000 0.100000
vn 0.000000 0.000000 0.100000
vn 0.000000 0.000000 0.100000
vn 0.000000 0.000000 0.100000
vn 0.000000 0.000000 0.100000
vn 0.000000 0.000000 0.100000
vn 0.000000 0.000000 0.100000
vn 0.000000 0.000000 0.100000
vn 0.000000 0.000000 0.100000
vn 0.000000 0.000000 0.100000
vn 0.000000 0.000000 0.100000
vn 0.000000 0.000000 0.100000
vn 0.000000 0.000000 0.100000
vn 0.000000 0.000000 0.100000
vn 0.000000 0.000000 0.100000
vn 0.000000 0.000000 0.100000
vn 0.000000 0.000000 0.100000
vn 0.000000 0.000000 0.100000
vn 0.000000 0.000000 0.100000
vn -0.098934 0.014560 0.000000
vn -0.098934 0.014560 0.000000
vn -0.100000 0.000000 0.000000
vn -0.100000 0.000000 0.000000
vn -0.098934 -0.014560 0.000000
vn -0.098934 -0.014560 0.000000
vn -0.095760 -0.028810 0.000000
vn -0.095760 -0.028810 0.000000
vn -0.090545 -0.042446 0.000000
vn -0.090545 -0.042446 0.000000
vn -0.083400 -0.055177 0.000000
vn -0.083400 -0.055177 0.000000
vn -0.074477 -0.066732 0.000000
vn -0.074477 -0.066732 0.000000
vn -0.063967 -0.076865 0.000000
vn -0.063967 -0.076865 0.000000
vn -0.052094 -0.085359 0.000000
vn -0.052094 -0.085359 0.000000
vn -0.039110 -0.092035 0.000000
vn -0.039110 -0.092035 0.000000
vn -0.025293 -0.096748 0.000000
vn -0.025293 -0.096748 0.000000
vn -0.010937 -0.099400 0.000000
vn -0.010937 -0.099400 0.000000
vn 0.003652 -0.099933 0.000000
vn 0.003652 -0.099933 0.000000
vn 0.018164 -0.098337 0.000000
vn 0.018164 -0.098337 0.000000
vn 0.032288 -0.094644 0.000000
vn 0.032288 -0.094644 0.000000
vn 0.045724 -0.088934 0.000000
vn 0.045724 -0.088934 0.000000
vn 0.058186 -0.081329 0.000000
vn 0.058186 -0.081329 0.000000
vn 0.069407 -0.071990 0.000000
vn 0.069407 -0.071990 0.000000
vn 0.079150 -0.061117 0.000000
vn 0.079150 -0.061117 0.000000
vn 0.087205 -0.048942 0.000000
vn 0.087205 -0.048942 0.000000
vn 0.093402 -0.035723 0.000000
vn 0.093402 -0.035723 0.000000
vn 0.097608 -0.021743 0.000000
vn 0.097608 -0.021743 0.000000
vn 0.099733 -0.007300 0.000000
vn 0.099733 -0.007300 0.000000
vn 0.099733 0.007300 0.000000
vn 0.099733 0.007300 0.000000
vn 0.097608 0.021743 0.000000
vn 0.097608 0.021743 0.000000
vn 0.093402 0.035723 0.000000
vn 0.093402 0.035723 0.000000
vn 0.087205 0.048942 0.000000
vn 0.087205 0.048942 0.000000
vn 0.079150 0.061117 0.000000
vn 0.079150 0.061117 0.000000
vn 0.069407 0.071990 0.000000
vn 0.069407 0.071990 0.000000
vn 0.058186 0.081329 0.000000
vn 0.058186 0.081329 0.000000
vn 0.045724 0.088934 0.000000
vn 0.045724 0.088934 0.000000
vn 0.032288 0.094644 0.000000
vn 0.032288 0.094644 0.000000
vn 0.018164 0.098337 0.000000
vn 0.018164 0.098337 0.000000
vn 0.003652 0.099933 0.000000
vn 0.003652 0.099933 0.000000
vn -0.010937 0.099400 0.000000
vn -0.010937 0.099400 0.000000
vn -0.025293 0.096748 0.000000
vn -0.025293 0.096748 0.000000
vn -0.039110 0.092035 0.000000
vn -0.039110 0.092035 0.000000
vn -0.052094 0.085359 0.000000
vn -0.052094 0.085359 0.000000
vn -0.063967 0.076865 0.000000
vn -0.063967 0.076865 0.000000
vn -0.074477 0.066732 0.000000
vn -0.074477 0.066732 0.000000
vn -0.083400 0.055177 0.000000
vn -0.083400 0.055177 0.000000
vn -0.090545 0.042446 0.000000
vn -0.090545 0.042446 0.000000
vn -0.095760 0.028810 0.000000
vn -0.095760 0.028810 0.000000
vn 0.000000 0.000000 0.100000
vn 0.000000 0.000000 0.100000
vn 0.000000 0.000000 0.100000
vn 0.000000 0.000000 0.100000
vn 0.000000 0.000000 0.100000
vn 0.000000 0.000000 0.100000
vn 0.000000 0.000000 0.100000
vn 0.000000 0.000000 0.100000
vn 0.000000 0.000000 0.100000
vn 0.000000 0.000000 0.100000
vn 0.000000 0.000000 0.100000
vn 0.000000 0.000000 0.100000
vn 0.000000 0.000000 0.100000
vn 0.000000 0.000000 0.100000
vn 0.000000 0.000000 0.100000
vn 0.000000 0.000000 0.100000
vn 0.000000 0.000000 0.100000
vn 0.000000 0.000000 0.100000
vn 0.000000 0.000000 0.100000
vn 0.000000 0.000000 0.100000
vn 0.000000 0.000000 0.100000
vn 0.000000 0.000000 0.100000
vn 0.000000 0.000000 0.100000
vn 0.000000 0.000000 0.100000
vn 0.000000 0.000000 0.100000
vn 0.000000 0.000000 0.100000
vn 0.000000 0.000000 0.100000
vn 0.000000 0.000000 0.100000
vn 0.000000 0.000000 0.100000
vn 0.000000 0.000000 0.100000
vn 0.000000 0.000000 0.100000
vn 0.000000 0.000000 0.100000
vn 0.000000 0.000000 0.100000
vn 0.000000 0.000000 0.100000
vn 0.000000 0.000000 0.100000
vn 0.000000 0.000000 0.100000
vn 0.000000 0.000000 0.100000
vn 0.000000 0.000000 0.100000
vn 0.000000 0.000000 0.100000
vn 0.000000 0.000000 0.100000
vn 0.000000 0.000000 0.100000
vn 0.000000 0.000000 0.100000
vn 0.000000 0.000000 0.100000
vn -0.098934 0.014560 0.000000
vn -0.098934 0.014560 0.000000
vn -0.100000 0.000000 0.000000
vn -0.100000 0.000000 0.000000
vn -0.098934 -0.014560 0.000000
vn -0.098934 -0.014560 0.000000
vn -0.095760 -0.028810 0.000000
vn -0.095760 -0.028810 0.000000
vn -0.090545 -0.042446 0.000000
vn -0.090545 -0.042446 0.000000
vn -0.083400 -0.055177 0.000000
vn -0.083400 -0.055177 0.000000
vn -0.074477 -0.066732 0.000000
vn -0.074477 -0.066732 0.000000
vn -0.063967 -0.076865 0.000000
vn -0.063967 -0.076865 0.000000
vn -0.052094 -0.085359 0.000000
vn -0.052094 -0.085359 0.000000
vn -0.039110 -0.092035 0.000000
vn -0.039110 -0.092035 0.000000
vn -0.025293 -0.096748 0.000000
vn -0.025293 -0.096748 0.000000
vn -0.010937 -0.099400 0.000000
vn -0.010937 -0.099400 0.000000
vn 0.003652 -0.099933 0.000000
vn 0.003652 -0.099933 0.000000
vn 0.018164 -0.098337 0.000000
vn 0.018164 -0.098337 0.000000
vn 0.032288 -0.094644 0.000000
vn 0.032288 -0.094644 0.000000
vn 0.045724 -0.088934 0.000000
vn 0.045724 -0.088934 0.000000
vn 0.058186 -0.081329 0.000000
vn 0.058186 -0.081329 0.000000
vn 0.069407 -0.071990 0.000000
vn 0.069407 -0.071990 0.000000
vn 0.079150 -0.061117 0.000000
vn 0.079150 -0.061117 0.000000
vn 0.087205 -0.048942 0.000000
vn 0.087205 -0.048942 0.000000
vn 0.093402 -0.035723 0.000000
vn 0.093402 -0.035723 0.000000
vn 0.097608 -0.021743 0.000000
vn 0.097608 -0.021743 0.000000
vn 0.099733 -0.007300 0.000000
vn 0.099733 -0.007300 0.000000
vn 0.099733 0.007300 0.000000
vn 0.099733 0.007300 0.000000
vn 0.097608 0.021743 0.000000
vn 0.097608 0.021743 0.000000
vn 0.093402 0.035723 0.000000
vn 0.093402 0.035723 0.000000
vn 0.087205 0.048942 0.000000
vn 0.087205 0.048942 0.000000
vn 0.079150 0.061117 0.000000
vn 0.079150 0.061117 0.000000
vn 0.069407 0.071990 0.000000
vn 0.069407 0.071990 0.000000
vn 0.058186 0.081329 0.000000
vn 0.058186 0.081329 0.000000
vn 0.045724 0.088934 0.000000
vn 0.045724 0.088934 0.000000
vn 0.032288 0.094644 0.000000
vn 0.032288 0.094644 0.000000
vn 0.018164 0.098337 0.000000
vn 0.018164 0.098337 0.000000
vn 0.003652 0.099933 0.000000
vn 0.003652 0.099933 0.000000
vn -0.010937 0.099400 0.000000
vn -0.010937 0.099400 0.000000
vn -0.025293 0.096748 0.000000
vn -0.025293 0.096748 0.000000
vn -0.039110 0.092035 0.000000
vn -0.039110 0.092035 0.000000
vn -0.052094 0.085359 0.000000
vn -0.052094 0.085359 0.000000
vn -0.063967 0.076865 0.000000
vn -0.063967 0.076865 0.000000
vn -0.074477 0.066732 0.000000
vn -0.074477 0.066732 0.000000
vn -0.083400 0.055177 0.000000
vn -0.083400 0.055177 0.000000
vn -0.090545 0.042446 0.000000
vn -0.090545 0.042446 0.000000
vn -0.095760 0.028810 0.000000
vn -0.095760 0.028810 0.000000
vn 0.000000 0.000000 0.100000
vn 0.000000 0.000000 0.100000
vn 0.000000 0.000000 0.100000
vn 0.000000 0.000000 0.100000
vn 0.000000 0.000000 0.100000
vn 0.000000 0.000000 0.100000
vn 0.000000 0.000000 0.100000
vn 0.000000 0.000000 0.100000
vn 0.000000 0.000000 0.100000
vn 0.000000 0.000000 0.100000
vn 0.000000 0.000000 0.100000
vn 0.000000 0.000000 0.100000
vn 0.000000 0.000000 0.100000
vn 0.000000 0.000000 0.100000
vn 0.000000 0.000000 0.100000
vn 0.000000 0.000000 0.100000
vn 0.000000 0.000000 0.100000
vn 0.000000 0.000000 0.100000
vn 0.000000 0.000000 0.100000
vn 0.000000 0.000000 0.100000
vn 0.000000 0.000000 0.100000
vn 0.000000 0.000000 0.100000
vn 0.000000 0.000000 0.100000
vn 0.000000 0.000000 0.100000
vn 0.000000 0.000000 0.100000
vn 0.000000 0.000000 0.100000
vn 0.000000 0.000000 0.100000
vn 0.000000 0.000000 0.100000
vn 0.000000 0.000000 0.100000
vn 0.000000 0.000000 0.100000
vn 0.000000 0.000000 0.100000
vn 0.000000 0.000000 0.100000
vn 0.000000 0.000000 0.100000
vn 0.000000 0.000000 0.100000
vn 0.000000 0.000000 0.100000
vn 0.000000 0.000000 0.100000
vn 0.000000 0.000000 0.100000
vn 0.000000 0.000000 0.100000
vn 0.000000 0.000000 0.100000
vn 0.000000 0.000000 0.100000
vn 0.000000 0.000000 0.100000
vn 0.000000 0.000000 0.100000
vn 0.000000 0.000000 0.100000
vn 0.000000 0.098481 -0.017365
vn 0.000000 0.100000 0.000000
vn 0.012258 0.098486 -0.012258
vn 0.017365 0.098481 0.000000
vn 0.020468 0.097844 -0.002763
vn 0.034202 0.093969 0.000000
vn 0.033642 0.093247 -0.013162
vn 0.041356 0.091042 -0.001038
vn 0.054322 0.083389 -0.009763
vn 0.050000 0.086603 0.000000
vn 0.064279 0.076604 0.000000
vn 0.076604 0.064279 0.000000
vn 0.072340 0.068977 -0.003026
vn 0.065644 0.073212 -0.018192
vn 0.045797 0.085826 -0.023162
vn 0.024145 0.093990 -0.024145
vn 0.002763 0.097844 -0.020468
vn 0.000000 0.093969 -0.034202
vn 0.013162 0.093247 -0.033642
vn 0.001038 0.091042 -0.041356
vn 0.023162 0.085826 -0.045797
vn 0.009763 0.083389 -0.054322
vn 0.032461 0.075807 -0.056565
vn 0.018192 0.073212 -0.065644
vn 0.040777 0.063492 -0.065620
vn 0.026070 0.060817 -0.074977
vn 0.047858 0.049255 -0.072688
vn 0.033159 0.046581 -0.082041
vn 0.053490 0.033526 -0.077555
vn 0.039243 0.030934 -0.086620
vn 0.057502 0.016781 -0.080074
vn 0.044140 0.014351 -0.088576
vn 0.050000 0.000000 -0.086603
vn 0.034202 0.000000 -0.093969
vn 0.081879 0.056452 -0.010439
vn 0.086603 0.050000 0.000000
vn 0.088939 0.042218 -0.017536
vn 0.093166 0.036303 -0.001478
vn 0.093305 0.026706 -0.024101
vn 0.097402 0.020973 -0.008538
vn 0.094847 0.010385 -0.029937
vn 0.098690 0.005008 -0.015339
vn 0.098481 0.000000 -0.017365
vn 0.100000 0.000000 0.000000
vn 0.098481 0.017365 0.000000
vn 0.093969 0.034202 0.000000
vn 0.093969 0.000000 -0.034202
vn 0.088576 0.014351 -0.044140
vn 0.086620 0.030934 -0.039243
vn 0.077555 0.033526 -0.053490
vn 0.072688 0.049255 -0.047858
vn 0.061174 0.050155 -0.061174
vn 0.054100 0.064393 -0.054100
vn 0.086603 0.000000 -0.050000
vn 0.080074 0.016781 -0.057502
vn 0.066396 0.034398 -0.066396
vn 0.076604 0.000000 -0.064279
vn 0.069607 0.017600 -0.069607
vn 0.064279 0.000000 -0.076604
vn 0.029937 0.010385 -0.094847
vn 0.017365 0.000000 -0.098481
vn 0.015339 0.005008 -0.098690
vn 0.000000 0.000000 -0.100000
vn 0.000000 0.017365 -0.098481
vn 0.008538 0.020973 -0.097402
vn 0.000000 0.034202 -0.093969
vn 0.001478 0.036303 -0.093166
vn 0.000000 0.050000 -0.086603
vn 0.017536 0.042218 -0.088939
vn 0.010439 0.056452 -0.081879
vn 0.000000 0.064279 -0.076604
vn 0.003026 0.068977 -0.072340
vn 0.000000 0.076604 -0.064279
vn 0.000000 0.086603 -0.050000
vn 0.045387 0.076681 -0.045387
vn 0.065620 0.063492 -0.040777
vn 0.056565 0.075807 -0.032461
vn 0.074977 0.060817 -0.026070
vn 0.035300 0.086647 -0.035300
vn 0.082041 0.046581 -0.033159
vn 0.024101 0.026706 -0.093305
vn -0.017365 0.098481 0.000000
vn 0.000000 0.100000 0.000000
vn -0.012258 0.098486 -0.012258
vn 0.000000 0.098481 -0.017365
vn -0.002763 0.097844 -0.020468
vn 0.000000 0.093969 -0.034202
vn -0.013162 0.093247 -0.033642
vn -0.001038 0.091042 -0.041356
vn -0.009763 0.083389 -0.054322
vn 0.000000 0.086603 -0.050000
vn 0.000000 0.076604 -0.064279
vn 0.000000 0.064279 -0.076604
vn -0.003026 0.068977 -0.072340
vn -0.018192 0.073212 -0.065644
vn -0.023162 0.085826 -0.045797
vn -0.024145 0.093990 -0.024145
vn -0.020468 0.097844 -0.002763
vn -0.034202 0.093969 0.000000
vn -0.033642 0.093247 -0.013162
vn -0.041356 0.091042 -0.001038
vn -0.045797 0.085826 -0.023162
vn -0.054322 0.083389 -0.009763
vn -0.056565 0.075807 -0.032461
vn -0.065644 0.073212 -0.018192
vn -0.065620 0.063492 -0.040777
vn -0.074977 0.060817 -0.026070
vn -0.072688 0.049255 -0.047858
vn -0.082041 0.046581 -0.033159
vn -0.077555 0.033526 -0.053490
vn -0.086620 0.030934 -0.039243
vn -0.080074 0.016781 -0.057502
vn -0.088576 0.014351 -0.044140
vn -0.086603 0.000000 -0.050000
vn -0.093969 0.000000 -0.034202
vn -0.010439 0.056452 -0.081879
vn 0.000000 0.050000 -0.086603
vn -0.017536 0.042218 -0.088939
vn -0.001478 0.036303 -0.093166
vn -0.024101 0.026706 -0.093305
vn -0.008538 0.020973 -0.097402
vn -0.029937 0.010385 -0.094847
vn -0.015339 0.005008 -0.098690
vn -0.017365 0.000000 -0.098481
vn 0.000000 0.000000 -0.100000
vn 0.000000 0.017365 -0.098481
vn 0.000000 0.034202 -0.093969
vn -0.034202 0.000000 -0.093969
vn -0.044140 0.014351 -0.088576
vn -0.039243 0.030934 -0.086620
vn -0.053490 0.033526 -0.077555
vn -0.047858 0.049255 -0.072688
vn -0.061174 0.050155 -0.061174
vn -0.054100 0.064393 -0.054100
vn -0.050000 0.000000 -0.086603
vn -0.057502 0.016781 -0.080074
vn -0.066396 0.034398 -0.066396
vn -0.064279 0.000000 -0.076604
vn -0.069607 0.017600 -0.069607
vn -0.076604 0.000000 -0.064279
vn -0.094847 0.010385 -0.029937
vn -0.098481 0.000000 -0.017365
vn -0.098690 0.005008 -0.015339
vn -0.100000 0.000000 0.000000
vn -0.098481 0.017365 0.000000
vn -0.097402 0.020973 -0.008538
vn -0.093969 0.034202 0.000000
vn -0.093166 0.036303 -0.001478
vn -0.086603 0.050000 0.000000
vn -0.088939 0.042218 -0.017536
vn -0.081879 0.056452 -0.010439
vn -0.076604 0.064279 0.000000
vn -0.072340 0.068977 -0.003026
vn -0.064279 0.076604 0.000000
vn -0.050000 0.086603 0.000000
vn -0.045387 0.076681 -0.045387
vn -0.040777 0.063492 -0.065620
vn -0.032461 0.075807 -0.056565
vn -0.026070 0.060817 -0.074977
vn -0.035300 0.086647 -0.035300
vn -0.033159 0.046581 -0.082041
vn -0.093305 0.026706 -0.024101
vn 0.000000 -0.017365 -0.098481
vn 0.000000 0.000000 -0.100000
vn 0.015339 -0.005008 -0.098690
vn 0.017365 0.000000 -0.098481
vn 0.029937 -0.010385 -0.094847
vn 0.034202 0.000000 -0.093969
vn 0.044140 -0.014351 -0.088576
vn 0.050000 0.000000 -0.086603
vn 0.057502 -0.016781 -0.080074
vn 0.064279 0.000000 -0.076604
vn 0.069607 -0.017600 -0.069607
vn 0.076604 0.000000 -0.064279
vn 0.080074 -0.016781 -0.057502
vn 0.086603 0.000000 -0.050000
vn 0.088576 -0.014351 -0.044140
vn 0.093969 0.000000 -0.034202
vn 0.094847 -0.010385 -0.029937
vn 0.098481 0.000000 -0.017365
vn 0.098690 -0.005008 -0.015339
vn 0.100000 0.000000 0.000000
vn 0.098481 -0.017365 0.000000
vn 0.097402 -0.020973 -0.008538
vn 0.093969 -0.034202 0.000000
vn 0.093166 -0.036303 -0.001478
vn 0.086603 -0.050000 0.000000
vn 0.088939 -0.042218 -0.017536
vn 0.081879 -0.056452 -0.010439
vn 0.082041 -0.046581 -0.033159
vn 0.074977 -0.060817 -0.026070
vn 0.072688 -0.049255 -0.047858
vn 0.065620 -0.063492 -0.040777
vn 0.061174 -0.050155 -0.061174
vn 0.054100 -0.064393 -0.054100
vn 0.047858 -0.049255 -0.072688
vn 0.040777 -0.063492 -0.065620
vn 0.033159 -0.046581 -0.082041
vn 0.026070 -0.060817 -0.074977
vn 0.017536 -0.042218 -0.088939
vn 0.010439 -0.056452 -0.081879
vn 0.000000 -0.050000 -0.086603
vn 0.000000 -0.064279 -0.076604
vn 0.003026 -0.068977 -0.072340
vn 0.000000 -0.076604 -0.064279
vn 0.018192 -0.073212 -0.065644
vn 0.009763 -0.083389 -0.054322
vn 0.023162 -0.085826 -0.045797
vn 0.013162 -0.093247 -0.033642
vn 0.024145 -0.093990 -0.024145
vn 0.012258 -0.098486 -0.012258
vn 0.020468 -0.097844 -0.002763
vn 0.017365 -0.098481 0.000000
vn 0.034202 -0.093969 0.000000
vn 0.033642 -0.093247 -0.013162
vn 0.041356 -0.091042 -0.001038
vn 0.045797 -0.085826 -0.023162
vn 0.054322 -0.083389 -0.009763
vn 0.056565 -0.075807 -0.032461
vn 0.065644 -0.073212 -0.018192
vn 0.076604 -0.064279 0.000000
vn 0.072340 -0.068977 -0.003026
vn 0.064279 -0.076604 0.000000
vn 0.050000 -0.086603 0.000000
vn 0.000000 -0.100000 0.000000
vn 0.000000 -0.098481 -0.017365
vn 0.002763 -0.097844 -0.020468
vn 0.000000 -0.093969 -0.034202
vn 0.001038 -0.091042 -0.041356
vn 0.000000 -0.086603 -0.050000
vn 0.001478 -0.036303 -0.093166
vn 0.000000 -0.034202 -0.093969
vn 0.008538 -0.020973 -0.097402
vn 0.024101 -0.026706 -0.093305
vn 0.039243 -0.030934 -0.086620
vn 0.053490 -0.033526 -0.077555
vn 0.066396 -0.034398 -0.066396
vn 0.077555 -0.033526 -0.053490
vn 0.086620 -0.030934 -0.039243
vn 0.093305 -0.026706 -0.024101
vn 0.032461 -0.075807 -0.056565
vn 0.045387 -0.076681 -0.045387
vn 0.035300 -0.086647 -0.035300
vn 0.017365 0.098481 0.000000
vn 0.000000 0.100000 0.000000
vn 0.012258 0.098486 0.012258
vn 0.000000 0.098481 0.017365
vn 0.002763 0.097844 0.020468
vn 0.000000 0.093969 0.034202
vn 0.013162 0.093247 0.033642
vn 0.001038 0.091042 0.041356
vn 0.009763 0.083389 0.054322
vn 0.000000 0.086603 0.050000
vn 0.000000 0.076604 0.064279
vn 0.000000 0.064279 0.076604
vn 0.003026 0.068977 0.072340
vn 0.018192 0.073212 0.065644
vn 0.023162 0.085826 0.045797
vn 0.024145 0.093990 0.024145
vn 0.020468 0.097844 0.002763
vn 0.034202 0.093969 0.000000
vn 0.033642 0.093247 0.013162
vn 0.041356 0.091042 0.001038
vn 0.045797 0.085826 0.023162
vn 0.054322 0.083389 0.009763
vn 0.056565 0.075807 0.032461
vn 0.065644 0.073212 0.018192
vn 0.065620 0.063492 0.040777
vn 0.074977 0.060817 0.026070
vn 0.072688 0.049255 0.047858
vn 0.082041 0.046581 0.033159
vn 0.077555 0.033526 0.053490
vn 0.086620 0.030934 0.039243
vn 0.080074 0.016781 0.057502
vn 0.088576 0.014351 0.044140
vn 0.086603 0.000000 0.050000
vn 0.093969 0.000000 0.034202
vn 0.010439 0.056452 0.081879
vn 0.000000 0.050000 0.086603
vn 0.017536 0.042218 0.088939
vn 0.001478 0.036303 0.093166
vn 0.024101 0.026706 0.093305
vn 0.008538 0.020973 0.097402
vn 0.029937 0.010385 0.094847
vn 0.015339 0.005008 0.098690
vn 0.017365 0.000000 0.098481
vn 0.000000 0.000000 0.100000
vn 0.000000 0.017365 0.098481
vn 0.000000 0.034202 0.093969
vn 0.034202 0.000000 0.093969
vn 0.044140 0.014351 0.088576
vn 0.039243 0.030934 0.086620
vn 0.053490 0.033526 0.077555
vn 0.047858 0.049255 0.072688
vn 0.061174 0.050155 0.061174
vn 0.054100 0.064393 0.054100
vn 0.050000 0.000000 0.086603
vn 0.057502 0.016781 0.080074
vn 0.066396 0.034398 0.066396
vn 0.064279 0.000000 0.076604
vn 0.069607 0.017600 0.069607
vn 0.076604 0.000000 0.064279
vn 0.094847 0.010385 0.029937
vn 0.098481 0.000000 0.017365
vn 0.098690 0.005008 0.015339
vn 0.100000 0.000000 0.000000
vn 0.098481 0.017365 0.000000
vn 0.097402 0.020973 0.008538
vn 0.093969 0.034202 0.000000
vn 0.093166 0.036303 0.001478
vn 0.086603 0.050000 0.000000
vn 0.088939 0.042218 0.017536
vn 0.081879 0.056452 0.010439
vn 0.076604 0.064279 0.000000
vn 0.072340 0.068977 0.003026
vn 0.064279 0.076604 0.000000
vn 0.050000 0.086603 0.000000
vn 0.045387 0.076681 0.045387
vn 0.040777 0.063492 0.065620
vn 0.032461 0.075807 0.056565
vn 0.026070 0.060817 0.074977
vn 0.035300 0.086647 0.035300
vn 0.033159 0.046581 0.082041
vn 0.093305 0.026706 0.024101
vn -0.098481 -0.017365 0.000000
vn -0.100000 0.000000 0.000000
vn -0.098690 -0.005008 -0.015339
vn -0.098481 0.000000 -0.017365
vn -0.094847 -0.010385 -0.029937
vn -0.093969 0.000000 -0.034202
vn -0.088576 -0.014351 -0.044140
vn -0.086603 0.000000 -0.050000
vn -0.080074 -0.016781 -0.057502
vn -0.076604 0.000000 -0.064279
vn -0.069607 -0.017600 -0.069607
vn -0.064279 0.000000 -0.076604
vn -0.057502 -0.016781 -0.080074
vn -0.050000 0.000000 -0.086603
vn -0.044140 -0.014351 -0.088576
vn -0.034202 0.000000 -0.093969
vn -0.029937 -0.010385 -0.094847
vn -0.017365 0.000000 -0.098481
vn -0.015339 -0.005008 -0.098690
vn 0.000000 0.000000 -0.100000
vn 0.000000 -0.017365 -0.098481
vn -0.008538 -0.020973 -0.097402
vn 0.000000 -0.034202 -0.093969
vn -0.001478 -0.036303 -0.093166
vn 0.000000 -0.050000 -0.086603
vn -0.017536 -0.042218 -0.088939
vn -0.010439 -0.056452 -0.081879
vn -0.033159 -0.046581 -0.082041
vn -0.026070 -0.060817 -0.074977
vn -0.047858 -0.049255 -0.072688
vn -0.040777 -0.063492 -0.065620
vn -0.061174 -0.050155 -0.061174
vn -0.054100 -0.064393 -0.054100
vn -0.072688 -0.049255 -0.047858
vn -0.065620 -0.063492 -0.040777
vn -0.082041 -0.046581 -0.033159
vn -0.074977 -0.060817 -0.026070
vn -0.088939 -0.042218 -0.017536
vn -0.081879 -0.056452 -0.010439
vn -0.086603 -0.050000 0.000000
vn -0.076604 -0.064279 0.000000
vn -0.072340 -0.068977 -0.003026
vn -0.064279 -0.076604 0.000000
vn -0.065644 -0.073212 -0.018192
vn -0.054322 -0.083389 -0.009763
vn -0.045797 -0.085826 -0.023162
vn -0.033642 -0.093247 -0.013162
vn -0.024145 -0.093990 -0.024145
vn -0.012258 -0.098486 -0.012258
vn -0.002763 -0.097844 -0.020468
vn 0.000000 -0.098481 -0.017365
vn 0.000000 -0.093969 -0.034202
vn -0.013162 -0.093247 -0.033642
vn -0.001038 -0.091042 -0.041356
vn -0.023162 -0.085826 -0.045797
vn -0.009763 -0.083389 -0.054322
vn -0.032461 -0.075807 -0.056565
vn -0.018192 -0.073212 -0.065644
vn 0.000000 -0.064279 -0.076604
vn -0.003026 -0.068977 -0.072340
vn 0.000000 -0.076604 -0.064279
vn 0.000000 -0.086603 -0.050000
vn 0.000000 -0.100000 0.000000
vn -0.017365 -0.098481 0.000000
vn -0.020468 -0.097844 -0.002763
vn -0.034202 -0.093969 0.000000
vn -0.041356 -0.091042 -0.001038
vn -0.050000 -0.086603 0.000000
vn -0.093166 -0.036303 -0.001478
vn -0.093969 -0.034202 0.000000
vn -0.097402 -0.020973 -0.008538
vn -0.093305 -0.026706 -0.024101
vn -0.086620 -0.030934 -0.039243
vn -0.077555 -0.033526 -0.053490
vn -0.066396 -0.034398 -0.066396
vn -0.053490 -0.033526 -0.077555
vn -0.039243 -0.030934 -0.086620
vn -0.024101 -0.026706 -0.093305
vn -0.056565 -0.075807 -0.032461
vn -0.045387 -0.076681 -0.045387
vn -0.035300 -0.086647 -0.035300
vn 0.000000 -0.098481 -0.017365
vn 0.000000 -0.098481 -0.017365
vn 0.000000 -0.098481 -0.017365
vn 0.000000 -0.093969 -0.034202
vn 0.000000 -0.086603 -0.050000
vn 0.000000 -0.076604 -0.064279
vn 0.000000 -0.064279 -0.076604
vn 0.000000 -0.050000 -0.086603
vn 0.000000 -0.034202 -0.093969
vn 0.000000 -0.017365 -0.098481
vn 0.000000 -0.017365 -0.098481
vn 0.000000 -0.017365 -0.098481
vn 0.000000 -0.034202 -0.093969
vn 0.000000 -0.050000 -0.086603
vn 0.000000 -0.064279 -0.076604
vn 0.000000 -0.076604 -0.064279
vn 0.000000 -0.086603 -0.050000
vn 0.000000 -0.093969 -0.034202
vn 0.000000 -0.093969 -0.034202
vn 0.000000 -0.086603 -0.050000
vn 0.000000 -0.076604 -0.064279
vn 0.000000 -0.064279 -0.076604
vn 0.000000 -0.050000 -0.086603
vn 0.000000 -0.034202 -0.093969
vn 0.000000 0.098481 0.017365
vn 0.000000 0.100000 0.000000
vn -0.012258 0.098486 0.012258
vn -0.017365 0.098481 0.000000
vn -0.020468 0.097844 0.002763
vn -0.034202 0.093969 0.000000
vn -0.033642 0.093247 0.013162
vn -0.041356 0.091042 0.001038
vn -0.054322 0.083389 0.009763
vn -0.050000 0.086603 0.000000
vn -0.064279 0.076604 0.000000
vn -0.076604 0.064279 0.000000
vn -0.072340 0.068977 0.003026
vn -0.065644 0.073212 0.018192
vn -0.045797 0.085826 0.023162
vn -0.024145 0.093990 0.024145
vn -0.002763 0.097844 0.020468
vn 0.000000 0.093969 0.034202
vn -0.013162 0.093247 0.033642
vn -0.001038 0.091042 0.041356
vn -0.023162 0.085826 0.045797
vn -0.009763 0.083389 0.054322
vn -0.032461 0.075807 0.056565
vn -0.018192 0.073212 0.065644
vn -0.040777 0.063492 0.065620
vn -0.026070 0.060817 0.074977
vn -0.047858 0.049255 0.072688
vn -0.033159 0.046581 0.082041
vn -0.053490 0.033526 0.077555
vn -0.039243 0.030934 0.086620
vn -0.057502 0.016781 0.080074
vn -0.044140 0.014351 0.088576
vn -0.050000 0.000000 0.086603
vn -0.034202 0.000000 0.093969
vn -0.081879 0.056452 0.010439
vn -0.086603 0.050000 0.000000
vn -0.088939 0.042218 0.017536
vn -0.093166 0.036303 0.001478
vn -0.093305 0.026706 0.024101
vn -0.097402 0.020973 0.008538
vn -0.094847 0.010385 0.029937
vn -0.098690 0.005008 0.015339
vn -0.098481 0.000000 0.017365
vn -0.100000 0.000000 0.000000
vn -0.098481 0.017365 0.000000
vn -0.093969 0.034202 0.000000
vn -0.093969 0.000000 0.034202
vn -0.088576 0.014351 0.044140
vn -0.086620 0.030934 0.039243
vn -0.077555 0.033526 0.053490
vn -0.072688 0.049255 0.047858
vn -0.061174 0.050155 0.061174
vn -0.054100 0.064393 0.054100
vn -0.086603 0.000000 0.050000
vn -0.080074 0.016781 0.057502
vn -0.066396 0.034398 0.066396
vn -0.076604 0.000000 0.064279
vn -0.069607 0.017600 0.069607
vn -0.064279 0.000000 0.076604
vn -0.029937 0.010385 0.094847
vn -0.017365 0.000000 0.098481
vn -0.015339 0.005008 0.098690
vn 0.000000 0.000000 0.100000
vn 0.000000 0.017365 0.098481
vn -0.008538 0.020973 0.097402
vn 0.000000 0.034202 0.093969
vn -0.001478 0.036303 0.093166
vn 0.000000 0.050000 0.086603
vn -0.017536 0.042218 0.088939
vn -0.010439 0.056452 0.081879
vn 0.000000 0.064279 0.076604
vn -0.003026 0.068977 0.072340
vn 0.000000 0.076604 0.064279
vn 0.000000 0.086603 0.050000
vn -0.045387 0.076681 0.045387
vn -0.065620 0.063492 0.040777
vn -0.056565 0.075807 0.032461
vn -0.074977 0.060817 0.026070
vn -0.035300 0.086647 0.035300
vn -0.082041 0.046581 0.033159
vn -0.024101 0.026706 0.093305
vn 0.017365 0.000000 0.098481
vn 0.000000 0.000000 0.100000
vn 0.015339 -0.005008 0.098690
vn 0.000000 -0.017365 0.098481
vn 0.008538 -0.020973 0.097402
vn 0.000000 -0.034202 0.093969
vn 0.001478 -0.036303 0.093166
vn 0.000000 -0.050000 0.086603
vn 0.017536 -0.042218 0.088939
vn 0.010439 -0.056452 0.081879
vn 0.033159 -0.046581 0.082041
vn 0.026070 -0.060817 0.074977
vn 0.047858 -0.049255 0.072688
vn 0.040777 -0.063492 0.065620
vn 0.061174 -0.050155 0.061174
vn 0.054100 -0.064393 0.054100
vn 0.072688 -0.049255 0.047858
vn 0.065620 -0.063492 0.040777
vn 0.082041 -0.046581 0.033159
vn 0.074977 -0.060817 0.026070
vn 0.088939 -0.042218 0.017536
vn 0.081879 -0.056452 0.010439
vn 0.086603 -0.050000 0.000000
vn 0.076604 -0.064279 0.000000
vn 0.072340 -0.068977 0.003026
vn 0.064279 -0.076604 0.000000
vn 0.065644 -0.073212 0.018192
vn 0.054322 -0.083389 0.009763
vn 0.045797 -0.085826 0.023162
vn 0.033642 -0.093247 0.013162
vn 0.024145 -0.093990 0.024145
vn 0.012258 -0.098486 0.012258
vn 0.002763 -0.097844 0.020468
vn 0.000000 -0.098481 0.017365
vn 0.000000 -0.093969 0.034202
vn 0.013162 -0.093247 0.033642
vn 0.001038 -0.091042 0.041356
vn 0.023162 -0.085826 0.045797
vn 0.009763 -0.083389 0.054322
vn 0.032461 -0.075807 0.056565
vn 0.018192 -0.073212 0.065644
vn 0.000000 -0.064279 0.076604
vn 0.003026 -0.068977 0.072340
vn 0.000000 -0.076604 0.064279
vn 0.000000 -0.086603 0.050000
vn 0.000000 -0.100000 0.000000
vn 0.017365 -0.098481 0.000000
vn 0.020468 -0.097844 0.002763
vn 0.034202 -0.093969 0.000000
vn 0.041356 -0.091042 0.001038
vn 0.050000 -0.086603 0.000000
vn 0.093166 -0.036303 0.001478
vn 0.093969 -0.034202 0.000000
vn 0.097402 -0.020973 0.008538
vn 0.098481 -0.017365 0.000000
vn 0.098690 -0.005008 0.015339
vn 0.100000 0.000000 0.000000
vn 0.098481 0.000000 0.017365
vn 0.094847 -0.010385 0.029937
vn 0.093969 0.000000 0.034202
vn 0.088576 -0.014351 0.044140
vn 0.086603 0.000000 0.050000
vn 0.080074 -0.016781 0.057502
vn 0.076604 0.000000 0.064279
vn 0.069607 -0.017600 0.069607
vn 0.064279 0.000000 0.076604
vn 0.057502 -0.016781 0.080074
vn 0.050000 0.000000 0.086603
vn 0.044140 -0.014351 0.088576
vn 0.034202 0.000000 0.093969
vn 0.029937 -0.010385 0.094847
vn 0.024101 -0.026706 0.093305
vn 0.039243 -0.030934 0.086620
vn 0.053490 -0.033526 0.077555
vn 0.066396 -0.034398 0.066396
vn 0.077555 -0.033526 0.053490
vn 0.086620 -0.030934 0.039243
vn 0.093305 -0.026706 0.024101
vn 0.035300 -0.086647 0.035300
vn 0.045387 -0.076681 0.045387
vn 0.056565 -0.075807 0.032461
vn 0.017365 -0.098481 0.000000
vn 0.017365 -0.098481 0.000000
vn 0.017365 -0.098481 0.000000
vn 0.034202 -0.093969 0.000000
vn 0.050000 -0.086603 0.000000
vn 0.064279 -0.076604 0.000000
vn 0.076604 -0.064279 0.000000
vn 0.086603 -0.050000 0.000000
vn 0.093969 -0.034202 0.000000
vn 0.098481 -0.017365 0.000000
vn 0.098481 -0.017365 0.000000
vn 0.098481 -0.017365 0.000000
vn 0.093969 -0.034202 0.000000
vn 0.086603 -0.050000 0.000000
vn 0.076604 -0.064279 0.000000
vn 0.064279 -0.076604 0.000000
vn 0.050000 -0.086603 0.000000
vn 0.034202 -0.093969 0.000000
vn 0.034202 -0.093969 0.000000
vn 0.050000 -0.086603 0.000000
vn 0.064279 -0.076604 0.000000
vn 0.076604 -0.064279 0.000000
vn 0.086603 -0.050000 0.000000
vn 0.093969 -0.034202 0.000000
vn 0.098481 -0.000000 0.017365
vn 0.098481 -0.000000 0.017365
vn 0.098481 -0.000000 0.017365
vn 0.093969 -0.000000 0.034202
vn 0.086603 -0.000000 0.050000
vn 0.076604 -0.000000 0.064279
vn 0.064279 -0.000000 0.076604
vn 0.050000 -0.000000 0.086603
vn 0.034202 -0.000000 0.093969
vn 0.017365 -0.000000 0.098481
vn 0.017365 -0.000000 0.098481
vn 0.017365 -0.000000 0.098481
vn 0.034202 -0.000000 0.093969
vn 0.050000 -0.000000 0.086603
vn 0.064279 -0.000000 0.076604
vn 0.076604 -0.000000 0.064279
vn 0.086603 -0.000000 0.050000
vn 0.093969 -0.000000 0.034202
vn 0.093969 -0.000000 0.034202
vn 0.086603 -0.000000 0.050000
vn 0.076604 -0.000000 0.064279
vn 0.064279 -0.000000 0.076604
vn 0.050000 -0.000000 0.086603
vn 0.034202 -0.000000 0.093969
vn 0.000000 -0.017365 0.098481
vn 0.000000 0.000000 0.100000
vn -0.015339 -0.005008 0.098690
vn -0.017365 0.000000 0.098481
vn -0.029937 -0.010385 0.094847
vn -0.034202 0.000000 0.093969
vn -0.044140 -0.014351 0.088576
vn -0.050000 0.000000 0.086603
vn -0.057502 -0.016781 0.080074
vn -0.064279 0.000000 0.076604
vn -0.069607 -0.017600 0.069607
vn -0.076604 0.000000 0.064279
vn -0.080074 -0.016781 0.057502
vn -0.086603 0.000000 0.050000
vn -0.088576 -0.014351 0.044140
vn -0.093969 0.000000 0.034202
vn -0.094847 -0.010385 0.029937
vn -0.098481 0.000000 0.017365
vn -0.098690 -0.005008 0.015339
vn -0.100000 0.000000 0.000000
vn -0.098481 -0.017365 0.000000
vn -0.097402 -0.020973 0.008538
vn -0.093969 -0.034202 0.000000
vn -0.093166 -0.036303 0.001478
vn -0.086603 -0.050000 0.000000
vn -0.088939 -0.042218 0.017536
vn -0.081879 -0.056452 0.010439
vn -0.082041 -0.046581 0.033159
vn -0.074977 -0.060817 0.026070
vn -0.072688 -0.049255 0.047858
vn -0.065620 -0.063492 0.040777
vn -0.061174 -0.050155 0.061174
vn -0.054100 -0.064393 0.054100
vn -0.047858 -0.049255 0.072688
vn -0.040777 -0.063492 0.065620
vn -0.033159 -0.046581 0.082041
vn -0.026070 -0.060817 0.074977
vn -0.017536 -0.042218 0.088939
vn -0.010439 -0.056452 0.081879
vn 0.000000 -0.050000 0.086603
vn 0.000000 -0.064279 0.076604
vn -0.003026 -0.068977 0.072340
vn 0.000000 -0.076604 0.064279
vn -0.018192 -0.073212 0.065644
vn -0.009763 -0.083389 0.054322
vn -0.023162 -0.085826 0.045797
vn -0.013162 -0.093247 0.033642
vn -0.024145 -0.093990 0.024145
vn -0.012258 -0.098486 0.012258
vn -0.020468 -0.097844 0.002763
vn -0.017365 -0.098481 0.000000
vn -0.034202 -0.093969 0.000000
vn -0.033642 -0.093247 0.013162
vn -0.041356 -0.091042 0.001038
vn -0.045797 -0.085826 0.023162
vn -0.054322 -0.083389 0.009763
vn -0.056565 -0.075807 0.032461
vn -0.065644 -0.073212 0.018192
vn -0.076604 -0.064279 0.000000
vn -0.072340 -0.068977 0.003026
vn -0.064279 -0.076604 0.000000
vn -0.050000 -0.086603 0.000000
vn 0.000000 -0.100000 0.000000
vn 0.000000 -0.098481 0.017365
vn -0.002763 -0.097844 0.020468
vn 0.000000 -0.093969 0.034202
vn -0.001038 -0.091042 0.041356
vn 0.000000 -0.086603 0.050000
vn -0.001478 -0.036303 0.093166
vn 0.000000 -0.034202 0.093969
vn -0.008538 -0.020973 0.097402
vn -0.024101 -0.026706 0.093305
vn -0.039243 -0.030934 0.086620
vn -0.053490 -0.033526 0.077555
vn -0.066396 -0.034398 0.066396
vn -0.077555 -0.033526 0.053490
vn -0.086620 -0.030934 0.039243
vn -0.093305 -0.026706 0.024101
vn -0.032461 -0.075807 0.056565
vn -0.045387 -0.076681 0.045387
vn -0.035300 -0.086647 0.035300
vn -0.017365 -0.098481 0.000000
vn -0.017365 -0.098481 0.000000
vn -0.017365 -0.098481 0.000000
vn -0.034202 -0.093969 0.000000
vn -0.050000 -0.086603 0.000000
vn -0.064279 -0.076604 0.000000
vn -0.076604 -0.064279 0.000000
vn -0.086603 -0.050000 0.000000
vn -0.093969 -0.034202 0.000000
vn -0.098481 -0.017365 0.000000
vn -0.098481 -0.017365 0.000000
vn -0.098481 -0.017365 0.000000
vn -0.093969 -0.034202 0.000000
vn -0.086603 -0.050000 0.000000
vn -0.076604 -0.064279 0.000000
vn -0.064279 -0.076604 0.000000
vn -0.050000 -0.086603 0.000000
vn -0.034202 -0.093969 0.000000
vn -0.034202 -0.093969 0.000000
vn -0.050000 -0.086603 0.000000
vn -0.064279 -0.076604 0.000000
vn -0.076604 -0.064279 0.000000
vn -0.086603 -0.050000 0.000000
vn -0.093969 -0.034202 0.000000
vn 0.000000 -0.098481 0.017365
vn 0.000000 -0.098481 0.017365
vn 0.000000 -0.098481 0.017365
vn 0.000000 -0.093969 0.034202
vn 0.000000 -0.086603 0.050000
vn 0.000000 -0.076604 0.064279
vn 0.000000 -0.064279 0.076604
vn 0.000000 -0.050000 0.086603
vn 0.000000 -0.034202 0.093969
vn 0.000000 -0.017365 0.098481
vn 0.000000 -0.017365 0.098481
vn 0.000000 -0.017365 0.098481
vn 0.000000 -0.034202 0.093969
vn 0.000000 -0.050000 0.086603
vn 0.000000 -0.064279 0.076604
vn 0.000000 -0.076604 0.064279
vn 0.000000 -0.086603 0.050000
vn 0.000000 -0.093969 0.034202
vn 0.000000 -0.093969 0.034202
vn 0.000000 -0.086603 0.050000
vn 0.000000 -0.076604 0.064279
vn 0.000000 -0.064279 0.076604
vn 0.000000 -0.050000 0.086603
vn 0.000000 -0.034202 0.093969
vn -0.017365 0.000000 0.098481
vn -0.017365 0.000000 0.098481
vn -0.017365 0.000000 0.098481
vn -0.034202 0.000000 0.093969
vn -0.050000 0.000000 0.086603
vn -0.064279 0.000000 0.076604
vn -0.076604 0.000000 0.064279
vn -0.086603 0.000000 0.050000
vn -0.093969 0.000000 0.034202
vn -0.098481 0.000000 0.017365
vn -0.098481 0.000000 0.017365
vn -0.098481 0.000000 0.017365
vn -0.093969 0.000000 0.034202
vn -0.086603 0.000000 0.050000
vn -0.076604 0.000000 0.064279
vn -0.064279 0.000000 0.076604
vn -0.050000 0.000000 0.086603
vn -0.034202 0.000000 0.093969
vn -0.034202 0.000000 0.093969
vn -0.050000 0.000000 0.086603
vn -0.064279 0.000000 0.076604
vn -0.076604 0.000000 0.064279
vn -0.086603 0.000000 0.050000
vn -0.093969 0.000000 0.034202
vn 0.000000 0.017365 0.098481
vn 0.000000 0.017365 0.098481
vn 0.000000 0.017365 0.098481
vn 0.000000 0.034202 0.093969
vn 0.000000 0.050000 0.086603
vn 0.000000 0.064279 0.076604
vn 0.000000 0.076604 0.064279
vn 0.000000 0.086603 0.050000
vn 0.000000 0.093969 0.034202
vn 0.000000 0.098481 0.017365
vn 0.000000 0.098481 0.017365
vn 0.000000 0.098481 0.017365
vn 0.000000 0.093969 0.034202
vn 0.000000 0.086603 0.050000
vn 0.000000 0.076604 0.064279
vn 0.000000 0.064279 0.076604
vn 0.000000 0.050000 0.086603
vn 0.000000 0.034202 0.093969
vn 0.000000 0.034202 0.093969
vn 0.000000 0.050000 0.086603
vn 0.000000 0.064279 0.076604
vn 0.000000 0.076604 0.064279
vn 0.000000 0.086603 0.050000
vn 0.000000 0.093969 0.034202
vn -0.098481 0.017365 -0.000000
vn -0.098481 0.017365 -0.000000
vn -0.098481 0.017365 -0.000000
vn -0.093969 0.034202 -0.000000
vn -0.086603 0.050000 -0.000000
vn -0.076604 0.064279 -0.000000
vn -0.064279 0.076604 -0.000000
vn -0.050000 0.086603 -0.000000
vn -0.034202 0.093969 -0.000000
vn -0.017365 0.098481 -0.000000
vn -0.017365 0.098481 -0.000000
vn -0.017365 0.098481 -0.000000
vn -0.034202 0.093969 -0.000000
vn -0.050000 0.086603 -0.000000
vn -0.064279 0.076604 -0.000000
vn -0.076604 0.064279 -0.000000
vn -0.086603 0.050000 -0.000000
vn -0.093969 0.034202 -0.000000
vn -0.093969 0.034202 -0.000000
vn -0.086603 0.050000 -0.000000
vn -0.076604 0.064279 -0.000000
vn -0.064279 0.076604 -0.000000
vn -0.050000 0.086603 -0.000000
vn -0.034202 0.093969 -0.000000
vn -0.098481 0.000000 -0.017365
vn -0.098481 0.000000 -0.017365
vn -0.098481 0.000000 -0.017365
vn -0.093969 0.000000 -0.034202
vn -0.086603 0.000000 -0.050000
vn -0.076604 0.000000 -0.064279
vn -0.064279 0.000000 -0.076604
vn -0.050000 0.000000 -0.086603
vn -0.034202 0.000000 -0.093969
vn -0.017365 0.000000 -0.098481
vn -0.017365 0.000000 -0.098481
vn -0.017365 0.000000 -0.098481
vn -0.034202 0.000000 -0.093969
vn -0.050000 0.000000 -0.086603
vn -0.064279 0.000000 -0.076604
vn -0.076604 0.000000 -0.064279
vn -0.086603 0.000000 -0.050000
vn -0.093969 0.000000 -0.034202
vn -0.093969 0.000000 -0.034202
vn -0.086603 0.000000 -0.050000
vn -0.076604 0.000000 -0.064279
vn -0.064279 0.000000 -0.076604
vn -0.050000 0.000000 -0.086603
vn -0.034202 0.000000 -0.093969
vn 0.098481 0.017365 0.000000
vn 0.098481 0.017365 0.000000
vn 0.098481 0.017365 0.000000
vn 0.093969 0.034202 0.000000
vn 0.086603 0.050000 0.000000
vn 0.076604 0.064279 0.000000
vn 0.064279 0.076604 0.000000
vn 0.050000 0.086603 0.000000
vn 0.034202 0.093969 0.000000
vn 0.017365 0.098481 0.000000
vn 0.017365 0.098481 0.000000
vn 0.017365 0.098481 0.000000
vn 0.034202 0.093969 0.000000
vn 0.050000 0.086603 0.000000
vn 0.064279 0.076604 0.000000
vn 0.076604 0.064279 0.000000
vn 0.086603 0.050000 0.000000
vn 0.093969 0.034202 0.000000
vn 0.093969 0.034202 0.000000
vn 0.086603 0.050000 0.000000
vn 0.076604 0.064279 0.000000
vn 0.064279 0.076604 0.000000
vn 0.050000 0.086603 0.000000
vn 0.034202 0.093969 0.000000
vn 0.017365 0.000000 -0.098481
vn 0.017365 0.000000 -0.098481
vn 0.017365 0.000000 -0.098481
vn 0.034202 0.000000 -0.093969
vn 0.050000 0.000000 -0.086603
vn 0.064279 0.000000 -0.076604
vn 0.076604 0.000000 -0.064279
vn 0.086603 0.000000 -0.050000
vn 0.093969 0.000000 -0.034202
vn 0.098481 0.000000 -0.017365
vn 0.098481 0.000000 -0.017365
vn 0.098481 0.000000 -0.017365
vn 0.093969 0.000000 -0.034202
vn 0.086603 0.000000 -0.050000
vn 0.076604 0.000000 -0.064279
vn 0.064279 0.000000 -0.076604
vn 0.050000 0.000000 -0.086603
vn 0.034202 0.000000 -0.093969
vn 0.034202 0.000000 -0.093969
vn 0.050000 0.000000 -0.086603
vn 0.064279 0.000000 -0.076604
vn 0.076604 0.000000 -0.064279
vn 0.086603 0.000000 -0.050000
vn 0.093969 0.000000 -0.034202
vn -0.000000 0.017365 -0.098481
vn -0.000000 0.017365 -0.098481
vn -0.000000 0.017365 -0.098481
vn -0.000000 0.034202 -0.093969
vn -0.000000 0.050000 -0.086603
vn -0.000000 0.064279 -0.076604
vn -0.000000 0.076604 -0.064279
vn -0.000000 0.086603 -0.050000
vn -0.000000 0.093969 -0.034202
vn -0.000000 0.098481 -0.017365
vn -0.000000 0.098481 -0.017365
vn -0.000000 0.098481 -0.017365
vn -0.000000 0.093969 -0.034202
vn -0.000000 0.086603 -0.050000
vn -0.000000 0.076604 -0.064279
vn -0.000000 0.064279 -0.076604
vn -0.000000 0.050000 -0.086603
vn -0.000000 0.034202 -0.093969
vn -0.000000 0.034202 -0.093969
vn -0.000000 0.050000 -0.086603
vn -0.000000 0.064279 -0.076604
vn -0.000000 0.076604 -0.064279
vn -0.000000 0.086603 -0.050000
vn -0.000000 0.093969 -0.034202
vn 0.000000 0.000000 -0.100000
vn 0.000000 0.000000 -0.100000
vn 0.000000 0.000000 -0.100000
vn 0.000000 0.000000 -0.100000
vn 0.000000 0.000000 -0.100000
vn 0.000000 0.000000 -0.100000
vn 0.000000 0.000000 -0.100000
vn 0.000000 0.000000 -0.100000
vn 0.000000 0.000000 -0.100000
vn 0.000000 0.000000 -0.100000
vn 0.000000 0.000000 -0.100000
vn 0.000000 0.000000 -0.100000
vn 0.000000 0.000000 -0.100000
vn 0.000000 0.000000 -0.100000
vn 0.000000 0.000000 -0.100000
vn 0.000000 0.000000 -0.100000
vn 0.000000 0.000000 -0.100000
vn 0.000000 0.000000 -0.100000
vn 0.000000 0.000000 -0.100000
vn 0.000000 0.000000 -0.100000
vn 0.000000 0.000000 -0.100000
vn 0.000000 0.000000 -0.100000
vn 0.000000 0.000000 -0.100000
vn 0.000000 0.000000 -0.100000
vn 0.000000 0.000000 -0.100000
vn 0.000000 0.000000 -0.100000
vn 0.000000 0.000000 -0.100000
vn 0.000000 0.000000 -0.100000
vn 0.000000 0.000000 -0.100000
vn 0.000000 0.000000 -0.100000
vn 0.000000 0.000000 -0.100000
vn 0.000000 0.000000 -0.100000
vn 0.000000 0.000000 -0.100000
vn 0.000000 0.000000 -0.100000
vn 0.000000 0.000000 -0.100000
vn 0.000000 0.000000 -0.100000
vn 0.000000 0.000000 -0.100000
vn 0.000000 0.000000 -0.100000
vn 0.000000 0.000000 -0.100000
vn 0.000000 0.000000 -0.100000
vn 0.000000 0.000000 -0.100000
vn 0.000000 0.000000 -0.100000
vn 0.000000 0.000000 -0.100000
vn 0.000000 -0.100000 0.000000
vn 0.000000 -0.100000 0.000000
vn 0.000000 -0.100000 0.000000
vn 0.000000 -0.100000 0.000000
vn 0.000000 -0.100000 0.000000
vn 0.000000 -0.100000 0.000000
vn 0.000000 -0.100000 0.000000
vn 0.000000 -0.100000 0.000000
vn 0.000000 -0.100000 0.000000
vn 0.000000 -0.100000 0.000000
vn 0.000000 -0.100000 0.000000
vn 0.000000 -0.100000 0.000000
vn 0.000000 -0.100000 0.000000
vn 0.000000 -0.100000 0.000000
vn 0.000000 -0.100000 0.000000
vn 0.000000 -0.100000 0.000000
vn 0.000000 -0.100000 0.000000
vn 0.000000 -0.100000 0.000000
vn 0.000000 -0.100000 0.000000
vn 0.000000 -0.100000 0.000000
vn 0.000000 -0.100000 0.000000
vn 0.000000 -0.100000 0.000000
vn 0.000000 -0.100000 0.000000
vn 0.000000 -0.100000 0.000000
vn 0.000000 -0.100000 0.000000
vn 0.000000 -0.100000 0.000000
vn 0.000000 -0.100000 0.000000
vn 0.000000 -0.100000 0.000000
vn 0.000000 -0.100000 0.000000
vn 0.000000 -0.100000 0.000000
vn 0.000000 -0.100000 0.000000
vn 0.000000 -0.100000 0.000000
vn 0.000000 -0.100000 0.000000
vn 0.000000 -0.100000 0.000000
vn 0.000000 -0.100000 0.000000
vn 0.000000 -0.100000 0.000000
vn 0.000000 -0.100000 0.000000
vn 0.000000 -0.100000 0.000000
vn 0.000000 -0.100000 0.000000
vn 0.000000 -0.100000 0.000000
vn 0.000000 -0.100000 0.000000
vn 0.000000 -0.100000 0.000000
vn 0.000000 -0.100000 0.000000
vn 0.000000 -0.100000 0.000000
vn 0.000000 -0.100000 0.000000
vn 0.000000 -0.100000 0.000000
vn 0.000000 -0.100000 0.000000
vn 0.000000 -0.100000 0.000000
vn 0.000000 -0.100000 0.000000
vn 0.000000 -0.100000 0.000000
vn 0.000000 -0.100000 0.000000
vn 0.000000 -0.100000 0.000000
vn 0.000000 -0.100000 0.000000
vn 0.000000 -0.100000 0.000000
vn 0.000000 -0.100000 0.000000
vn 0.000000 -0.100000 0.000000
vn 0.000000 -0.100000 0.000000
vn 0.000000 -0.100000 0.000000
vn 0.000000 -0.100000 0.000000
vn 0.000000 -0.100000 0.000000
vn 0.000000 -0.100000 0.000000
vn 0.000000 -0.100000 0.000000
vn 0.000000 -0.100000 0.000000
vn 0.000000 -0.100000 0.000000
vn 0.000000 -0.100000 0.000000
vn 0.000000 -0.100000 0.000000
vn 0.000000 -0.100000 0.000000
vn 0.000000 -0.100000 0.000000
vn 0.000000 -0.100000 0.000000
vn 0.000000 -0.100000 0.000000
vn 0.000000 -0.100000 0.000000
vn 0.000000 -0.100000 0.000000
vn 0.000000 -0.100000 0.000000
vn 0.000000 -0.100000 0.000000
vn 0.000000 -0.100000 0.000000
vn 0.000000 -0.100000 0.000000
vn 0.000000 -0.100000 0.000000
vn 0.000000 -0.100000 0.000000
vn 0.000000 -0.100000 0.000000
vn 0.000000 -0.100000 0.000000
vn 0.000000 -0.100000 0.000000
vn 0.000000 -0.100000 0.000000
vn 0.000000 -0.100000 0.000000
vn 0.000000 -0.100000 0.000000
vn 0.000000 -0.100000 0.000000
vn 0.000000 -0.100000 0.000000
vn 0.100000 0.000000 0.000000
vn 0.100000 0.000000 0.000000
vn 0.100000 0.000000 0.000000
vn 0.100000 0.000000 0.000000
vn 0.100000 0.000000 0.000000
vn 0.100000 0.000000 0.000000
vn 0.100000 0.000000 0.000000
vn 0.100000 0.000000 0.000000
vn 0.100000 0.000000 0.000000
vn 0.100000 0.000000 0.000000
vn 0.100000 0.000000 0.000000
vn 0.100000 0.000000 0.000000
vn 0.100000 0.000000 0.000000
vn 0.100000 0.000000 0.000000
vn 0.100000 0.000000 0.000000
vn 0.100000 0.000000 0.000000
vn 0.100000 0.000000 0.000000
vn 0.100000 0.000000 0.000000
vn 0.100000 0.000000 0.000000
vn 0.100000 0.000000 0.000000
vn 0.100000 0.000000 0.000000
vn 0.100000 0.000000 0.000000
vn 0.100000 0.000000 0.000000
vn 0.100000 0.000000 0.000000
vn 0.100000 0.000000 0.000000
vn 0.100000 0.000000 0.000000
vn 0.100000 0.000000 0.000000
vn 0.100000 0.000000 0.000000
vn 0.100000 0.000000 0.000000
vn 0.100000 0.000000 0.000000
vn 0.100000 0.000000 0.000000
vn 0.100000 0.000000 0.000000
vn 0.100000 0.000000 0.000000
vn 0.100000 0.000000 0.000000
vn 0.100000 0.000000 0.000000
vn 0.100000 0.000000 0.000000
vn 0.100000 0.000000 0.000000
vn 0.100000 0.000000 0.000000
vn 0.100000 0.000000 0.000000
vn 0.100000 0.000000 0.000000
vn 0.100000 0.000000 0.000000
vn 0.100000 0.000000 0.000000
vn 0.100000 0.000000 0.000000
vn 0.100000 0.000000 0.000000
vn 0.100000 0.000000 0.000000
vn 0.100000 0.000000 0.000000
vn 0.100000 0.000000 0.000000
vn 0.100000 0.000000 0.000000
vn 0.100000 0.000000 0.000000
vn 0.100000 0.000000 0.000000
vn 0.100000 0.000000 0.000000
vn 0.100000 0.000000 0.000000
vn 0.100000 0.000000 0.000000
vn 0.100000 0.000000 0.000000
vn 0.100000 0.000000 0.000000
vn 0.100000 0.000000 0.000000
vn 0.100000 0.000000 0.000000
vn 0.100000 0.000000 0.000000
vn 0.100000 0.000000 0.000000
vn 0.100000 0.000000 0.000000
vn 0.100000 0.000000 0.000000
vn 0.100000 0.000000 0.000000
vn 0.100000 0.000000 0.000000
vn 0.100000 0.000000 0.000000
vn 0.100000 0.000000 0.000000
vn 0.100000 0.000000 0.000000
vn 0.100000 0.000000 0.000000
vn 0.100000 0.000000 0.000000
vn 0.100000 0.000000 0.000000
vn 0.100000 0.000000 0.000000
vn 0.100000 0.000000 0.000000
vn 0.100000 0.000000 0.000000
vn 0.100000 0.000000 0.000000
vn 0.100000 0.000000 0.000000
vn 0.100000 0.000000 0.000000
vn 0.100000 0.000000 0.000000
vn 0.100000 0.000000 0.000000
vn 0.100000 0.000000 0.000000
vn 0.100000 0.000000 0.000000
vn 0.100000 0.000000 0.000000
vn 0.100000 0.000000 0.000000
vn 0.100000 0.000000 0.000000
vn 0.100000 0.000000 0.000000
vn 0.100000 0.000000 0.000000
vn 0.100000 0.000000 0.000000
vn 0.100000 0.000000 0.000000
vn 0.100000 0.000000 0.000000
vn 0.100000 0.000000 0.000000
vn 0.100000 0.000000 0.000000
vn 0.100000 0.000000 0.000000
vn 0.100000 0.000000 0.000000
vn 0.100000 0.000000 0.000000
vn 0.100000 0.000000 0.000000
vn 0.100000 0.000000 0.000000
vn 0.100000 0.000000 0.000000
vn 0.100000 0.000000 0.000000
vn 0.100000 0.000000 0.000000
vn 0.100000 0.000000 0.000000
vn 0.100000 0.000000 0.000000
vn 0.100000 0.000000 0.000000
vn 0.100000 0.000000 0.000000
vn 0.100000 0.000000 0.000000
vn 0.100000 0.000000 0.000000
vn 0.100000 0.000000 0.000000
vn 0.100000 0.000000 0.000000
vn 0.100000 0.000000 0.000000
vn 0.100000 0.000000 0.000000
vn 0.100000 0.000000 0.000000
vn 0.100000 0.000000 0.000000
vn 0.100000 0.000000 0.000000
vn 0.100000 0.000000 0.000000
vn 0.100000 0.000000 0.000000
vn 0.100000 0.000000 0.000000
vn 0.100000 0.000000 0.000000
vn 0.100000 0.000000 0.000000
vn 0.100000 0.000000 0.000000
vn 0.100000 0.000000 0.000000
vn 0.100000 0.000000 0.000000
vn 0.100000 0.000000 0.000000
vn 0.100000 0.000000 0.000000
vn 0.100000 0.000000 0.000000
vn 0.100000 0.000000 0.000000
vn 0.100000 0.000000 0.000000
vn 0.100000 0.000000 0.000000
vn 0.100000 0.000000 0.000000
vn 0.100000 0.000000 0.000000
vn 0.100000 0.000000 0.000000
vn 0.100000 0.000000 0.000000
vn 0.100000 0.000000 0.000000
vn 0.100000 0.000000 0.000000
vn 0.100000 0.000000 0.000000
vn 0.100000 0.000000 0.000000
vn 0.100000 0.000000 0.000000
vn 0.100000 0.000000 0.000000
vn 0.100000 0.000000 0.000000
vn 0.100000 0.000000 0.000000
vn 0.100000 0.000000 0.000000
vn 0.100000 0.000000 0.000000
vn 0.100000 0.000000 0.000000
vn 0.100000 0.000000 0.000000
vn 0.100000 0.000000 0.000000
vn 0.100000 0.000000 0.000000
vn 0.100000 0.000000 0.000000
vn 0.100000 0.000000 0.000000
vn 0.100000 0.000000 0.000000
vn 0.100000 0.000000 0.000000
vn 0.100000 0.000000 0.000000
vn 0.100000 0.000000 0.000000
vn 0.100000 0.000000 0.000000
vn 0.100000 0.000000 0.000000
vn 0.100000 0.000000 0.000000
vn 0.100000 0.000000 0.000000
vn 0.100000 0.000000 0.000000
vn 0.100000 0.000000 0.000000
vn 0.100000 0.000000 0.000000
vn 0.100000 0.000000 0.000000
vn 0.100000 0.000000 0.000000
vn 0.100000 0.000000 0.000000
vn 0.100000 0.000000 0.000000
vn 0.100000 0.000000 0.000000
vn 0.100000 0.000000 0.000000
vn 0.100000 0.000000 0.000000
vn 0.100000 0.000000 0.000000
vn 0.100000 0.000000 0.000000
vn 0.100000 0.000000 0.000000
vn 0.100000 0.000000 0.000000
vn 0.100000 0.000000 0.000000
vn 0.100000 0.000000 0.000000
vn 0.100000 0.000000 0.000000
vn 0.100000 0.000000 0.000000
vn 0.100000 0.000000 0.000000
vn 0.100000 0.000000 0.000000
vn 0.000000 0.000000 0.100000
vn 0.000000 0.000000 0.100000
vn 0.000000 0.000000 0.100000
vn 0.000000 0.000000 0.100000
vn 0.000000 0.000000 0.100000
vn 0.000000 0.000000 0.100000
vn 0.000000 0.000000 0.100000
vn 0.000000 0.000000 0.100000
vn 0.000000 0.000000 0.100000
vn 0.000000 0.000000 0.100000
vn 0.000000 0.000000 0.100000
vn 0.000000 0.000000 0.100000
vn 0.000000 0.000000 0.100000
vn 0.000000 0.000000 0.100000
vn 0.000000 0.000000 0.100000
vn 0.000000 0.000000 0.100000
vn 0.000000 0.000000 0.100000
vn 0.000000 0.000000 0.100000
vn 0.000000 0.000000 0.100000
vn 0.000000 0.000000 0.100000
vn 0.000000 0.000000 0.100000
vn 0.000000 0.000000 0.100000
vn 0.000000 0.000000 0.100000
vn 0.000000 0.000000 0.100000
vn 0.000000 0.000000 0.100000
vn 0.000000 0.000000 0.100000
vn 0.000000 0.000000 0.100000
vn 0.000000 0.000000 0.100000
vn 0.000000 0.000000 0.100000
vn 0.000000 0.000000 0.100000
vn 0.000000 0.000000 0.100000
vn 0.000000 0.000000 0.100000
vn 0.000000 0.000000 0.100000
vn 0.000000 0.000000 0.100000
vn 0.000000 0.000000 0.100000
vn 0.000000 0.000000 0.100000
vn 0.000000 0.000000 0.100000
vn 0.000000 0.000000 0.100000
vn 0.000000 0.000000 0.100000
vn 0.000000 0.000000 0.100000
vn 0.000000 0.000000 0.100000
vn 0.000000 0.000000 0.100000
vn 0.000000 0.000000 0.100000
vn 0.000000 0.000000 0.100000
vn 0.000000 0.000000 0.100000
vn 0.000000 0.000000 0.100000
vn 0.000000 0.000000 0.100000
vn 0.000000 0.000000 0.100000
vn 0.000000 0.000000 0.100000
vn 0.000000 0.000000 0.100000
vn 0.000000 0.000000 0.100000
vn 0.000000 0.000000 0.100000
vn 0.000000 0.000000 0.100000
vn 0.000000 0.000000 0.100000
vn 0.000000 0.000000 0.100000
vn 0.000000 0.000000 0.100000
vn 0.000000 0.000000 0.100000
vn 0.000000 0.000000 0.100000
vn 0.000000 0.000000 0.100000
vn 0.000000 0.000000 0.100000
vn 0.000000 0.000000 0.100000
vn 0.000000 0.000000 0.100000
vn 0.000000 0.000000 0.100000
vn 0.000000 0.000000 0.100000
vn 0.000000 0.000000 0.100000
vn 0.000000 0.000000 0.100000
vn 0.000000 0.000000 0.100000
vn 0.000000 0.000000 0.100000
vn 0.000000 0.000000 0.100000
vn 0.000000 0.000000 0.100000
vn 0.000000 0.000000 0.100000
vn 0.000000 0.000000 0.100000
vn 0.000000 0.000000 0.100000
vn 0.000000 0.000000 0.100000
vn 0.000000 0.000000 0.100000
vn 0.000000 0.000000 0.100000
vn 0.000000 0.000000 0.100000
vn 0.000000 0.000000 0.100000
vn 0.000000 0.000000 0.100000
vn 0.000000 0.000000 0.100000
vn 0.000000 0.000000 0.100000
vn 0.000000 0.000000 0.100000
vn 0.000000 0.000000 0.100000
vn 0.000000 0.000000 0.100000
vn 0.000000 0.000000 0.100000
vn 0.000000 0.000000 0.100000
vn 0.000000 0.000000 0.100000
vn 0.000000 0.000000 0.100000
vn 0.000000 0.000000 0.100000
vn 0.000000 0.000000 0.100000
vn 0.000000 0.000000 0.100000
vn 0.000000 0.000000 0.100000
vn 0.000000 0.000000 0.100000
vn 0.000000 0.000000 0.100000
vn 0.000000 0.000000 0.100000
vn 0.000000 0.000000 0.100000
vn 0.000000 0.000000 0.100000
vn 0.000000 0.000000 0.100000
vn 0.000000 0.000000 0.100000
vn 0.000000 0.000000 0.100000
vn 0.000000 0.000000 0.100000
vn 0.000000 0.000000 0.100000
vn 0.000000 0.000000 0.100000
vn 0.000000 0.000000 0.100000
vn 0.000000 0.000000 0.100000
vn 0.000000 0.000000 0.100000
vn 0.000000 0.000000 0.100000
vn 0.000000 0.000000 0.100000
vn 0.000000 0.000000 0.100000
vn 0.000000 0.000000 0.100000
vn 0.000000 0.000000 0.100000
vn 0.000000 0.000000 0.100000
vn 0.000000 0.000000 0.100000
vn 0.000000 0.000000 0.100000
vn 0.000000 0.000000 0.100000
vn 0.000000 0.000000 0.100000
vn 0.000000 0.000000 0.100000
vn 0.000000 0.000000 0.100000
vn 0.000000 0.000000 0.100000
vn 0.000000 0.000000 0.100000
vn 0.000000 0.000000 0.100000
vn 0.000000 0.000000 0.100000
vn 0.000000 0.000000 0.100000
vn 0.000000 0.000000 0.100000
vn 0.000000 0.000000 0.100000
vn 0.000000 0.000000 0.100000
vn 0.000000 0.000000 0.100000
vn 0.000000 0.000000 0.100000
vn 0.000000 0.000000 0.100000
vn 0.000000 0.000000 0.100000
vn 0.000000 0.000000 0.100000
vn 0.000000 0.000000 0.100000
vn 0.000000 0.000000 0.100000
vn 0.000000 0.000000 0.100000
vn 0.000000 0.000000 0.100000
vn 0.000000 0.000000 0.100000
vn 0.000000 0.000000 0.100000
vn 0.000000 0.000000 0.100000
vn 0.000000 0.000000 0.100000
vn 0.000000 0.000000 0.100000
vn 0.000000 0.000000 0.100000
vn 0.000000 0.000000 0.100000
vn 0.000000 0.000000 0.100000
vn 0.000000 0.000000 0.100000
vn 0.000000 0.000000 0.100000
vn 0.000000 0.000000 0.100000
vn 0.000000 0.000000 0.100000
vn 0.000000 0.000000 0.100000
vn 0.000000 0.000000 0.100000
vn 0.000000 0.000000 0.100000
vn 0.000000 0.000000 0.100000
vn 0.000000 0.000000 0.100000
vn 0.000000 0.000000 0.100000
vn 0.000000 0.000000 0.100000
vn 0.000000 0.000000 0.100000
vn 0.000000 0.000000 0.100000
vn 0.000000 0.000000 0.100000
vn 0.000000 0.000000 0.100000
vn 0.000000 0.000000 0.100000
vn 0.000000 0.000000 0.100000
vn 0.000000 0.000000 0.100000
vn 0.000000 0.000000 0.100000
vn 0.000000 0.000000 0.100000
vn 0.000000 0.000000 0.100000
vn 0.000000 0.000000 0.100000
vn 0.000000 0.000000 0.100000
vn 0.000000 0.000000 0.100000
vn 0.000000 0.000000 0.100000
vn 0.000000 0.000000 0.100000
vn 0.000000 0.000000 0.100000
vn 0.000000 0.000000 0.100000
vn 0.000000 0.000000 0.100000
vn 0.000000 0.000000 0.100000
vn 0.000000 0.000000 0.100000
vn 0.000000 0.000000 0.100000
vn 0.000000 0.000000 0.100000
vn 0.000000 0.000000 0.100000
vn 0.000000 0.000000 0.100000
vn 0.000000 0.000000 0.100000
vn 0.000000 0.000000 0.100000
vn 0.000000 0.000000 0.100000
vn 0.000000 0.000000 0.100000
vn 0.000000 0.000000 0.100000
vn 0.000000 0.000000 0.100000
vn 0.000000 0.000000 0.100000
vn 0.000000 0.000000 0.100000
vn 0.000000 0.000000 0.100000
vn 0.000000 0.000000 0.100000
vn 0.000000 0.000000 0.100000
vn 0.000000 0.000000 0.100000
vn 0.000000 0.000000 0.100000
vn 0.000000 0.000000 0.100000
vn 0.000000 0.000000 0.100000
vn 0.000000 0.000000 0.100000
vn 0.000000 0.000000 0.100000
vn 0.000000 0.000000 0.100000
vn 0.000000 0.000000 0.100000
vn 0.000000 0.000000 0.100000
vn 0.000000 0.000000 0.100000
vn 0.000000 0.000000 0.100000
vn 0.000000 0.000000 0.100000
vn 0.000000 0.000000 0.100000
vn 0.000000 0.000000 0.100000
vn 0.000000 0.000000 0.100000
vn 0.000000 0.000000 0.100000
vn 0.000000 0.000000 0.100000
vn 0.000000 0.000000 0.100000
vn 0.000000 0.000000 0.100000
vn 0.000000 0.000000 0.100000
vn 0.000000 0.000000 0.100000
vn 0.000000 0.000000 0.100000
vn 0.000000 0.000000 0.100000
vn 0.000000 0.000000 0.100000
vn 0.000000 0.000000 0.100000
vn 0.000000 0.000000 0.100000
vn 0.000000 0.000000 0.100000
vn 0.000000 0.000000 0.100000
vn 0.000000 0.000000 0.100000
vn 0.000000 0.000000 0.100000
vn 0.000000 0.000000 0.100000
vn 0.000000 0.000000 0.100000
vn 0.000000 0.000000 0.100000
vn 0.000000 0.000000 0.100000
vn 0.000000 0.000000 0.100000
vn 0.000000 0.000000 0.100000
vn 0.000000 0.000000 0.100000
vn 0.000000 0.000000 0.100000
vn 0.000000 0.000000 0.100000
vn 0.000000 0.000000 0.100000
vn 0.000000 0.000000 0.100000
vn 0.000000 0.000000 0.100000
vn 0.000000 0.000000 0.100000
vn 0.000000 0.000000 0.100000
vn 0.000000 0.000000 0.100000
vn 0.000000 0.000000 0.100000
vn 0.000000 0.000000 0.100000
vn 0.000000 0.000000 0.100000
vn 0.000000 0.000000 0.100000
vn 0.000000 0.000000 0.100000
vn 0.000000 0.000000 0.100000
vn 0.000000 0.000000 0.100000
vn 0.000000 0.000000 0.100000
vn 0.000000 0.000000 0.100000
vn 0.000000 0.000000 0.100000
vn 0.000000 0.000000 0.100000
vn 0.000000 0.000000 0.100000
vn 0.000000 0.000000 0.100000
vn 0.000000 0.000000 0.100000
vn 0.000000 0.000000 0.100000
vn 0.000000 0.000000 0.100000
vn 0.000000 0.000000 0.100000
vn 0.000000 0.000000 0.100000
vn 0.000000 0.000000 0.100000
vn 0.000000 0.000000 0.100000
vn 0.000000 0.000000 0.100000
vn 0.000000 0.000000 0.100000
vn 0.000000 0.000000 0.100000
vn 0.000000 0.000000 0.100000
vn -0.100000 0.000000 0.000000
vn -0.100000 0.000000 0.000000
vn -0.100000 0.000000 0.000000
vn -0.100000 0.000000 0.000000
vn -0.100000 0.000000 0.000000
vn -0.100000 0.000000 0.000000
vn -0.100000 0.000000 0.000000
vn -0.100000 0.000000 0.000000
vn -0.100000 0.000000 0.000000
vn -0.100000 0.000000 0.000000
vn -0.100000 0.000000 0.000000
vn -0.100000 0.000000 0.000000
vn -0.100000 0.000000 0.000000
vn -0.100000 0.000000 0.000000
vn -0.100000 0.000000 0.000000
vn -0.100000 0.000000 0.000000
vn -0.100000 0.000000 0.000000
vn -0.100000 0.000000 0.000000
vn -0.100000 0.000000 0.000000
vn -0.100000 0.000000 0.000000
vn -0.100000 0.000000 0.000000
vn -0.100000 0.000000 0.000000
vn -0.100000 0.000000 0.000000
vn -0.100000 0.000000 0.000000
vn -0.100000 0.000000 0.000000
vn -0.100000 0.000000 0.000000
vn -0.100000 0.000000 0.000000
vn -0.100000 0.000000 0.000000
vn -0.100000 0.000000 0.000000
vn -0.100000 0.000000 0.000000
vn -0.100000 0.000000 0.000000
vn -0.100000 0.000000 0.000000
vn -0.100000 0.000000 0.000000
vn -0.100000 0.000000 0.000000
vn -0.100000 0.000000 0.000000
vn -0.100000 0.000000 0.000000
vn -0.100000 0.000000 0.000000
vn -0.100000 0.000000 0.000000
vn -0.100000 0.000000 0.000000
vn -0.100000 0.000000 0.000000
vn -0.100000 0.000000 0.000000
vn -0.100000 0.000000 0.000000
vn -0.100000 0.000000 0.000000
vn -0.100000 0.000000 0.000000
vn -0.100000 0.000000 0.000000
vn -0.100000 0.000000 0.000000
vn -0.100000 0.000000 0.000000
vn -0.100000 0.000000 0.000000
vn -0.100000 0.000000 0.000000
vn -0.100000 0.000000 0.000000
vn -0.100000 0.000000 0.000000
vn -0.100000 0.000000 0.000000
vn -0.100000 0.000000 0.000000
vn -0.100000 0.000000 0.000000
vn -0.100000 0.000000 0.000000
vn -0.100000 0.000000 0.000000
vn -0.100000 0.000000 0.000000
vn -0.100000 0.000000 0.000000
vn -0.100000 0.000000 0.000000
vn -0.100000 0.000000 0.000000
vn -0.100000 0.000000 0.000000
vn -0.100000 0.000000 0.000000
vn -0.100000 0.000000 0.000000
vn -0.100000 0.000000 0.000000
vn -0.100000 0.000000 0.000000
vn -0.100000 0.000000 0.000000
vn -0.100000 0.000000 0.000000
vn -0.100000 0.000000 0.000000
vn -0.100000 0.000000 0.000000
vn -0.100000 0.000000 0.000000
vn -0.100000 0.000000 0.000000
vn -0.100000 0.000000 0.000000
vn -0.100000 0.000000 0.000000
vn -0.100000 0.000000 0.000000
vn -0.100000 0.000000 0.000000
vn -0.100000 0.000000 0.000000
vn -0.100000 0.000000 0.000000
vn -0.100000 0.000000 0.000000
vn -0.100000 0.000000 0.000000
vn -0.100000 0.000000 0.000000
vn -0.100000 0.000000 0.000000
vn -0.100000 0.000000 0.000000
vn -0.100000 0.000000 0.000000
vn -0.100000 0.000000 0.000000
vn -0.100000 0.000000 0.000000
vn -0.100000 0.000000 0.000000
vn -0.100000 0.000000 0.000000
vn -0.100000 0.000000 0.000000
vn -0.100000 0.000000 0.000000
vn -0.100000 0.000000 0.000000
vn -0.100000 0.000000 0.000000
vn -0.100000 0.000000 0.000000
vn -0.100000 0.000000 0.000000
vn -0.100000 0.000000 0.000000
vn -0.100000 0.000000 0.000000
vn -0.100000 0.000000 0.000000
vn -0.100000 0.000000 0.000000
vn -0.100000 0.000000 0.000000
vn -0.100000 0.000000 0.000000
vn -0.100000 0.000000 0.000000
vn -0.100000 0.000000 0.000000
vn -0.100000 0.000000 0.000000
vn -0.100000 0.000000 0.000000
vn -0.100000 0.000000 0.000000
vn -0.100000 0.000000 0.000000
vn -0.100000 0.000000 0.000000
vn -0.100000 0.000000 0.000000
vn -0.100000 0.000000 0.000000
vn -0.100000 0.000000 0.000000
vn -0.100000 0.000000 0.000000
vn -0.100000 0.000000 0.000000
vn -0.100000 0.000000 0.000000
vn -0.100000 0.000000 0.000000
vn -0.100000 0.000000 0.000000
vn -0.100000 0.000000 0.000000
vn -0.100000 0.000000 0.000000
vn -0.100000 0.000000 0.000000
vn -0.100000 0.000000 0.000000
vn -0.100000 0.000000 0.000000
vn -0.100000 0.000000 0.000000
vn -0.100000 0.000000 0.000000
vn -0.100000 0.000000 0.000000
vn -0.100000 0.000000 0.000000
vn -0.100000 0.000000 0.000000
vn -0.100000 0.000000 0.000000
vn -0.100000 0.000000 0.000000
vn -0.100000 0.000000 0.000000
vn -0.100000 0.000000 0.000000
vn -0.100000 0.000000 0.000000
vn 0.000000 0.100000 0.000000
vn 0.000000 0.100000 0.000000
vn 0.000000 0.100000 0.000000
vn 0.000000 0.100000 0.000000
vn 0.000000 0.100000 0.000000
vn 0.000000 0.100000 0.000000
vn 0.000000 0.100000 0.000000
vn 0.000000 0.100000 0.000000
vn 0.000000 0.100000 0.000000
vn 0.000000 0.100000 0.000000
vn 0.000000 0.100000 0.000000
vn 0.000000 0.100000 0.000000
vn 0.000000 0.100000 0.000000
vn 0.000000 0.100000 0.000000
vn 0.000000 0.100000 0.000000
vn 0.000000 0.100000 0.000000
vn 0.000000 0.100000 0.000000
vn 0.000000 0.100000 0.000000
vn 0.000000 0.100000 0.000000
vn 0.000000 0.100000 0.000000
vn 0.000000 0.100000 0.000000
vn 0.000000 0.100000 0.000000
vn 0.000000 0.100000 0.000000
vn 0.000000 0.100000 0.000000
vn 0.000000 0.100000 0.000000
vn 0.000000 0.100000 0.000000
vn 0.000000 0.100000 0.000000
vn 0.000000 0.100000 0.000000
vn 0.000000 0.100000 0.000000
vn 0.000000 0.100000 0.000000
vn 0.000000 0.100000 0.000000
vn 0.000000 0.100000 0.000000
vn 0.000000 0.100000 0.000000
vn 0.000000 0.100000 0.000000
vn 0.000000 0.100000 0.000000
vn 0.000000 0.100000 0.000000
vn 0.000000 0.100000 0.000000
vn 0.000000 0.100000 0.000000
vn 0.000000 0.100000 0.000000
vn 0.000000 0.100000 0.000000
vn 0.000000 0.100000 0.000000
vn 0.000000 0.100000 0.000000
vn 0.000000 0.100000 0.000000
vn 0.000000 0.100000 0.000000
vn 0.000000 0.100000 0.000000
vn 0.000000 0.100000 0.000000
vn 0.000000 0.100000 0.000000
vn 0.000000 0.100000 0.000000
vn 0.000000 0.100000 0.000000
vn 0.000000 0.100000 0.000000
vn 0.000000 0.100000 0.000000
vn 0.000000 0.100000 0.000000
vn 0.000000 0.100000 0.000000
vn 0.000000 0.100000 0.000000
vn 0.000000 0.100000 0.000000
vn 0.000000 0.100000 0.000000
vn 0.000000 0.100000 0.000000
vn 0.000000 0.100000 0.000000
vn 0.000000 0.100000 0.000000
vn 0.000000 0.100000 0.000000
vn 0.000000 0.100000 0.000000
vn 0.000000 0.100000 0.000000
vn 0.000000 0.100000 0.000000
vn 0.000000 0.100000 0.000000
vn 0.000000 0.100000 0.000000
vn 0.000000 0.100000 0.000000
vn 0.000000 0.100000 0.000000
vn 0.000000 0.100000 0.000000
vn 0.000000 0.100000 0.000000
vn 0.000000 0.100000 0.000000
vn 0.000000 0.100000 0.000000
vn 0.000000 0.100000 0.000000
vn 0.000000 0.100000 0.000000
vn 0.000000 0.100000 0.000000
vn 0.000000 0.100000 0.000000
vn 0.000000 0.100000 0.000000
vn 0.000000 0.100000 0.000000
vn 0.000000 0.100000 0.000000
vn 0.000000 0.100000 0.000000
vn 0.000000 0.100000 0.000000
vn 0.000000 0.100000 0.000000
vn 0.000000 0.100000 0.000000
vn 0.000000 0.100000 0.000000
vn 0.000000 0.100000 0.000000
vn 0.000000 0.100000 0.000000
vn 0.000000 0.100000 0.000000
vn 0.000000 0.100000 0.000000
vn 0.000000 0.100000 0.000000
vn 0.000000 0.100000 0.000000
vn 0.000000 0.100000 0.000000
vn 0.000000 0.100000 0.000000
vn 0.000000 0.100000 0.000000
vn 0.000000 0.100000 0.000000
vn 0.000000 0.100000 0.000000
vn 0.000000 0.100000 0.000000
vn 0.000000 0.100000 0.000000
vn 0.000000 0.100000 0.000000
vn 0.000000 0.100000 0.000000
vn 0.000000 0.100000 0.000000
vn 0.000000 0.100000 0.000000
vn 0.000000 0.100000 0.000000
vn 0.000000 0.100000 0.000000
vn 0.000000 0.100000 0.000000
vn 0.000000 0.100000 0.000000
vn 0.000000 0.100000 0.000000
vn 0.000000 0.100000 0.000000
vn 0.000000 0.100000 0.000000
vn 0.000000 0.100000 0.000000
vn 0.000000 0.100000 0.000000
vn 0.000000 0.100000 0.000000
vn 0.000000 0.100000 0.000000
vn 0.000000 0.100000 0.000000
vn 0.000000 0.100000 0.000000
vn 0.000000 0.100000 0.000000
vn 0.000000 0.100000 0.000000
vn 0.000000 0.100000 0.000000
vn 0.000000 0.100000 0.000000
vn 0.000000 0.100000 0.000000
vn 0.000000 0.100000 0.000000
vn 0.000000 0.100000 0.000000
vn 0.000000 0.100000 0.000000
vn 0.000000 0.100000 0.000000
vn 0.000000 0.100000 0.000000
vn 0.000000 0.100000 0.000000
vn 0.000000 0.100000 0.000000
vn 0.000000 0.100000 0.000000
vn 0.000000 0.100000 0.000000
vn 0.000000 0.100000 0.000000
vn 0.000000 0.100000 0.000000
vn 0.000000 0.100000 0.000000
vn 0.000000 0.100000 0.000000
vn 0.000000 0.100000 0.000000
vn 0.000000 0.100000 0.000000
vn 0.000000 0.100000 0.000000
vn 0.000000 0.100000 0.000000
vn 0.000000 0.100000 0.000000
vn 0.000000 0.100000 0.000000
vn 0.000000 0.100000 0.000000
vn 0.000000 0.100000 0.000000
vn 0.000000 0.100000 0.000000
vn 0.000000 0.100000 0.000000
vn 0.000000 0.100000 0.000000
vn 0.000000 0.100000 0.000000
vn 0.000000 0.100000 0.000000
vn 0.000000 0.100000 0.000000
vn 0.000000 0.100000 0.000000
vn 0.000000 0.100000 0.000000
vn 0.000000 0.100000 0.000000
vn 0.000000 0.100000 0.000000
vn 0.000000 0.100000 0.000000
vn 0.000000 0.100000 0.000000
vn 0.000000 0.100000 0.000000
vn 0.000000 0.100000 0.000000
vn 0.000000 0.100000 0.000000
vn 0.000000 0.100000 0.000000
vn 0.000000 0.100000 0.000000
vn 0.000000 0.100000 0.000000
vn 0.000000 0.100000 0.000000
vn 0.000000 0.100000 0.000000
vn 0.000000 0.100000 0.000000
vn 0.000000 0.100000 0.000000
vn 0.000000 0.100000 0.000000
vn 0.000000 0.100000 0.000000
vn 0.000000 0.100000 0.000000
vn 0.000000 0.100000 0.000000
vn 0.000000 0.100000 0.000000
vn 0.000000 0.100000 0.000000
vn 0.000000 0.100000 0.000000
vn 0.000000 0.100000 0.000000
vn 0.000000 0.100000 0.000000
vn 0.000000 0.100000 0.000000
vn 0.000000 0.100000 0.000000
vn 0.000000 0.100000 0.000000
vn 0.000000 0.100000 0.000000
vn 0.000000 0.100000 0.000000
vn 0.000000 0.100000 0.000000
vn 0.000000 0.100000 0.000000
vn 0.000000 0.100000 0.000000
vn 0.000000 0.100000 0.000000
vn 0.000000 0.100000 0.000000
vn 0.000000 0.100000 0.000000
vn 0.000000 0.100000 0.000000
vn 0.000000 0.100000 0.000000
vn 0.000000 0.100000 0.000000
vn 0.000000 0.100000 0.000000
vn 0.000000 0.100000 0.000000
vn 0.000000 0.100000 0.000000
vn 0.000000 0.100000 0.000000
vn 0.000000 0.100000 0.000000
vn 0.000000 0.100000 0.000000
vn 0.000000 0.100000 0.000000
vn 0.000000 0.100000 0.000000
vn 0.000000 0.100000 0.000000
vn 0.000000 0.100000 0.000000
vn 0.000000 0.100000 0.000000
vn 0.000000 0.100000 0.000000
vn 0.000000 0.100000 0.000000
vn 0.000000 0.100000 0.000000
vn 0.000000 0.100000 0.000000
vn 0.000000 0.100000 0.000000
vn 0.000000 0.100000 0.000000
vn 0.000000 0.100000 0.000000
vn 0.000000 0.100000 0.000000
vn 0.000000 0.100000 0.000000
vn 0.000000 0.100000 0.000000
vn 0.000000 0.100000 0.000000
vn 0.000000 0.100000 0.000000
vn 0.000000 0.100000 0.000000
vn 0.000000 0.100000 0.000000
vn 0.000000 0.100000 0.000000
vn 0.000000 0.100000 0.000000
vn 0.000000 0.100000 0.000000
vn 0.000000 0.100000 0.000000
vn 0.000000 0.100000 0.000000
vn 0.000000 0.100000 0.000000
usemtl Materiał_bazowy_—_metal
f 1/1/1 2/2/2 43/3/3
f 43/3/3 2/2/2 42/4/4
f 42/4/4 2/2/2 3/5/5
f 42/4/4 3/5/5 41/6/6
f 41/6/6 3/5/5 40/7/7
f 40/7/7 3/5/5 39/8/8
f 39/8/8 3/5/5 4/9/9
f 39/8/8 4/9/9 38/10/10
f 38/10/10 4/9/9 37/11/11
f 37/11/11 4/9/9 36/12/12
f 36/12/12 4/9/9 35/13/13
f 35/13/13 4/9/9 34/14/14
f 34/14/14 4/9/9 33/15/15
f 33/15/15 4/9/9 32/16/16
f 32/16/16 4/9/9 31/17/17
f 31/17/17 4/9/9 30/18/18
f 30/18/18 4/9/9 29/19/19
f 29/19/19 4/9/9 28/20/20
f 28/20/20 4/9/9 27/21/21
f 27/21/21 4/9/9 26/22/22
f 26/22/22 4/9/9 25/23/23
f 25/23/23 4/9/9 24/24/24
f 24/24/24 4/9/9 23/25/25
f 23/25/25 4/9/9 22/26/26
f 22/26/26 4/9/9 21/27/27
f 21/27/27 4/9/9 20/28/28
f 20/28/28 4/9/9 19/29/29
f 19/29/29 4/9/9 5/30/30
f 19/29/29 5/30/30 18/31/31
f 18/31/31 5/30/30 6/32/32
f 18/31/31 6/32/32 17/33/33
f 17/33/33 6/32/32 7/34/34
f 17/33/33 7/34/34 16/35/35
f 16/35/35 7/34/34 8/36/36
f 16/35/35 8/36/36 15/37/37
f 15/37/37 8/36/36 9/38/38
f 15/37/37 9/38/38 14/39/39
f 14/39/39 9/38/38 10/40/40
f 14/39/39 10/40/40 13/41/41
f 13/41/41 10/40/40 11/42/42
f 13/41/41 11/42/42 12/43/43
f 44/44/44 45/45/45 86/46/46
f 86/46/46 45/45/45 85/47/47
f 85/47/47 45/45/45 46/48/48
f 85/47/47 46/48/48 84/49/49
f 84/49/49 46/48/48 83/50/50
f 83/50/50 46/48/48 82/51/51
f 82/51/51 46/48/48 47/52/52
f 82/51/51 47/52/52 81/53/53
f 81/53/53 47/52/52 80/54/54
f 80/54/54 47/52/52 79/55/55
f 79/55/55 47/52/52 78/56/56
f 78/56/56 47/52/52 77/57/57
f 77/57/57 47/52/52 76/58/58
f 76/58/58 47/52/52 75/59/59
f 75/59/59 47/52/52 74/60/60
f 74/60/60 47/52/52 73/61/61
f 73/61/61 47/52/52 72/62/62
f 72/62/62 47/52/52 71/63/63
f 71/63/63 47/52/52 70/64/64
f 70/64/64 47/52/52 69/65/65
f 69/65/65 47/52/52 68/66/66
f 68/66/66 47/52/52 67/67/67
f 67/67/67 47/52/52 66/68/68
f 66/68/68 47/52/52 65/69/69
f 65/69/69 47/52/52 64/70/70
f 64/70/70 47/52/52 63/71/71
f 63/71/71 47/52/52 62/72/72
f 62/72/72 47/52/52 48/73/73
f 62/72/72 48/73/73 61/74/74
f 61/74/74 48/73/73 49/75/75
f 61/74/74 49/75/75 60/76/76
f 60/76/76 49/75/75 50/77/77
f 60/76/76 50/77/77 59/78/78
f 59/78/78 50/77/77 51/79/79
f 59/78/78 51/79/79 58/80/80
f 58/80/80 51/79/79 52/81/81
f 58/80/80 52/81/81 57/82/82
f 57/82/82 52/81/81 53/83/83
f 57/82/82 53/83/83 56/84/84
f 56/84/84 53/83/83 54/85/85
f 56/84/84 54/85/85 55/86/86
f 87/87/87 88/88/88 129/89/89
f 129/89/89 88/88/88 128/90/90
f 128/90/90 88/88/88 89/91/91
f 128/90/90 89/91/91 127/92/92
f 127/92/92 89/91/91 126/93/93
f 126/93/93 89/91/91 125/94/94
f 125/94/94 89/91/91 90/95/95
f 125/94/94 90/95/95 124/96/96
f 124/96/96 90/95/95 123/97/97
f 123/97/97 90/95/95 122/98/98
f 122/98/98 90/95/95 121/99/99
f 121/99/99 90/95/95 120/100/100
f 120/100/100 90/95/95 119/101/101
f 119/101/101 90/95/95 118/102/102
f 118/102/102 90/95/95 117/103/103
f 117/103/103 90/95/95 116/104/104
f 116/104/104 90/95/95 115/105/105
f 115/105/105 90/95/95 114/106/106
f 114/106/106 90/95/95 113/107/107
f 113/107/107 90/95/95 112/108/108
f 112/108/108 90/95/95 111/109/109
f 111/109/109 90/95/95 110/110/110
f 110/110/110 90/95/95 109/111/111
f 109/111/111 90/95/95 108/112/112
f 108/112/112 90/95/95 107/113/113
f 107/113/113 90/95/95 106/114/114
f 106/114/114 90/95/95 105/115/115
f 105/115/115 90/95/95 91/116/116
f 105/115/115 91/116/116 104/117/117
f 104/117/117 91/116/116 92/118/118
f 104/117/117 92/118/118 103/119/119
f 103/119/119 92/118/118 93/120/120
f 103/119/119 93/120/120 102/121/121
f 102/121/121 93/120/120 94/122/122
f 102/121/121 94/122/122 101/123/123
f 101/123/123 94/122/122 95/124/124
f 101/123/123 95/124/124 100/125/125
f 100/125/125 95/124/124 96/126/126
f 100/125/125 96/126/126 99/127/127
f 99/127/127 96/126/126 97/128/128
f 99/127/127 97/128/128 98/129/129
f 130/130/130 131/131/131 172/132/132
f 172/132/132 131/131/131 171/133/133
f 171/133/133 131/131/131 132/134/134
f 171/133/133 132/134/134 170/135/135
f 170/135/135 132/134/134 169/136/136
f 169/136/136 132/134/134 168/137/137
f 168/137/137 132/134/134 133/138/138
f 168/137/137 133/138/138 167/139/139
f 167/139/139 133/138/138 166/140/140
f 166/140/140 133/138/138 165/141/141
f 165/141/141 133/138/138 164/142/142
f 164/142/142 133/138/138 163/143/143
f 163/143/143 133/138/138 162/144/144
f 162/144/144 133/138/138 161/145/145
f 161/145/145 133/138/138 160/146/146
f 160/146/146 133/138/138 159/147/147
f 159/147/147 133/138/138 158/148/148
f 158/148/148 133/138/138 157/149/149
f 157/149/149 133/138/138 156/150/150
f 156/150/150 133/138/138 155/151/151
f 155/151/151 133/138/138 154/152/152
f 154/152/152 133/138/138 153/153/153
f 153/153/153 133/138/138 152/154/154
f 152/154/154 133/138/138 151/155/155
f 151/155/155 133/138/138 150/156/156
f 150/156/156 133/138/138 149/157/157
f 149/157/157 133/138/138 148/158/158
f 148/158/158 133/138/138 134/159/159
f 148/158/158 134/159/159 147/160/160
f 147/160/160 134/159/159 135/161/161
f 147/160/160 135/161/161 146/162/162
f 146/162/162 135/161/161 136/163/163
f 146/162/162 136/163/163 145/164/164
f 145/164/164 136/163/163 137/165/165
f 145/164/164 137/165/165 144/166/166
f 144/166/166 137/165/165 138/167/167
f 144/166/166 138/167/167 143/168/168
f 143/168/168 138/167/167 139/169/169
f 143/168/168 139/169/169 142/170/170
f 142/170/170 139/169/169 140/171/171
f 142/170/170 140/171/171 141/172/172
f 173/173/173 174/174/174 215/175/175
f 215/175/175 174/174/174 214/176/176
f 214/176/176 174/174/174 175/177/177
f 214/176/176 175/177/177 213/178/178
f 213/178/178 175/177/177 212/179/179
f 212/179/179 175/177/177 211/180/180
f 211/180/180 175/177/177 176/181/181
f 211/180/180 176/181/181 210/182/182
f 210/182/182 176/181/181 209/183/183
f 209/183/183 176/181/181 208/184/184
f 208/184/184 176/181/181 207/185/185
f 207/185/185 176/181/181 206/186/186
f 206/186/186 176/181/181 205/187/187
f 205/187/187 176/181/181 204/188/188
f 204/188/188 176/181/181 203/189/189
f 203/189/189 176/181/181 202/190/190
f 202/190/190 176/181/181 201/191/191
f 201/191/191 176/181/181 200/192/192
f 200/192/192 176/181/181 199/193/193
f 199/193/193 176/181/181 198/194/194
f 198/194/194 176/181/181 197/195/195
f 197/195/195 176/181/181 196/196/196
f 196/196/196 176/181/181 195/197/197
f 195/197/197 176/181/181 194/198/198
f 194/198/198 176/181/181 193/199/199
f 193/199/199 176/181/181 192/200/200
f 192/200/200 176/181/181 191/201/201
f 191/201/201 176/181/181 177/202/202
f 191/201/201 177/202/202 190/203/203
f 190/203/203 177/202/202 178/204/204
f 190/203/203 178/204/204 189/205/205
f 189/205/205 178/204/204 179/206/206
f 189/205/205 179/206/206 188/207/207
f 188/207/207 179/206/206 180/208/208
f 188/207/207 180/208/208 187/209/209
f 187/209/209 180/208/208 181/210/210
f 187/209/209 181/210/210 186/211/211
f 186/211/211 181/210/210 182/212/212
f 186/211/211 182/212/212 185/213/213
f 185/213/213 182/212/212 183/214/214
f 185/213/213 183/214/214 184/215/215
f 216/216/216 217/217/217 258/218/218
f 258/218/218 217/217/217 257/219/219
f 257/219/219 217/217/217 218/220/220
f 257/219/219 218/220/220 256/221/221
f 256/221/221 218/220/220 255/222/222
f 255/222/222 218/220/220 254/223/223
f 254/223/223 218/220/220 219/224/224
f 254/223/223 219/224/224 253/225/225
f 253/225/225 219/224/224 252/226/226
f 252/226/226 219/224/224 251/227/227
f 251/227/227 219/224/224 250/228/228
f 250/228/228 219/224/224 249/229/229
f 249/229/229 219/224/224 248/230/230
f 248/230/230 219/224/224 247/231/231
f 247/231/231 219/224/224 246/232/232
f 246/232/232 219/224/224 245/233/233
f 245/233/233 219/224/224 244/234/234
f 244/234/234 219/224/224 243/235/235
f 243/235/235 219/224/224 242/236/236
f 242/236/236 219/224/224 241/237/237
f 241/237/237 219/224/224 240/238/238
f 240/238/238 219/224/224 239/239/239
f 239/239/239 219/224/224 238/240/240
f 238/240/240 219/224/224 237/241/241
f 237/241/241 219/224/224 236/242/242
f 236/242/242 219/224/224 235/243/243
f 235/243/243 219/224/224 234/244/244
f 234/244/244 219/224/224 220/245/245
f 234/244/244 220/245/245 233/246/246
f 233/246/246 220/245/245 221/247/247
f 233/246/246 221/247/247 232/248/248
f 232/248/248 221/247/247 222/249/249
f 232/248/248 222/249/249 231/250/250
f 231/250/250 222/249/249 223/251/251
f 231/250/250 223/251/251 230/252/252
f 230/252/252 223/251/251 224/253/253
f 230/252/252 224/253/253 229/254/254
f 229/254/254 224/253/253 225/255/255
f 229/254/254 225/255/255 228/256/256
f 228/256/256 225/255/255 226/257/257
f 228/256/256 226/257/257 227/258/258
f 259/259/259 260/260/260 301/261/261
f 301/261/261 260/260/260 300/262/262
f 300/262/262 260/260/260 261/263/263
f 300/262/262 261/263/263 299/264/264
f 299/264/264 261/263/263 298/265/265
f 298/265/265 261/263/263 297/266/266
f 297/266/266 261/263/263 262/267/267
f 297/266/266 262/267/267 296/268/268
f 296/268/268 262/267/267 295/269/269
f 295/269/269 262/267/267 294/270/270
f 294/270/270 262/267/267 293/271/271
f 293/271/271 262/267/267 292/272/272
f 292/272/272 262/267/267 291/273/273
f 291/273/273 262/267/267 290/274/274
f 290/274/274 262/267/267 289/275/275
f 289/275/275 262/267/267 288/276/276
f 288/276/276 262/267/267 287/277/277
f 287/277/277 262/267/267 286/278/278
f 286/278/278 262/267/267 285/279/279
f 285/279/279 262/267/267 284/280/280
f 284/280/280 262/267/267 283/281/281
f 283/281/281 262/267/267 282/282/282
f 282/282/282 262/267/267 281/283/283
f 281/283/283 262/267/267 280/284/284
f 280/284/284 262/267/267 279/285/285
f 279/285/285 262/267/267 278/286/286
f 278/286/286 262/267/267 277/287/287
f 277/287/287 262/267/267 263/288/288
f 277/287/287 263/288/288 276/289/289
f 276/289/289 263/288/288 264/290/290
f 276/289/289 264/290/290 275/291/291
f 275/291/291 264/290/290 265/292/292
f 275/291/291 265/292/292 274/293/293
f 274/293/293 265/292/292 266/294/294
f 274/293/293 266/294/294 273/295/295
f 273/295/295 266/294/294 267/296/296
f 273/295/295 267/296/296 272/297/297
f 272/297/297 267/296/296 268/298/298
f 272/297/297 268/298/298 271/299/299
f 271/299/299 268/298/298 269/300/300
f 271/299/299 269/300/300 270/301/301
f 302/302/302 303/303/303 344/304/304
f 344/304/304 303/303/303 343/305/305
f 343/305/305 303/303/303 304/306/306
f 343/305/305 304/306/306 342/307/307
f 342/307/307 304/306/306 341/308/308
f 341/308/308 304/306/306 340/309/309
f 340/309/309 304/306/306 305/310/310
f 340/309/309 305/310/310 339/311/311
f 339/311/311 305/310/310 338/312/312
f 338/312/312 305/310/310 337/313/313
f 337/313/313 305/310/310 336/314/314
f 336/314/314 305/310/310 335/315/315
f 335/315/315 305/310/310 334/316/316
f 334/316/316 305/310/310 333/317/317
f 333/317/317 305/310/310 332/318/318
f 332/318/318 305/310/310 331/319/319
f 331/319/319 305/310/310 330/320/320
f 330/320/320 305/310/310 329/321/321
f 329/321/321 305/310/310 328/322/322
f 328/322/322 305/310/310 327/323/323
f 327/323/323 305/310/310 326/324/324
f 326/324/324 305/310/310 325/325/325
f 325/325/325 305/310/310 324/326/326
f 324/326/326 305/310/310 323/327/327
f 323/327/327 305/310/310 322/328/328
f 322/328/328 305/310/310 321/329/329
f 321/329/329 305/310/310 320/330/330
f 320/330/330 305/310/310 306/331/331
f 320/330/330 306/331/331 319/332/332
f 319/332/332 306/331/331 307/333/333
f 319/332/332 307/333/333 318/334/334
f 318/334/334 307/333/333 308/335/335
f 318/334/334 308/335/335 317/336/336
f 317/336/336 308/335/335 309/337/337
f 317/336/336 309/337/337 316/338/338
f 316/338/338 309/337/337 310/339/339
f 316/338/338 310/339/339 315/340/340
f 315/340/340 310/339/339 311/341/341
f 315/340/340 311/341/341 314/342/342
f 314/342/342 311/341/341 312/343/343
f 314/342/342 312/343/343 313/344/344
f 345/345/345 346/346/346 387/347/347
f 387/347/347 346/346/346 386/348/348
f 386/348/348 346/346/346 347/349/349
f 386/348/348 347/349/349 385/350/350
f 385/350/350 347/349/349 384/351/351
f 384/351/351 347/349/349 383/352/352
f 383/352/352 347/349/349 348/353/353
f 383/352/352 348/353/353 382/354/354
f 382/354/354 348/353/353 381/355/355
f 381/355/355 348/353/353 380/356/356
f 380/356/356 348/353/353 379/357/357
f 379/357/357 348/353/353 378/358/358
f 378/358/358 348/353/353 377/359/359
f 377/359/359 348/353/353 376/360/360
f 376/360/360 348/353/353 375/361/361
f 375/361/361 348/353/353 374/362/362
f 374/362/362 348/353/353 373/363/363
f 373/363/363 348/353/353 372/364/364
f 372/364/364 348/353/353 371/365/365
f 371/365/365 348/353/353 370/366/366
f 370/366/366 348/353/353 369/367/367
f 369/367/367 348/353/353 368/368/368
f 368/368/368 348/353/353 367/369/369
f 367/369/369 348/353/353 366/370/370
f 366/370/370 348/353/353 365/371/371
f 365/371/371 348/353/353 364/372/372
f 364/372/372 348/353/353 363/373/373
f 363/373/373 348/353/353 349/374/374
f 363/373/373 349/374/374 362/375/375
f 362/375/375 349/374/374 350/376/376
f 362/375/375 350/376/376 361/377/377
f 361/377/377 350/376/376 351/378/378
f 361/377/377 351/378/378 360/379/379
f 360/379/379 351/378/378 352/380/380
f 360/379/379 352/380/380 359/381/381
f 359/381/381 352/380/380 353/382/382
f 359/381/381 353/382/382 358/383/383
f 358/383/383 353/382/382 354/384/384
f 358/383/383 354/384/384 357/385/385
f 357/385/385 354/384/384 355/386/386
f 357/385/385 355/386/386 356/387/387
f 388/388/388 389/389/389 430/390/390
f 430/390/390 389/389/389 429/391/391
f 429/391/391 389/389/389 390/392/392
f 429/391/391 390/392/392 428/393/393
f 428/393/393 390/392/392 427/394/394
f 427/394/394 390/392/392 426/395/395
f 426/395/395 390/392/392 391/396/396
f 426/395/395 391/396/396 425/397/397
f 425/397/397 391/396/396 424/398/398
f 424/398/398 391/396/396 423/399/399
f 423/399/399 391/396/396 422/400/400
f 422/400/400 391/396/396 421/401/401
f 421/401/401 391/396/396 420/402/402
f 420/402/402 391/396/396 419/403/403
f 419/403/403 391/396/396 418/404/404
f 418/404/404 391/396/396 417/405/405
f 417/405/405 391/396/396 416/406/406
f 416/406/406 391/396/396 415/407/407
f 415/407/407 391/396/396 414/408/408
f 414/408/408 391/396/396 413/409/409
f 413/409/409 391/396/396 412/410/410
f 412/410/410 391/396/396 411/411/411
f 411/411/411 391/396/396 410/412/412
f 410/412/412 391/396/396 409/413/413
f 409/413/413 391/396/396 408/414/414
f 408/414/414 391/396/396 407/415/415
f 407/415/415 391/396/396 406/416/416
f 406/416/416 391/396/396 392/417/417
f 406/416/416 392/417/417 405/418/418
f 405/418/418 392/417/417 393/419/419
f 405/418/418 393/419/419 404/420/420
f 404/420/420 393/419/419 394/421/421
f 404/420/420 394/421/421 403/422/422
f 403/422/422 394/421/421 395/423/423
f 403/422/422 395/423/423 402/424/424
f 402/424/424 395/423/423 396/425/425
f 402/424/424 396/425/425 401/426/426
f 401/426/426 396/425/425 397/427/427
f 401/426/426 397/427/427 400/428/428
f 400/428/428 397/427/427 398/429/429
f 400/428/428 398/429/429 399/430/430
f 431/431/431 432/432/432 473/433/433
f 473/433/433 432/432/432 472/434/434
f 472/434/434 432/432/432 433/435/435
f 472/434/434 433/435/435 471/436/436
f 471/436/436 433/435/435 470/437/437
f 470/437/437 433/435/435 469/438/438
f 469/438/438 433/435/435 434/439/439
f 469/438/438 434/439/439 468/440/440
f 468/440/440 434/439/439 467/441/441
f 467/441/441 434/439/439 466/442/442
f 466/442/442 434/439/439 465/443/443
f 465/443/443 434/439/439 464/444/444
f 464/444/444 434/439/439 463/445/445
f 463/445/445 434/439/439 462/446/446
f 462/446/446 434/439/439 461/447/447
f 461/447/447 434/439/439 460/448/448
f 460/448/448 434/439/439 459/449/449
f 459/449/449 434/439/439 458/450/450
f 458/450/450 434/439/439 457/451/451
f 457/451/451 434/439/439 456/452/452
f 456/452/452 434/439/439 455/453/453
f 455/453/453 434/439/439 454/454/454
f 454/454/454 434/439/439 453/455/455
f 453/455/455 434/439/439 452/456/456
f 452/456/456 434/439/439 451/457/457
f 451/457/457 434/439/439 450/458/458
f 450/458/458 434/439/439 449/459/459
f 449/459/459 434/439/439 435/460/460
f 449/459/459 435/460/460 448/461/461
f 448/461/461 435/460/460 436/462/462
f 448/461/461 436/462/462 447/463/463
f 447/463/463 436/462/462 437/464/464
f 447/463/463 437/464/464 446/465/465
f 446/465/465 437/464/464 438/466/466
f 446/465/465 438/466/466 445/467/467
f 445/467/467 438/466/466 439/468/468
f 445/467/467 439/468/468 444/469/469
f 444/469/469 439/468/468 440/470/470
f 444/469/469 440/470/470 443/471/471
f 443/471/471 440/470/470 441/472/472
f 443/471/471 441/472/472 442/473/473
f 474/474/474 475/475/475 516/476/476
f 516/476/476 475/475/475 515/477/477
f 515/477/477 475/475/475 476/478/478
f 515/477/477 476/478/478 514/479/479
f 514/479/479 476/478/478 513/480/480
f 513/480/480 476/478/478 512/481/481
f 512/481/481 476/478/478 477/482/482
f 512/481/481 477/482/482 511/483/483
f 511/483/483 477/482/482 510/484/484
f 510/484/484 477/482/482 509/485/485
f 509/485/485 477/482/482 508/486/486
f 508/486/486 477/482/482 507/487/487
f 507/487/487 477/482/482 506/488/488
f 506/488/488 477/482/482 505/489/489
f 505/489/489 477/482/482 504/490/490
f 504/490/490 477/482/482 503/491/491
f 503/491/491 477/482/482 502/492/492
f 502/492/492 477/482/482 501/493/493
f 501/493/493 477/482/482 500/494/494
f 500/494/494 477/482/482 499/495/495
f 499/495/495 477/482/482 498/496/496
f 498/496/496 477/482/482 497/497/497
f 497/497/497 477/482/482 496/498/498
f 496/498/498 477/482/482 495/499/499
f 495/499/499 477/482/482 494/500/500
f 494/500/500 477/482/482 493/501/501
f 493/501/501 477/482/482 492/502/502
f 492/502/502 477/482/482 478/503/503
f 492/502/502 478/503/503 491/504/504
f 491/504/504 478/503/503 479/505/505
f 491/504/504 479/505/505 490/506/506
f 490/506/506 479/505/505 480/507/507
f 490/506/506 480/507/507 489/508/508
f 489/508/508 480/507/507 481/509/509
f 489/508/508 481/509/509 488/510/510
f 488/510/510 481/509/509 482/511/511
f 488/510/510 482/511/511 487/512/512
f 487/512/512 482/511/511 483/513/513
f 487/512/512 483/513/513 486/514/514
f 486/514/514 483/513/513 484/515/515
f 486/514/514 484/515/515 485/516/516
f 517/517/517 518/518/518 559/519/519
f 559/519/519 518/518/518 558/520/520
f 558/520/520 518/518/518 519/521/521
f 558/520/520 519/521/521 557/522/522
f 557/522/522 519/521/521 556/523/523
f 556/523/523 519/521/521 555/524/524
f 555/524/524 519/521/521 520/525/525
f 555/524/524 520/525/525 554/526/526
f 554/526/526 520/525/525 553/527/527
f 553/527/527 520/525/525 552/528/528
f 552/528/528 520/525/525 551/529/529
f 551/529/529 520/525/525 550/530/530
f 550/530/530 520/525/525 549/531/531
f 549/531/531 520/525/525 548/532/532
f 548/532/532 520/525/525 547/533/533
f 547/533/533 520/525/525 546/534/534
f 546/534/534 520/525/525 545/535/535
f 545/535/535 520/525/525 544/536/536
f 544/536/536 520/525/525 543/537/537
f 543/537/537 520/525/525 542/538/538
f 542/538/538 520/525/525 541/539/539
f 541/539/539 520/525/525 540/540/540
f 540/540/540 520/525/525 539/541/541
f 539/541/541 520/525/525 538/542/542
f 538/542/542 520/525/525 537/543/543
f 537/543/543 520/525/525 536/544/544
f 536/544/544 520/525/525 535/545/545
f 535/545/545 520/525/525 521/546/546
f 535/545/545 521/546/546 534/547/547
f 534/547/547 521/546/546 522/548/548
f 534/547/547 522/548/548 533/549/549
f 533/549/549 522/548/548 523/550/550
f 533/549/549 523/550/550 532/551/551
f 532/551/551 523/550/550 524/552/552
f 532/551/551 524/552/552 531/553/553
f 531/553/553 524/552/552 525/554/554
f 531/553/553 525/554/554 530/555/555
f 530/555/555 525/554/554 526/556/556
f 530/555/555 526/556/556 529/557/557
f 529/557/557 526/556/556 527/558/558
f 529/557/557 527/558/558 528/559/559
f 561/560/560 645/561/561 560/562/562
f 560/562/562 645/561/561 603/563/563
f 560/564/562 603/565/563 602/566/564
f 602/566/564 603/565/563 604/567/565
f 602/566/564 604/567/565 601/568/566
f 601/568/566 604/567/565 605/569/567
f 601/568/566 605/569/567 600/570/568
f 600/570/568 605/569/567 606/571/569
f 600/570/568 606/571/569 599/572/570
f 599/572/570 606/571/569 607/573/571
f 599/572/570 607/573/571 598/574/572
f 598/574/572 607/573/571 608/575/573
f 598/574/572 608/575/573 597/576/574
f 597/576/574 608/575/573 609/577/575
f 597/576/574 609/577/575 596/578/576
f 596/578/576 609/577/575 610/579/577
f 596/578/576 610/579/577 595/580/578
f 595/580/578 610/579/577 611/581/579
f 595/580/578 611/581/579 594/582/580
f 594/582/580 611/581/579 612/583/581
f 594/582/580 612/583/581 593/584/582
f 593/584/582 612/583/581 613/585/583
f 593/584/582 613/585/583 592/586/584
f 592/586/584 613/585/583 614/587/585
f 592/586/584 614/587/585 591/588/586
f 591/588/586 614/587/585 615/589/587
f 591/588/586 615/589/587 590/590/588
f 590/590/588 615/589/587 616/591/589
f 590/590/588 616/591/589 589/592/590
f 589/592/590 616/591/589 617/593/591
f 589/592/590 617/593/591 588/594/592
f 588/594/592 617/593/591 618/595/593
f 588/594/592 618/595/593 587/596/594
f 587/596/594 618/595/593 619/597/595
f 587/596/594 619/597/595 586/598/596
f 586/598/596 619/597/595 620/599/597
f 586/598/596 620/599/597 585/600/598
f 585/600/598 620/599/597 621/601/599
f 585/600/598 621/601/599 584/602/600
f 584/602/600 621/601/599 622/603/601
f 584/602/600 622/603/601 583/604/602
f 583/604/602 622/603/601 623/605/603
f 583/604/602 623/605/603 582/606/604
f 582/606/604 623/605/603 624/607/605
f 582/606/604 624/607/605 581/608/606
f 581/608/606 624/607/605 625/609/607
f 581/608/606 625/609/607 580/610/608
f 580/610/608 625/609/607 626/611/609
f 580/610/608 626/611/609 579/612/610
f 579/612/610 626/611/609 627/613/611
f 579/612/610 627/613/611 578/614/612
f 578/614/612 627/613/611 628/615/613
f 578/614/612 628/615/613 577/616/614
f 577/616/614 628/615/613 629/617/615
f 577/616/614 629/617/615 576/618/616
f 576/618/616 629/617/615 630/619/617
f 576/618/616 630/619/617 575/620/618
f 575/620/618 630/619/617 631/621/619
f 575/620/618 631/621/619 574/622/620
f 574/622/620 631/621/619 632/623/621
f 574/622/620 632/623/621 573/624/622
f 573/624/622 632/623/621 633/625/623
f 573/624/622 633/625/623 572/626/624
f 572/626/624 633/625/623 634/627/625
f 572/626/624 634/627/625 571/628/626
f 571/628/626 634/627/625 635/629/627
f 571/628/626 635/629/627 570/630/628
f 570/630/628 635/629/627 636/631/629
f 570/630/628 636/631/629 569/632/630
f 569/632/630 636/631/629 637/633/631
f 569/632/630 637/633/631 568/634/632
f 568/634/632 637/633/631 638/635/633
f 568/634/632 638/635/633 567/636/634
f 567/636/634 638/635/633 639/637/635
f 567/636/634 639/637/635 566/638/636
f 566/638/636 639/637/635 640/639/637
f 566/638/636 640/639/637 565/640/638
f 565/640/638 640/639/637 641/641/639
f 565/640/638 641/641/639 564/642/640
f 564/642/640 641/641/639 642/643/641
f 564/642/640 642/643/641 563/644/642
f 563/644/642 642/643/641 643/645/643
f 563/644/642 643/645/643 562/646/644
f 562/646/644 643/645/643 644/647/645
f 562/646/644 644/647/645 561/560/560
f 561/560/560 644/647/645 645/561/561
f 560/648/646 602/649/647 561/650/648
f 561/650/648 602/649/647 562/651/649
f 562/651/649 602/649/647 601/652/650
f 562/651/649 601/652/650 563/653/651
f 563/653/651 601/652/650 564/654/652
f 564/654/652 601/652/650 565/655/653
f 565/655/653 601/652/650 600/656/654
f 565/655/653 600/656/654 566/657/655
f 566/657/655 600/656/654 567/658/656
f 567/658/656 600/656/654 568/659/657
f 568/659/657 600/656/654 569/660/658
f 569/660/658 600/656/654 570/661/659
f 570/661/659 600/656/654 571/662/660
f 571/662/660 600/656/654 572/663/661
f 572/663/661 600/656/654 573/664/662
f 573/664/662 600/656/654 574/665/663
f 574/665/663 600/656/654 575/666/664
f 575/666/664 600/656/654 576/667/665
f 576/667/665 600/656/654 577/668/666
f 577/668/666 600/656/654 578/669/667
f 578/669/667 600/656/654 579/670/668
f 579/670/668 600/656/654 580/671/669
f 580/671/669 600/656/654 581/672/670
f 581/672/670 600/656/654 582/673/671
f 582/673/671 600/656/654 583/674/672
f 583/674/672 600/656/654 584/675/673
f 584/675/673 600/656/654 585/676/674
f 585/676/674 600/656/654 599/677/675
f 585/676/674 599/677/675 586/678/676
f 586/678/676 599/677/675 598/679/677
f 586/678/676 598/679/677 587/680/678
f 587/680/678 598/679/677 597/681/679
f 587/680/678 597/681/679 588/682/680
f 588/682/680 597/681/679 596/683/681
f 588/682/680 596/683/681 589/684/682
f 589/684/682 596/683/681 595/685/683
f 589/684/682 595/685/683 590/686/684
f 590/686/684 595/685/683 594/687/685
f 590/686/684 594/687/685 591/688/686
f 591/688/686 594/687/685 593/689/687
f 591/688/686 593/689/687 592/690/688
f 301/691/689 688/692/690 259/693/691
f 259/693/691 688/692/690 646/694/692
f 259/695/691 646/696/692 260/697/693
f 260/697/693 646/696/692 647/698/694
f 260/697/693 647/698/694 261/699/695
f 261/699/695 647/698/694 648/700/696
f 261/699/695 648/700/696 262/701/697
f 262/701/697 648/700/696 649/702/698
f 262/701/697 649/702/698 263/703/699
f 263/703/699 649/702/698 650/704/700
f 263/703/699 650/704/700 264/705/701
f 264/705/701 650/704/700 651/706/702
f 264/705/701 651/706/702 265/707/703
f 265/707/703 651/706/702 652/708/704
f 265/707/703 652/708/704 266/709/705
f 266/709/705 652/708/704 653/710/706
f 266/709/705 653/710/706 267/711/707
f 267/711/707 653/710/706 654/712/708
f 267/711/707 654/712/708 268/713/709
f 268/713/709 654/712/708 655/714/710
f 268/713/709 655/714/710 269/715/711
f 269/715/711 655/714/710 656/716/712
f 269/715/711 656/716/712 270/717/713
f 270/717/713 656/716/712 657/718/714
f 270/717/713 657/718/714 271/719/715
f 271/719/715 657/718/714 658/720/716
f 271/719/715 658/720/716 272/721/717
f 272/721/717 658/720/716 659/722/718
f 272/721/717 659/722/718 273/723/719
f 273/723/719 659/722/718 660/724/720
f 273/723/719 660/724/720 274/725/721
f 274/725/721 660/724/720 661/726/722
f 274/725/721 661/726/722 275/727/723
f 275/727/723 661/726/722 662/728/724
f 275/727/723 662/728/724 276/729/725
f 276/729/725 662/728/724 663/730/726
f 276/729/725 663/730/726 277/731/727
f 277/731/727 663/730/726 664/732/728
f 277/731/727 664/732/728 278/733/729
f 278/733/729 664/732/728 665/734/730
f 278/733/729 665/734/730 279/735/731
f 279/735/731 665/734/730 666/736/732
f 279/735/731 666/736/732 280/737/733
f 280/737/733 666/736/732 667/738/734
f 280/737/733 667/738/734 281/739/735
f 281/739/735 667/738/734 668/740/736
f 281/739/735 668/740/736 282/741/737
f 282/741/737 668/740/736 669/742/738
f 282/741/737 669/742/738 283/743/739
f 283/743/739 669/742/738 670/744/740
f 283/743/739 670/744/740 284/745/741
f 284/745/741 670/744/740 671/746/742
f 284/745/741 671/746/742 285/747/743
f 285/747/743 671/746/742 672/748/744
f 285/747/743 672/748/744 286/749/745
f 286/749/745 672/748/744 673/750/746
f 286/749/745 673/750/746 287/751/747
f 287/751/747 673/750/746 674/752/748
f 287/751/747 674/752/748 288/753/749
f 288/753/749 674/752/748 675/754/750
f 288/753/749 675/754/750 289/755/751
f 289/755/751 675/754/750 676/756/752
f 289/755/751 676/756/752 290/757/753
f 290/757/753 676/756/752 677/758/754
f 290/757/753 677/758/754 291/759/755
f 291/759/755 677/758/754 678/760/756
f 291/759/755 678/760/756 292/761/757
f 292/761/757 678/760/756 679/762/758
f 292/761/757 679/762/758 293/763/759
f 293/763/759 679/762/758 680/764/760
f 293/763/759 680/764/760 294/765/761
f 294/765/761 680/764/760 681/766/762
f 294/765/761 681/766/762 295/767/763
f 295/767/763 681/766/762 682/768/764
f 295/767/763 682/768/764 296/769/765
f 296/769/765 682/768/764 683/770/766
f 296/769/765 683/770/766 297/771/767
f 297/771/767 683/770/766 684/772/768
f 297/771/767 684/772/768 298/773/769
f 298/773/769 684/772/768 685/774/770
f 298/773/769 685/774/770 299/775/771
f 299/775/771 685/774/770 686/776/772
f 299/775/771 686/776/772 300/777/773
f 300/777/773 686/776/772 687/778/774
f 300/777/773 687/778/774 301/691/689
f 301/691/689 687/778/774 688/692/690
f 690/779/775 774/780/776 689/781/777
f 689/781/777 774/780/776 732/782/778
f 689/783/777 732/784/778 731/785/779
f 731/785/779 732/784/778 733/786/780
f 731/785/779 733/786/780 730/787/781
f 730/787/781 733/786/780 734/788/782
f 730/787/781 734/788/782 729/789/783
f 729/789/783 734/788/782 735/790/784
f 729/789/783 735/790/784 728/791/785
f 728/791/785 735/790/784 736/792/786
f 728/791/785 736/792/786 727/793/787
f 727/793/787 736/792/786 737/794/788
f 727/793/787 737/794/788 726/795/789
f 726/795/789 737/794/788 738/796/790
f 726/795/789 738/796/790 725/797/791
f 725/797/791 738/796/790 739/798/792
f 725/797/791 739/798/792 724/799/793
f 724/799/793 739/798/792 740/800/794
f 724/799/793 740/800/794 723/801/795
f 723/801/795 740/800/794 741/802/796
f 723/801/795 741/802/796 722/803/797
f 722/803/797 741/802/796 742/804/798
f 722/803/797 742/804/798 721/805/799
f 721/805/799 742/804/798 743/806/800
f 721/805/799 743/806/800 720/807/801
f 720/807/801 743/806/800 744/808/802
f 720/807/801 744/808/802 719/809/803
f 719/809/803 744/808/802 745/810/804
f 719/809/803 745/810/804 718/811/805
f 718/811/805 745/810/804 746/812/806
f 718/811/805 746/812/806 717/813/807
f 717/813/807 746/812/806 747/814/808
f 717/813/807 747/814/808 716/815/809
f 716/815/809 747/814/808 748/816/810
f 716/815/809 748/816/810 715/817/811
f 715/817/811 748/816/810 749/818/812
f 715/817/811 749/818/812 714/819/813
f 714/819/813 749/818/812 750/820/814
f 714/819/813 750/820/814 713/821/815
f 713/821/815 750/820/814 751/822/816
f 713/821/815 751/822/816 712/823/817
f 712/823/817 751/822/816 752/824/818
f 712/823/817 752/824/818 711/825/819
f 711/825/819 752/824/818 753/826/820
f 711/825/819 753/826/820 710/827/821
f 710/827/821 753/826/820 754/828/822
f 710/827/821 754/828/822 709/829/823
f 709/829/823 754/828/822 755/830/824
f 709/829/823 755/830/824 708/831/825
f 708/831/825 755/830/824 756/832/826
f 708/831/825 756/832/826 707/833/827
f 707/833/827 756/832/826 757/834/828
f 707/833/827 757/834/828 706/835/829
f 706/835/829 757/834/828 758/836/830
f 706/835/829 758/836/830 705/837/831
f 705/837/831 758/836/830 759/838/832
f 705/837/831 759/838/832 704/839/833
f 704/839/833 759/838/832 760/840/834
f 704/839/833 760/840/834 703/841/835
f 703/841/835 760/840/834 761/842/836
f 703/841/835 761/842/836 702/843/837
f 702/843/837 761/842/836 762/844/838
f 702/843/837 762/844/838 701/845/839
f 701/845/839 762/844/838 763/846/840
f 701/845/839 763/846/840 700/847/841
f 700/847/841 763/846/840 764/848/842
f 700/847/841 764/848/842 699/849/843
f 699/849/843 764/848/842 765/850/844
f 699/849/843 765/850/844 698/851/845
f 698/851/845 765/850/844 766/852/846
f 698/851/845 766/852/846 697/853/847
f 697/853/847 766/852/846 767/854/848
f 697/853/847 767/854/848 696/855/849
f 696/855/849 767/854/848 768/856/850
f 696/855/849 768/856/850 695/857/851
f 695/857/851 768/856/850 769/858/852
f 695/857/851 769/858/852 694/859/853
f 694/859/853 769/858/852 770/860/854
f 694/859/853 770/860/854 693/861/855
f 693/861/855 770/860/854 771/862/856
f 693/861/855 771/862/856 692/863/857
f 692/863/857 771/862/856 772/864/858
f 692/863/857 772/864/858 691/865/859
f 691/865/859 772/864/858 773/866/860
f 691/865/859 773/866/860 690/779/775
f 690/779/775 773/866/860 774/780/776
f 689/867/861 731/868/862 690/869/863
f 690/869/863 731/868/862 691/870/864
f 691/870/864 731/868/862 730/871/865
f 691/870/864 730/871/865 692/872/866
f 692/872/866 730/871/865 693/873/867
f 693/873/867 730/871/865 694/874/868
f 694/874/868 730/871/865 729/875/869
f 694/874/868 729/875/869 695/876/870
f 695/876/870 729/875/869 696/877/871
f 696/877/871 729/875/869 697/878/872
f 697/878/872 729/875/869 698/879/873
f 698/879/873 729/875/869 699/880/874
f 699/880/874 729/875/869 700/881/875
f 700/881/875 729/875/869 701/882/876
f 701/882/876 729/875/869 702/883/877
f 702/883/877 729/875/869 703/884/878
f 703/884/878 729/875/869 704/885/879
f 704/885/879 729/875/869 705/886/880
f 705/886/880 729/875/869 706/887/881
f 706/887/881 729/875/869 707/888/882
f 707/888/882 729/875/869 708/889/883
f 708/889/883 729/875/869 709/890/884
f 709/890/884 729/875/869 710/891/885
f 710/891/885 729/875/869 711/892/886
f 711/892/886 729/875/869 712/893/887
f 712/893/887 729/875/869 713/894/888
f 713/894/888 729/875/869 714/895/889
f 714/895/889 729/875/869 728/896/890
f 714/895/889 728/896/890 715/897/891
f 715/897/891 728/896/890 727/898/892
f 715/897/891 727/898/892 716/899/893
f 716/899/893 727/898/892 726/900/894
f 716/899/893 726/900/894 717/901/895
f 717/901/895 726/900/894 725/902/896
f 717/901/895 725/902/896 718/903/897
f 718/903/897 725/902/896 724/904/898
f 718/903/897 724/904/898 719/905/899
f 719/905/899 724/904/898 723/906/900
f 719/905/899 723/906/900 720/907/901
f 720/907/901 723/906/900 722/908/902
f 720/907/901 722/908/902 721/909/903
f 344/910/904 817/911/905 302/912/906
f 302/912/906 817/911/905 775/913/907
f 302/914/906 775/915/907 303/916/908
f 303/916/908 775/915/907 776/917/909
f 303/916/908 776/917/909 304/918/910
f 304/918/910 776/917/909 777/919/911
f 304/918/910 777/919/911 305/920/912
f 305/920/912 777/919/911 778/921/913
f 305/920/912 778/921/913 306/922/914
f 306/922/914 778/921/913 779/923/915
f 306/922/914 779/923/915 307/924/916
f 307/924/916 779/923/915 780/925/917
f 307/924/916 780/925/917 308/926/918
f 308/926/918 780/925/917 781/927/919
f 308/926/918 781/927/919 309/928/920
f 309/928/920 781/927/919 782/929/921
f 309/928/920 782/929/921 310/930/922
f 310/930/922 782/929/921 783/931/923
f 310/930/922 783/931/923 311/932/924
f 311/932/924 783/931/923 784/933/925
f 311/932/924 784/933/925 312/934/926
f 312/934/926 784/933/925 785/935/927
f 312/934/926 785/935/927 313/936/928
f 313/936/928 785/935/927 786/937/929
f 313/936/928 786/937/929 314/938/930
f 314/938/930 786/937/929 787/939/931
f 314/938/930 787/939/931 315/940/932
f 315/940/932 787/939/931 788/941/933
f 315/940/932 788/941/933 316/942/934
f 316/942/934 788/941/933 789/943/935
f 316/942/934 789/943/935 317/944/936
f 317/944/936 789/943/935 790/945/937
f 317/944/936 790/945/937 318/946/938
f 318/946/938 790/945/937 791/947/939
f 318/946/938 791/947/939 319/948/940
f 319/948/940 791/947/939 792/949/941
f 319/948/940 792/949/941 320/950/942
f 320/950/942 792/949/941 793/951/943
f 320/950/942 793/951/943 321/952/944
f 321/952/944 793/951/943 794/953/945
f 321/952/944 794/953/945 322/954/946
f 322/954/946 794/953/945 795/955/947
f 322/954/946 795/955/947 323/956/948
f 323/956/948 795/955/947 796/957/949
f 323/956/948 796/957/949 324/958/950
f 324/958/950 796/957/949 797/959/951
f 324/958/950 797/959/951 325/960/952
f 325/960/952 797/959/951 798/961/953
f 325/960/952 798/961/953 326/962/954
f 326/962/954 798/961/953 799/963/955
f 326/962/954 799/963/955 327/964/956
f 327/964/956 799/963/955 800/965/957
f 327/964/956 800/965/957 328/966/958
f 328/966/958 800/965/957 801/967/959
f 328/966/958 801/967/959 329/968/960
f 329/968/960 801/967/959 802/969/961
f 329/968/960 802/969/961 330/970/962
f 330/970/962 802/969/961 803/971/963
f 330/970/962 803/971/963 331/972/964
f 331/972/964 803/971/963 804/973/965
f 331/972/964 804/973/965 332/974/966
f 332/974/966 804/973/965 805/975/967
f 332/974/966 805/975/967 333/976/968
f 333/976/968 805/975/967 806/977/969
f 333/976/968 806/977/969 334/978/970
f 334/978/970 806/977/969 807/979/971
f 334/978/970 807/979/971 335/980/972
f 335/980/972 807/979/971 808/981/973
f 335/980/972 808/981/973 336/982/974
f 336/982/974 808/981/973 809/983/975
f 336/982/974 809/983/975 337/984/976
f 337/984/976 809/983/975 810/985/977
f 337/984/976 810/985/977 338/986/978
f 338/986/978 810/985/977 811/987/979
f 338/986/978 811/987/979 339/988/980
f 339/988/980 811/987/979 812/989/981
f 339/988/980 812/989/981 340/990/982
f 340/990/982 812/989/981 813/991/983
f 340/990/982 813/991/983 341/992/984
f 341/992/984 813/991/983 814/993/985
f 341/992/984 814/993/985 342/994/986
f 342/994/986 814/993/985 815/995/987
f 342/994/986 815/995/987 343/996/988
f 343/996/988 815/995/987 816/997/989
f 343/996/988 816/997/989 344/910/904
f 344/910/904 816/997/989 817/911/905
f 430/998/990 860/999/991 388/1000/992
f 388/1000/992 860/999/991 818/1001/993
f 388/1002/992 818/1003/993 389/1004/994
f 389/1004/994 818/1003/993 819/1005/995
f 389/1004/994 819/1005/995 390/1006/996
f 390/1006/996 819/1005/995 820/1007/997
f 390/1006/996 820/1007/997 391/1008/998
f 391/1008/998 820/1007/997 821/1009/999
f 391/1008/998 821/1009/999 392/1010/1000
f 392/1010/1000 821/1009/999 822/1011/1001
f 392/1010/1000 822/1011/1001 393/1012/1002
f 393/1012/1002 822/1011/1001 823/1013/1003
f 393/1012/1002 823/1013/1003 394/1014/1004
f 394/1014/1004 823/1013/1003 824/1015/1005
f 394/1014/1004 824/1015/1005 395/1016/1006
f 395/1016/1006 824/1015/1005 825/1017/1007
f 395/1016/1006 825/1017/1007 396/1018/1008
f 396/1018/1008 825/1017/1007 826/1019/1009
f 396/1018/1008 826/1019/1009 397/1020/1010
f 397/1020/1010 826/1019/1009 827/1021/1011
f 397/1020/1010 827/1021/1011 398/1022/1012
f 398/1022/1012 827/1021/1011 828/1023/1013
f 398/1022/1012 828/1023/1013 399/1024/1014
f 399/1024/1014 828/1023/1013 829/1025/1015
f 399/1024/1014 829/1025/1015 400/1026/1016
f 400/1026/1016 829/1025/1015 830/1027/1017
f 400/1026/1016 830/1027/1017 401/1028/1018
f 401/1028/1018 830/1027/1017 831/1029/1019
f 401/1028/1018 831/1029/1019 402/1030/1020
f 402/1030/1020 831/1029/1019 832/1031/1021
f 402/1030/1020 832/1031/1021 403/1032/1022
f 403/1032/1022 832/1031/1021 833/1033/1023
f 403/1032/1022 833/1033/1023 404/1034/1024
f 404/1034/1024 833/1033/1023 834/1035/1025
f 404/1034/1024 834/1035/1025 405/1036/1026
f 405/1036/1026 834/1035/1025 835/1037/1027
f 405/1036/1026 835/1037/1027 406/1038/1028
f 406/1038/1028 835/1037/1027 836/1039/1029
f 406/1038/1028 836/1039/1029 407/1040/1030
f 407/1040/1030 836/1039/1029 837/1041/1031
f 407/1040/1030 837/1041/1031 408/1042/1032
f 408/1042/1032 837/1041/1031 838/1043/1033
f 408/1042/1032 838/1043/1033 409/1044/1034
f 409/1044/1034 838/1043/1033 839/1045/1035
f 409/1044/1034 839/1045/1035 410/1046/1036
f 410/1046/1036 839/1045/1035 840/1047/1037
f 410/1046/1036 840/1047/1037 411/1048/1038
f 411/1048/1038 840/1047/1037 841/1049/1039
f 411/1048/1038 841/1049/1039 412/1050/1040
f 412/1050/1040 841/1049/1039 842/1051/1041
f 412/1050/1040 842/1051/1041 413/1052/1042
f 413/1052/1042 842/1051/1041 843/1053/1043
f 413/1052/1042 843/1053/1043 414/1054/1044
f 414/1054/1044 843/1053/1043 844/1055/1045
f 414/1054/1044 844/1055/1045 415/1056/1046
f 415/1056/1046 844/1055/1045 845/1057/1047
f 415/1056/1046 845/1057/1047 416/1058/1048
f 416/1058/1048 845/1057/1047 846/1059/1049
f 416/1058/1048 846/1059/1049 417/1060/1050
f 417/1060/1050 846/1059/1049 847/1061/1051
f 417/1060/1050 847/1061/1051 418/1062/1052
f 418/1062/1052 847/1061/1051 848/1063/1053
f 418/1062/1052 848/1063/1053 419/1064/1054
f 419/1064/1054 848/1063/1053 849/1065/1055
f 419/1064/1054 849/1065/1055 420/1066/1056
f 420/1066/1056 849/1065/1055 850/1067/1057
f 420/1066/1056 850/1067/1057 421/1068/1058
f 421/1068/1058 850/1067/1057 851/1069/1059
f 421/1068/1058 851/1069/1059 422/1070/1060
f 422/1070/1060 851/1069/1059 852/1071/1061
f 422/1070/1060 852/1071/1061 423/1072/1062
f 423/1072/1062 852/1071/1061 853/1073/1063
f 423/1072/1062 853/1073/1063 424/1074/1064
f 424/1074/1064 853/1073/1063 854/1075/1065
f 424/1074/1064 854/1075/1065 425/1076/1066
f 425/1076/1066 854/1075/1065 855/1077/1067
f 425/1076/1066 855/1077/1067 426/1078/1068
f 426/1078/1068 855/1077/1067 856/1079/1069
f 426/1078/1068 856/1079/1069 427/1080/1070
f 427/1080/1070 856/1079/1069 857/1081/1071
f 427/1080/1070 857/1081/1071 428/1082/1072
f 428/1082/1072 857/1081/1071 858/1083/1073
f 428/1082/1072 858/1083/1073 429/1084/1074
f 429/1084/1074 858/1083/1073 859/1085/1075
f 429/1084/1074 859/1085/1075 430/998/990
f 430/998/990 859/1085/1075 860/999/991
f 387/1086/1076 903/1087/1077 345/1088/1078
f 345/1088/1078 903/1087/1077 861/1089/1079
f 345/1090/1078 861/1091/1079 346/1092/1080
f 346/1092/1080 861/1091/1079 862/1093/1081
f 346/1092/1080 862/1093/1081 347/1094/1082
f 347/1094/1082 862/1093/1081 863/1095/1083
f 347/1094/1082 863/1095/1083 348/1096/1084
f 348/1096/1084 863/1095/1083 864/1097/1085
f 348/1096/1084 864/1097/1085 349/1098/1086
f 349/1098/1086 864/1097/1085 865/1099/1087
f 349/1098/1086 865/1099/1087 350/1100/1088
f 350/1100/1088 865/1099/1087 866/1101/1089
f 350/1100/1088 866/1101/1089 351/1102/1090
f 351/1102/1090 866/1101/1089 867/1103/1091
f 351/1102/1090 867/1103/1091 352/1104/1092
f 352/1104/1092 867/1103/1091 868/1105/1093
f 352/1104/1092 868/1105/1093 353/1106/1094
f 353/1106/1094 868/1105/1093 869/1107/1095
f 353/1106/1094 869/1107/1095 354/1108/1096
f 354/1108/1096 869/1107/1095 870/1109/1097
f 354/1108/1096 870/1109/1097 355/1110/1098
f 355/1110/1098 870/1109/1097 871/1111/1099
f 355/1110/1098 871/1111/1099 356/1112/1100
f 356/1112/1100 871/1111/1099 872/1113/1101
f 356/1112/1100 872/1113/1101 357/1114/1102
f 357/1114/1102 872/1113/1101 873/1115/1103
f 357/1114/1102 873/1115/1103 358/1116/1104
f 358/1116/1104 873/1115/1103 874/1117/1105
f 358/1116/1104 874/1117/1105 359/1118/1106
f 359/1118/1106 874/1117/1105 875/1119/1107
f 359/1118/1106 875/1119/1107 360/1120/1108
f 360/1120/1108 875/1119/1107 876/1121/1109
f 360/1120/1108 876/1121/1109 361/1122/1110
f 361/1122/1110 876/1121/1109 877/1123/1111
f 361/1122/1110 877/1123/1111 362/1124/1112
f 362/1124/1112 877/1123/1111 878/1125/1113
f 362/1124/1112 878/1125/1113 363/1126/1114
f 363/1126/1114 878/1125/1113 879/1127/1115
f 363/1126/1114 879/1127/1115 364/1128/1116
f 364/1128/1116 879/1127/1115 880/1129/1117
f 364/1128/1116 880/1129/1117 365/1130/1118
f 365/1130/1118 880/1129/1117 881/1131/1119
f 365/1130/1118 881/1131/1119 366/1132/1120
f 366/1132/1120 881/1131/1119 882/1133/1121
f 366/1132/1120 882/1133/1121 367/1134/1122
f 367/1134/1122 882/1133/1121 883/1135/1123
f 367/1134/1122 883/1135/1123 368/1136/1124
f 368/1136/1124 883/1135/1123 884/1137/1125
f 368/1136/1124 884/1137/1125 369/1138/1126
f 369/1138/1126 884/1137/1125 885/1139/1127
f 369/1138/1126 885/1139/1127 370/1140/1128
f 370/1140/1128 885/1139/1127 886/1141/1129
f 370/1140/1128 886/1141/1129 371/1142/1130
f 371/1142/1130 886/1141/1129 887/1143/1131
f 371/1142/1130 887/1143/1131 372/1144/1132
f 372/1144/1132 887/1143/1131 888/1145/1133
f 372/1144/1132 888/1145/1133 373/1146/1134
f 373/1146/1134 888/1145/1133 889/1147/1135
f 373/1146/1134 889/1147/1135 374/1148/1136
f 374/1148/1136 889/1147/1135 890/1149/1137
f 374/1148/1136 890/1149/1137 375/1150/1138
f 375/1150/1138 890/1149/1137 891/1151/1139
f 375/1150/1138 891/1151/1139 376/1152/1140
f 376/1152/1140 891/1151/1139 892/1153/1141
f 376/1152/1140 892/1153/1141 377/1154/1142
f 377/1154/1142 892/1153/1141 893/1155/1143
f 377/1154/1142 893/1155/1143 378/1156/1144
f 378/1156/1144 893/1155/1143 894/1157/1145
f 378/1156/1144 894/1157/1145 379/1158/1146
f 379/1158/1146 894/1157/1145 895/1159/1147
f 379/1158/1146 895/1159/1147 380/1160/1148
f 380/1160/1148 895/1159/1147 896/1161/1149
f 380/1160/1148 896/1161/1149 381/1162/1150
f 381/1162/1150 896/1161/1149 897/1163/1151
f 381/1162/1150 897/1163/1151 382/1164/1152
f 382/1164/1152 897/1163/1151 898/1165/1153
f 382/1164/1152 898/1165/1153 383/1166/1154
f 383/1166/1154 898/1165/1153 899/1167/1155
f 383/1166/1154 899/1167/1155 384/1168/1156
f 384/1168/1156 899/1167/1155 900/1169/1157
f 384/1168/1156 900/1169/1157 385/1170/1158
f 385/1170/1158 900/1169/1157 901/1171/1159
f 385/1170/1158 901/1171/1159 386/1172/1160
f 386/1172/1160 901/1171/1159 902/1173/1161
f 386/1172/1160 902/1173/1161 387/1086/1076
f 387/1086/1076 902/1173/1161 903/1087/1077
f 516/1174/1162 946/1175/1163 474/1176/1164
f 474/1176/1164 946/1175/1163 904/1177/1165
f 474/1178/1164 904/1179/1165 475/1180/1166
f 475/1180/1166 904/1179/1165 905/1181/1167
f 475/1180/1166 905/1181/1167 476/1182/1168
f 476/1182/1168 905/1181/1167 906/1183/1169
f 476/1182/1168 906/1183/1169 477/1184/1170
f 477/1184/1170 906/1183/1169 907/1185/1171
f 477/1184/1170 907/1185/1171 478/1186/1172
f 478/1186/1172 907/1185/1171 908/1187/1173
f 478/1186/1172 908/1187/1173 479/1188/1174
f 479/1188/1174 908/1187/1173 909/1189/1175
f 479/1188/1174 909/1189/1175 480/1190/1176
f 480/1190/1176 909/1189/1175 910/1191/1177
f 480/1190/1176 910/1191/1177 481/1192/1178
f 481/1192/1178 910/1191/1177 911/1193/1179
f 481/1192/1178 911/1193/1179 482/1194/1180
f 482/1194/1180 911/1193/1179 912/1195/1181
f 482/1194/1180 912/1195/1181 483/1196/1182
f 483/1196/1182 912/1195/1181 913/1197/1183
f 483/1196/1182 913/1197/1183 484/1198/1184
f 484/1198/1184 913/1197/1183 914/1199/1185
f 484/1198/1184 914/1199/1185 485/1200/1186
f 485/1200/1186 914/1199/1185 915/1201/1187
f 485/1200/1186 915/1201/1187 486/1202/1188
f 486/1202/1188 915/1201/1187 916/1203/1189
f 486/1202/1188 916/1203/1189 487/1204/1190
f 487/1204/1190 916/1203/1189 917/1205/1191
f 487/1204/1190 917/1205/1191 488/1206/1192
f 488/1206/1192 917/1205/1191 918/1207/1193
f 488/1206/1192 918/1207/1193 489/1208/1194
f 489/1208/1194 918/1207/1193 919/1209/1195
f 489/1208/1194 919/1209/1195 490/1210/1196
f 490/1210/1196 919/1209/1195 920/1211/1197
f 490/1210/1196 920/1211/1197 491/1212/1198
f 491/1212/1198 920/1211/1197 921/1213/1199
f 491/1212/1198 921/1213/1199 492/1214/1200
f 492/1214/1200 921/1213/1199 922/1215/1201
f 492/1214/1200 922/1215/1201 493/1216/1202
f 493/1216/1202 922/1215/1201 923/1217/1203
f 493/1216/1202 923/1217/1203 494/1218/1204
f 494/1218/1204 923/1217/1203 924/1219/1205
f 494/1218/1204 924/1219/1205 495/1220/1206
f 495/1220/1206 924/1219/1205 925/1221/1207
f 495/1220/1206 925/1221/1207 496/1222/1208
f 496/1222/1208 925/1221/1207 926/1223/1209
f 496/1222/1208 926/1223/1209 497/1224/1210
f 497/1224/1210 926/1223/1209 927/1225/1211
f 497/1224/1210 927/1225/1211 498/1226/1212
f 498/1226/1212 927/1225/1211 928/1227/1213
f 498/1226/1212 928/1227/1213 499/1228/1214
f 499/1228/1214 928/1227/1213 929/1229/1215
f 499/1228/1214 929/1229/1215 500/1230/1216
f 500/1230/1216 929/1229/1215 930/1231/1217
f 500/1230/1216 930/1231/1217 501/1232/1218
f 501/1232/1218 930/1231/1217 931/1233/1219
f 501/1232/1218 931/1233/1219 502/1234/1220
f 502/1234/1220 931/1233/1219 932/1235/1221
f 502/1234/1220 932/1235/1221 503/1236/1222
f 503/1236/1222 932/1235/1221 933/1237/1223
f 503/1236/1222 933/1237/1223 504/1238/1224
f 504/1238/1224 933/1237/1223 934/1239/1225
f 504/1238/1224 934/1239/1225 505/1240/1226
f 505/1240/1226 934/1239/1225 935/1241/1227
f 505/1240/1226 935/1241/1227 506/1242/1228
f 506/1242/1228 935/1241/1227 936/1243/1229
f 506/1242/1228 936/1243/1229 507/1244/1230
f 507/1244/1230 936/1243/1229 937/1245/1231
f 507/1244/1230 937/1245/1231 508/1246/1232
f 508/1246/1232 937/1245/1231 938/1247/1233
f 508/1246/1232 938/1247/1233 509/1248/1234
f 509/1248/1234 938/1247/1233 939/1249/1235
f 509/1248/1234 939/1249/1235 510/1250/1236
f 510/1250/1236 939/1249/1235 940/1251/1237
f 510/1250/1236 940/1251/1237 511/1252/1238
f 511/1252/1238 940/1251/1237 941/1253/1239
f 511/1252/1238 941/1253/1239 512/1254/1240
f 512/1254/1240 941/1253/1239 942/1255/1241
f 512/1254/1240 942/1255/1241 513/1256/1242
f 513/1256/1242 942/1255/1241 943/1257/1243
f 513/1256/1242 943/1257/1243 514/1258/1244
f 514/1258/1244 943/1257/1243 944/1259/1245
f 514/1258/1244 944/1259/1245 515/1260/1246
f 515/1260/1246 944/1259/1245 945/1261/1247
f 515/1260/1246 945/1261/1247 516/1174/1162
f 516/1174/1162 945/1261/1247 946/1175/1163
f 559/1262/1248 989/1263/1249 517/1264/1250
f 517/1264/1250 989/1263/1249 947/1265/1251
f 517/1266/1250 947/1267/1251 518/1268/1252
f 518/1268/1252 947/1267/1251 948/1269/1253
f 518/1268/1252 948/1269/1253 519/1270/1254
f 519/1270/1254 948/1269/1253 949/1271/1255
f 519/1270/1254 949/1271/1255 520/1272/1256
f 520/1272/1256 949/1271/1255 950/1273/1257
f 520/1272/1256 950/1273/1257 521/1274/1258
f 521/1274/1258 950/1273/1257 951/1275/1259
f 521/1274/1258 951/1275/1259 522/1276/1260
f 522/1276/1260 951/1275/1259 952/1277/1261
f 522/1276/1260 952/1277/1261 523/1278/1262
f 523/1278/1262 952/1277/1261 953/1279/1263
f 523/1278/1262 953/1279/1263 524/1280/1264
f 524/1280/1264 953/1279/1263 954/1281/1265
f 524/1280/1264 954/1281/1265 525/1282/1266
f 525/1282/1266 954/1281/1265 955/1283/1267
f 525/1282/1266 955/1283/1267 526/1284/1268
f 526/1284/1268 955/1283/1267 956/1285/1269
f 526/1284/1268 956/1285/1269 527/1286/1270
f 527/1286/1270 956/1285/1269 957/1287/1271
f 527/1286/1270 957/1287/1271 528/1288/1272
f 528/1288/1272 957/1287/1271 958/1289/1273
f 528/1288/1272 958/1289/1273 529/1290/1274
f 529/1290/1274 958/1289/1273 959/1291/1275
f 529/1290/1274 959/1291/1275 530/1292/1276
f 530/1292/1276 959/1291/1275 960/1293/1277
f 530/1292/1276 960/1293/1277 531/1294/1278
f 531/1294/1278 960/1293/1277 961/1295/1279
f 531/1294/1278 961/1295/1279 532/1296/1280
f 532/1296/1280 961/1295/1279 962/1297/1281
f 532/1296/1280 962/1297/1281 533/1298/1282
f 533/1298/1282 962/1297/1281 963/1299/1283
f 533/1298/1282 963/1299/1283 534/1300/1284
f 534/1300/1284 963/1299/1283 964/1301/1285
f 534/1300/1284 964/1301/1285 535/1302/1286
f 535/1302/1286 964/1301/1285 965/1303/1287
f 535/1302/1286 965/1303/1287 536/1304/1288
f 536/1304/1288 965/1303/1287 966/1305/1289
f 536/1304/1288 966/1305/1289 537/1306/1290
f 537/1306/1290 966/1305/1289 967/1307/1291
f 537/1306/1290 967/1307/1291 538/1308/1292
f 538/1308/1292 967/1307/1291 968/1309/1293
f 538/1308/1292 968/1309/1293 539/1310/1294
f 539/1310/1294 968/1309/1293 969/1311/1295
f 539/1310/1294 969/1311/1295 540/1312/1296
f 540/1312/1296 969/1311/1295 970/1313/1297
f 540/1312/1296 970/1313/1297 541/1314/1298
f 541/1314/1298 970/1313/1297 971/1315/1299
f 541/1314/1298 971/1315/1299 542/1316/1300
f 542/1316/1300 971/1315/1299 972/1317/1301
f 542/1316/1300 972/1317/1301 543/1318/1302
f 543/1318/1302 972/1317/1301 973/1319/1303
f 543/1318/1302 973/1319/1303 544/1320/1304
f 544/1320/1304 973/1319/1303 974/1321/1305
f 544/1320/1304 974/1321/1305 545/1322/1306
f 545/1322/1306 974/1321/1305 975/1323/1307
f 545/1322/1306 975/1323/1307 546/1324/1308
f 546/1324/1308 975/1323/1307 976/1325/1309
f 546/1324/1308 976/1325/1309 547/1326/1310
f 547/1326/1310 976/1325/1309 977/1327/1311
f 547/1326/1310 977/1327/1311 548/1328/1312
f 548/1328/1312 977/1327/1311 978/1329/1313
f 548/1328/1312 978/1329/1313 549/1330/1314
f 549/1330/1314 978/1329/1313 979/1331/1315
f 549/1330/1314 979/1331/1315 550/1332/1316
f 550/1332/1316 979/1331/1315 980/1333/1317
f 550/1332/1316 980/1333/1317 551/1334/1318
f 551/1334/1318 980/1333/1317 981/1335/1319
f 551/1334/1318 981/1335/1319 552/1336/1320
f 552/1336/1320 981/1335/1319 982/1337/1321
f 552/1336/1320 982/1337/1321 553/1338/1322
f 553/1338/1322 982/1337/1321 983/1339/1323
f 553/1338/1322 983/1339/1323 554/1340/1324
f 554/1340/1324 983/1339/1323 984/1341/1325
f 554/1340/1324 984/1341/1325 555/1342/1326
f 555/1342/1326 984/1341/1325 985/1343/1327
f 555/1342/1326 985/1343/1327 556/1344/1328
f 556/1344/1328 985/1343/1327 986/1345/1329
f 556/1344/1328 986/1345/1329 557/1346/1330
f 557/1346/1330 986/1345/1329 987/1347/1331
f 557/1346/1330 987/1347/1331 558/1348/1332
f 558/1348/1332 987/1347/1331 988/1349/1333
f 558/1348/1332 988/1349/1333 559/1262/1248
f 559/1262/1248 988/1349/1333 989/1263/1249
f 473/1350/1334 1032/1351/1335 431/1352/1336
f 431/1352/1336 1032/1351/1335 990/1353/1337
f 431/1354/1336 990/1355/1337 432/1356/1338
f 432/1356/1338 990/1355/1337 991/1357/1339
f 432/1356/1338 991/1357/1339 433/1358/1340
f 433/1358/1340 991/1357/1339 992/1359/1341
f 433/1358/1340 992/1359/1341 434/1360/1342
f 434/1360/1342 992/1359/1341 993/1361/1343
f 434/1360/1342 993/1361/1343 435/1362/1344
f 435/1362/1344 993/1361/1343 994/1363/1345
f 435/1362/1344 994/1363/1345 436/1364/1346
f 436/1364/1346 994/1363/1345 995/1365/1347
f 436/1364/1346 995/1365/1347 437/1366/1348
f 437/1366/1348 995/1365/1347 996/1367/1349
f 437/1366/1348 996/1367/1349 438/1368/1350
f 438/1368/1350 996/1367/1349 997/1369/1351
f 438/1368/1350 997/1369/1351 439/1370/1352
f 439/1370/1352 997/1369/1351 998/1371/1353
f 439/1370/1352 998/1371/1353 440/1372/1354
f 440/1372/1354 998/1371/1353 999/1373/1355
f 440/1372/1354 999/1373/1355 441/1374/1356
f 441/1374/1356 999/1373/1355 1000/1375/1357
f 441/1374/1356 1000/1375/1357 442/1376/1358
f 442/1376/1358 1000/1375/1357 1001/1377/1359
f 442/1376/1358 1001/1377/1359 443/1378/1360
f 443/1378/1360 1001/1377/1359 1002/1379/1361
f 443/1378/1360 1002/1379/1361 444/1380/1362
f 444/1380/1362 1002/1379/1361 1003/1381/1363
f 444/1380/1362 1003/1381/1363 445/1382/1364
f 445/1382/1364 1003/1381/1363 1004/1383/1365
f 445/1382/1364 1004/1383/1365 446/1384/1366
f 446/1384/1366 1004/1383/1365 1005/1385/1367
f 446/1384/1366 1005/1385/1367 447/1386/1368
f 447/1386/1368 1005/1385/1367 1006/1387/1369
f 447/1386/1368 1006/1387/1369 448/1388/1370
f 448/1388/1370 1006/1387/1369 1007/1389/1371
f 448/1388/1370 1007/1389/1371 449/1390/1372
f 449/1390/1372 1007/1389/1371 1008/1391/1373
f 449/1390/1372 1008/1391/1373 450/1392/1374
f 450/1392/1374 1008/1391/1373 1009/1393/1375
f 450/1392/1374 1009/1393/1375 451/1394/1376
f 451/1394/1376 1009/1393/1375 1010/1395/1377
f 451/1394/1376 1010/1395/1377 452/1396/1378
f 452/1396/1378 1010/1395/1377 1011/1397/1379
f 452/1396/1378 1011/1397/1379 453/1398/1380
f 453/1398/1380 1011/1397/1379 1012/1399/1381
f 453/1398/1380 1012/1399/1381 454/1400/1382
f 454/1400/1382 1012/1399/1381 1013/1401/1383
f 454/1400/1382 1013/1401/1383 455/1402/1384
f 455/1402/1384 1013/1401/1383 1014/1403/1385
f 455/1402/1384 1014/1403/1385 456/1404/1386
f 456/1404/1386 1014/1403/1385 1015/1405/1387
f 456/1404/1386 1015/1405/1387 457/1406/1388
f 457/1406/1388 1015/1405/1387 1016/1407/1389
f 457/1406/1388 1016/1407/1389 458/1408/1390
f 458/1408/1390 1016/1407/1389 1017/1409/1391
f 458/1408/1390 1017/1409/1391 459/1410/1392
f 459/1410/1392 1017/1409/1391 1018/1411/1393
f 459/1410/1392 1018/1411/1393 460/1412/1394
f 460/1412/1394 1018/1411/1393 1019/1413/1395
f 460/1412/1394 1019/1413/1395 461/1414/1396
f 461/1414/1396 1019/1413/1395 1020/1415/1397
f 461/1414/1396 1020/1415/1397 462/1416/1398
f 462/1416/1398 1020/1415/1397 1021/1417/1399
f 462/1416/1398 1021/1417/1399 463/1418/1400
f 463/1418/1400 1021/1417/1399 1022/1419/1401
f 463/1418/1400 1022/1419/1401 464/1420/1402
f 464/1420/1402 1022/1419/1401 1023/1421/1403
f 464/1420/1402 1023/1421/1403 465/1422/1404
f 465/1422/1404 1023/1421/1403 1024/1423/1405
f 465/1422/1404 1024/1423/1405 466/1424/1406
f 466/1424/1406 1024/1423/1405 1025/1425/1407
f 466/1424/1406 1025/1425/1407 467/1426/1408
f 467/1426/1408 1025/1425/1407 1026/1427/1409
f 467/1426/1408 1026/1427/1409 468/1428/1410
f 468/1428/1410 1026/1427/1409 1027/1429/1411
f 468/1428/1410 1027/1429/1411 469/1430/1412
f 469/1430/1412 1027/1429/1411 1028/1431/1413
f 469/1430/1412 1028/1431/1413 470/1432/1414
f 470/1432/1414 1028/1431/1413 1029/1433/1415
f 470/1432/1414 1029/1433/1415 471/1434/1416
f 471/1434/1416 1029/1433/1415 1030/1435/1417
f 471/1434/1416 1030/1435/1417 472/1436/1418
f 472/1436/1418 1030/1435/1417 1031/1437/1419
f 472/1436/1418 1031/1437/1419 473/1350/1334
f 473/1350/1334 1031/1437/1419 1032/1351/1335
f 258/1438/1420 1075/1439/1421 216/1440/1422
f 216/1440/1422 1075/1439/1421 1033/1441/1423
f 216/1442/1422 1033/1443/1423 217/1444/1424
f 217/1444/1424 1033/1443/1423 1034/1445/1425
f 217/1444/1424 1034/1445/1425 218/1446/1426
f 218/1446/1426 1034/1445/1425 1035/1447/1427
f 218/1446/1426 1035/1447/1427 219/1448/1428
f 219/1448/1428 1035/1447/1427 1036/1449/1429
f 219/1448/1428 1036/1449/1429 220/1450/1430
f 220/1450/1430 1036/1449/1429 1037/1451/1431
f 220/1450/1430 1037/1451/1431 221/1452/1432
f 221/1452/1432 1037/1451/1431 1038/1453/1433
f 221/1452/1432 1038/1453/1433 222/1454/1434
f 222/1454/1434 1038/1453/1433 1039/1455/1435
f 222/1454/1434 1039/1455/1435 223/1456/1436
f 223/1456/1436 1039/1455/1435 1040/1457/1437
f 223/1456/1436 1040/1457/1437 224/1458/1438
f 224/1458/1438 1040/1457/1437 1041/1459/1439
f 224/1458/1438 1041/1459/1439 225/1460/1440
f 225/1460/1440 1041/1459/1439 1042/1461/1441
f 225/1460/1440 1042/1461/1441 226/1462/1442
f 226/1462/1442 1042/1461/1441 1043/1463/1443
f 226/1462/1442 1043/1463/1443 227/1464/1444
f 227/1464/1444 1043/1463/1443 1044/1465/1445
f 227/1464/1444 1044/1465/1445 228/1466/1446
f 228/1466/1446 1044/1465/1445 1045/1467/1447
f 228/1466/1446 1045/1467/1447 229/1468/1448
f 229/1468/1448 1045/1467/1447 1046/1469/1449
f 229/1468/1448 1046/1469/1449 230/1470/1450
f 230/1470/1450 1046/1469/1449 1047/1471/1451
f 230/1470/1450 1047/1471/1451 231/1472/1452
f 231/1472/1452 1047/1471/1451 1048/1473/1453
f 231/1472/1452 1048/1473/1453 232/1474/1454
f 232/1474/1454 1048/1473/1453 1049/1475/1455
f 232/1474/1454 1049/1475/1455 233/1476/1456
f 233/1476/1456 1049/1475/1455 1050/1477/1457
f 233/1476/1456 1050/1477/1457 234/1478/1458
f 234/1478/1458 1050/1477/1457 1051/1479/1459
f 234/1478/1458 1051/1479/1459 235/1480/1460
f 235/1480/1460 1051/1479/1459 1052/1481/1461
f 235/1480/1460 1052/1481/1461 236/1482/1462
f 236/1482/1462 1052/1481/1461 1053/1483/1463
f 236/1482/1462 1053/1483/1463 237/1484/1464
f 237/1484/1464 1053/1483/1463 1054/1485/1465
f 237/1484/1464 1054/1485/1465 238/1486/1466
f 238/1486/1466 1054/1485/1465 1055/1487/1467
f 238/1486/1466 1055/1487/1467 239/1488/1468
f 239/1488/1468 1055/1487/1467 1056/1489/1469
f 239/1488/1468 1056/1489/1469 240/1490/1470
f 240/1490/1470 1056/1489/1469 1057/1491/1471
f 240/1490/1470 1057/1491/1471 241/1492/1472
f 241/1492/1472 1057/1491/1471 1058/1493/1473
f 241/1492/1472 1058/1493/1473 242/1494/1474
f 242/1494/1474 1058/1493/1473 1059/1495/1475
f 242/1494/1474 1059/1495/1475 243/1496/1476
f 243/1496/1476 1059/1495/1475 1060/1497/1477
f 243/1496/1476 1060/1497/1477 244/1498/1478
f 244/1498/1478 1060/1497/1477 1061/1499/1479
f 244/1498/1478 1061/1499/1479 245/1500/1480
f 245/1500/1480 1061/1499/1479 1062/1501/1481
f 245/1500/1480 1062/1501/1481 246/1502/1482
f 246/1502/1482 1062/1501/1481 1063/1503/1483
f 246/1502/1482 1063/1503/1483 247/1504/1484
f 247/1504/1484 1063/1503/1483 1064/1505/1485
f 247/1504/1484 1064/1505/1485 248/1506/1486
f 248/1506/1486 1064/1505/1485 1065/1507/1487
f 248/1506/1486 1065/1507/1487 249/1508/1488
f 249/1508/1488 1065/1507/1487 1066/1509/1489
f 249/1508/1488 1066/1509/1489 250/1510/1490
f 250/1510/1490 1066/1509/1489 1067/1511/1491
f 250/1510/1490 1067/1511/1491 251/1512/1492
f 251/1512/1492 1067/1511/1491 1068/1513/1493
f 251/1512/1492 1068/1513/1493 252/1514/1494
f 252/1514/1494 1068/1513/1493 1069/1515/1495
f 252/1514/1494 1069/1515/1495 253/1516/1496
f 253/1516/1496 1069/1515/1495 1070/1517/1497
f 253/1516/1496 1070/1517/1497 254/1518/1498
f 254/1518/1498 1070/1517/1497 1071/1519/1499
f 254/1518/1498 1071/1519/1499 255/1520/1500
f 255/1520/1500 1071/1519/1499 1072/1521/1501
f 255/1520/1500 1072/1521/1501 256/1522/1502
f 256/1522/1502 1072/1521/1501 1073/1523/1503
f 256/1522/1502 1073/1523/1503 257/1524/1504
f 257/1524/1504 1073/1523/1503 1074/1525/1505
f 257/1524/1504 1074/1525/1505 258/1438/1420
f 258/1438/1420 1074/1525/1505 1075/1439/1421
f 215/1526/1506 1118/1527/1507 173/1528/1508
f 173/1528/1508 1118/1527/1507 1076/1529/1509
f 173/1530/1508 1076/1531/1509 174/1532/1510
f 174/1532/1510 1076/1531/1509 1077/1533/1511
f 174/1532/1510 1077/1533/1511 175/1534/1512
f 175/1534/1512 1077/1533/1511 1078/1535/1513
f 175/1534/1512 1078/1535/1513 176/1536/1514
f 176/1536/1514 1078/1535/1513 1079/1537/1515
f 176/1536/1514 1079/1537/1515 177/1538/1516
f 177/1538/1516 1079/1537/1515 1080/1539/1517
f 177/1538/1516 1080/1539/1517 178/1540/1518
f 178/1540/1518 1080/1539/1517 1081/1541/1519
f 178/1540/1518 1081/1541/1519 179/1542/1520
f 179/1542/1520 1081/1541/1519 1082/1543/1521
f 179/1542/1520 1082/1543/1521 180/1544/1522
f 180/1544/1522 1082/1543/1521 1083/1545/1523
f 180/1544/1522 1083/1545/1523 181/1546/1524
f 181/1546/1524 1083/1545/1523 1084/1547/1525
f 181/1546/1524 1084/1547/1525 182/1548/1526
f 182/1548/1526 1084/1547/1525 1085/1549/1527
f 182/1548/1526 1085/1549/1527 183/1550/1528
f 183/1550/1528 1085/1549/1527 1086/1551/1529
f 183/1550/1528 1086/1551/1529 184/1552/1530
f 184/1552/1530 1086/1551/1529 1087/1553/1531
f 184/1552/1530 1087/1553/1531 185/1554/1532
f 185/1554/1532 1087/1553/1531 1088/1555/1533
f 185/1554/1532 1088/1555/1533 186/1556/1534
f 186/1556/1534 1088/1555/1533 1089/1557/1535
f 186/1556/1534 1089/1557/1535 187/1558/1536
f 187/1558/1536 1089/1557/1535 1090/1559/1537
f 187/1558/1536 1090/1559/1537 188/1560/1538
f 188/1560/1538 1090/1559/1537 1091/1561/1539
f 188/1560/1538 1091/1561/1539 189/1562/1540
f 189/1562/1540 1091/1561/1539 1092/1563/1541
f 189/1562/1540 1092/1563/1541 190/1564/1542
f 190/1564/1542 1092/1563/1541 1093/1565/1543
f 190/1564/1542 1093/1565/1543 191/1566/1544
f 191/1566/1544 1093/1565/1543 1094/1567/1545
f 191/1566/1544 1094/1567/1545 192/1568/1546
f 192/1568/1546 1094/1567/1545 1095/1569/1547
f 192/1568/1546 1095/1569/1547 193/1570/1548
f 193/1570/1548 1095/1569/1547 1096/1571/1549
f 193/1570/1548 1096/1571/1549 194/1572/1550
f 194/1572/1550 1096/1571/1549 1097/1573/1551
f 194/1572/1550 1097/1573/1551 195/1574/1552
f 195/1574/1552 1097/1573/1551 1098/1575/1553
f 195/1574/1552 1098/1575/1553 196/1576/1554
f 196/1576/1554 1098/1575/1553 1099/1577/1555
f 196/1576/1554 1099/1577/1555 197/1578/1556
f 197/1578/1556 1099/1577/1555 1100/1579/1557
f 197/1578/1556 1100/1579/1557 198/1580/1558
f 198/1580/1558 1100/1579/1557 1101/1581/1559
f 198/1580/1558 1101/1581/1559 199/1582/1560
f 199/1582/1560 1101/1581/1559 1102/1583/1561
f 199/1582/1560 1102/1583/1561 200/1584/1562
f 200/1584/1562 1102/1583/1561 1103/1585/1563
f 200/1584/1562 1103/1585/1563 201/1586/1564
f 201/1586/1564 1103/1585/1563 1104/1587/1565
f 201/1586/1564 1104/1587/1565 202/1588/1566
f 202/1588/1566 1104/1587/1565 1105/1589/1567
f 202/1588/1566 1105/1589/1567 203/1590/1568
f 203/1590/1568 1105/1589/1567 1106/1591/1569
f 203/1590/1568 1106/1591/1569 204/1592/1570
f 204/1592/1570 1106/1591/1569 1107/1593/1571
f 204/1592/1570 1107/1593/1571 205/1594/1572
f 205/1594/1572 1107/1593/1571 1108/1595/1573
f 205/1594/1572 1108/1595/1573 206/1596/1574
f 206/1596/1574 1108/1595/1573 1109/1597/1575
f 206/1596/1574 1109/1597/1575 207/1598/1576
f 207/1598/1576 1109/1597/1575 1110/1599/1577
f 207/1598/1576 1110/1599/1577 208/1600/1578
f 208/1600/1578 1110/1599/1577 1111/1601/1579
f 208/1600/1578 1111/1601/1579 209/1602/1580
f 209/1602/1580 1111/1601/1579 1112/1603/1581
f 209/1602/1580 1112/1603/1581 210/1604/1582
f 210/1604/1582 1112/1603/1581 1113/1605/1583
f 210/1604/1582 1113/1605/1583 211/1606/1584
f 211/1606/1584 1113/1605/1583 1114/1607/1585
f 211/1606/1584 1114/1607/1585 212/1608/1586
f 212/1608/1586 1114/1607/1585 1115/1609/1587
f 212/1608/1586 1115/1609/1587 213/1610/1588
f 213/1610/1588 1115/1609/1587 1116/1611/1589
f 213/1610/1588 1116/1611/1589 214/1612/1590
f 214/1612/1590 1116/1611/1589 1117/1613/1591
f 214/1612/1590 1117/1613/1591 215/1526/1506
f 215/1526/1506 1117/1613/1591 1118/1527/1507
f 129/1614/1592 1161/1615/1593 87/1616/1594
f 87/1616/1594 1161/1615/1593 1119/1617/1595
f 87/1618/1594 1119/1619/1595 88/1620/1596
f 88/1620/1596 1119/1619/1595 1120/1621/1597
f 88/1620/1596 1120/1621/1597 89/1622/1598
f 89/1622/1598 1120/1621/1597 1121/1623/1599
f 89/1622/1598 1121/1623/1599 90/1624/1600
f 90/1624/1600 1121/1623/1599 1122/1625/1601
f 90/1624/1600 1122/1625/1601 91/1626/1602
f 91/1626/1602 1122/1625/1601 1123/1627/1603
f 91/1626/1602 1123/1627/1603 92/1628/1604
f 92/1628/1604 1123/1627/1603 1124/1629/1605
f 92/1628/1604 1124/1629/1605 93/1630/1606
f 93/1630/1606 1124/1629/1605 1125/1631/1607
f 93/1630/1606 1125/1631/1607 94/1632/1608
f 94/1632/1608 1125/1631/1607 1126/1633/1609
f 94/1632/1608 1126/1633/1609 95/1634/1610
f 95/1634/1610 1126/1633/1609 1127/1635/1611
f 95/1634/1610 1127/1635/1611 96/1636/1612
f 96/1636/1612 1127/1635/1611 1128/1637/1613
f 96/1636/1612 1128/1637/1613 97/1638/1614
f 97/1638/1614 1128/1637/1613 1129/1639/1615
f 97/1638/1614 1129/1639/1615 98/1640/1616
f 98/1640/1616 1129/1639/1615 1130/1641/1617
f 98/1640/1616 1130/1641/1617 99/1642/1618
f 99/1642/1618 1130/1641/1617 1131/1643/1619
f 99/1642/1618 1131/1643/1619 100/1644/1620
f 100/1644/1620 1131/1643/1619 1132/1645/1621
f 100/1644/1620 1132/1645/1621 101/1646/1622
f 101/1646/1622 1132/1645/1621 1133/1647/1623
f 101/1646/1622 1133/1647/1623 102/1648/1624
f 102/1648/1624 1133/1647/1623 1134/1649/1625
f 102/1648/1624 1134/1649/1625 103/1650/1626
f 103/1650/1626 1134/1649/1625 1135/1651/1627
f 103/1650/1626 1135/1651/1627 104/1652/1628
f 104/1652/1628 1135/1651/1627 1136/1653/1629
f 104/1652/1628 1136/1653/1629 105/1654/1630
f 105/1654/1630 1136/1653/1629 1137/1655/1631
f 105/1654/1630 1137/1655/1631 106/1656/1632
f 106/1656/1632 1137/1655/1631 1138/1657/1633
f 106/1656/1632 1138/1657/1633 107/1658/1634
f 107/1658/1634 1138/1657/1633 1139/1659/1635
f 107/1658/1634 1139/1659/1635 108/1660/1636
f 108/1660/1636 1139/1659/1635 1140/1661/1637
f 108/1660/1636 1140/1661/1637 109/1662/1638
f 109/1662/1638 1140/1661/1637 1141/1663/1639
f 109/1662/1638 1141/1663/1639 110/1664/1640
f 110/1664/1640 1141/1663/1639 1142/1665/1641
f 110/1664/1640 1142/1665/1641 111/1666/1642
f 111/1666/1642 1142/1665/1641 1143/1667/1643
f 111/1666/1642 1143/1667/1643 112/1668/1644
f 112/1668/1644 1143/1667/1643 1144/1669/1645
f 112/1668/1644 1144/1669/1645 113/1670/1646
f 113/1670/1646 1144/1669/1645 1145/1671/1647
f 113/1670/1646 1145/1671/1647 114/1672/1648
f 114/1672/1648 1145/1671/1647 1146/1673/1649
f 114/1672/1648 1146/1673/1649 115/1674/1650
f 115/1674/1650 1146/1673/1649 1147/1675/1651
f 115/1674/1650 1147/1675/1651 116/1676/1652
f 116/1676/1652 1147/1675/1651 1148/1677/1653
f 116/1676/1652 1148/1677/1653 117/1678/1654
f 117/1678/1654 1148/1677/1653 1149/1679/1655
f 117/1678/1654 1149/1679/1655 118/1680/1656
f 118/1680/1656 1149/1679/1655 1150/1681/1657
f 118/1680/1656 1150/1681/1657 119/1682/1658
f 119/1682/1658 1150/1681/1657 1151/1683/1659
f 119/1682/1658 1151/1683/1659 120/1684/1660
f 120/1684/1660 1151/1683/1659 1152/1685/1661
f 120/1684/1660 1152/1685/1661 121/1686/1662
f 121/1686/1662 1152/1685/1661 1153/1687/1663
f 121/1686/1662 1153/1687/1663 122/1688/1664
f 122/1688/1664 1153/1687/1663 1154/1689/1665
f 122/1688/1664 1154/1689/1665 123/1690/1666
f 123/1690/1666 1154/1689/1665 1155/1691/1667
f 123/1690/1666 1155/1691/1667 124/1692/1668
f 124/1692/1668 1155/1691/1667 1156/1693/1669
f 124/1692/1668 1156/1693/1669 125/1694/1670
f 125/1694/1670 1156/1693/1669 1157/1695/1671
f 125/1694/1670 1157/1695/1671 126/1696/1672
f 126/1696/1672 1157/1695/1671 1158/1697/1673
f 126/1696/1672 1158/1697/1673 127/1698/1674
f 127/1698/1674 1158/1697/1673 1159/1699/1675
f 127/1698/1674 1159/1699/1675 128/1700/1676
f 128/1700/1676 1159/1699/1675 1160/1701/1677
f 128/1700/1676 1160/1701/1677 129/1614/1592
f 129/1614/1592 1160/1701/1677 1161/1615/1593
f 172/1702/1678 1204/1703/1679 130/1704/1680
f 130/1704/1680 1204/1703/1679 1162/1705/1681
f 130/1706/1680 1162/1707/1681 131/1708/1682
f 131/1708/1682 1162/1707/1681 1163/1709/1683
f 131/1708/1682 1163/1709/1683 132/1710/1684
f 132/1710/1684 1163/1709/1683 1164/1711/1685
f 132/1710/1684 1164/1711/1685 133/1712/1686
f 133/1712/1686 1164/1711/1685 1165/1713/1687
f 133/1712/1686 1165/1713/1687 134/1714/1688
f 134/1714/1688 1165/1713/1687 1166/1715/1689
f 134/1714/1688 1166/1715/1689 135/1716/1690
f 135/1716/1690 1166/1715/1689 1167/1717/1691
f 135/1716/1690 1167/1717/1691 136/1718/1692
f 136/1718/1692 1167/1717/1691 1168/1719/1693
f 136/1718/1692 1168/1719/1693 137/1720/1694
f 137/1720/1694 1168/1719/1693 1169/1721/1695
f 137/1720/1694 1169/1721/1695 138/1722/1696
f 138/1722/1696 1169/1721/1695 1170/1723/1697
f 138/1722/1696 1170/1723/1697 139/1724/1698
f 139/1724/1698 1170/1723/1697 1171/1725/1699
f 139/1724/1698 1171/1725/1699 140/1726/1700
f 140/1726/1700 1171/1725/1699 1172/1727/1701
f 140/1726/1700 1172/1727/1701 141/1728/1702
f 141/1728/1702 1172/1727/1701 1173/1729/1703
f 141/1728/1702 1173/1729/1703 142/1730/1704
f 142/1730/1704 1173/1729/1703 1174/1731/1705
f 142/1730/1704 1174/1731/1705 143/1732/1706
f 143/1732/1706 1174/1731/1705 1175/1733/1707
f 143/1732/1706 1175/1733/1707 144/1734/1708
f 144/1734/1708 1175/1733/1707 1176/1735/1709
f 144/1734/1708 1176/1735/1709 145/1736/1710
f 145/1736/1710 1176/1735/1709 1177/1737/1711
f 145/1736/1710 1177/1737/1711 146/1738/1712
f 146/1738/1712 1177/1737/1711 1178/1739/1713
f 146/1738/1712 1178/1739/1713 147/1740/1714
f 147/1740/1714 1178/1739/1713 1179/1741/1715
f 147/1740/1714 1179/1741/1715 148/1742/1716
f 148/1742/1716 1179/1741/1715 1180/1743/1717
f 148/1742/1716 1180/1743/1717 149/1744/1718
f 149/1744/1718 1180/1743/1717 1181/1745/1719
f 149/1744/1718 1181/1745/1719 150/1746/1720
f 150/1746/1720 1181/1745/1719 1182/1747/1721
f 150/1746/1720 1182/1747/1721 151/1748/1722
f 151/1748/1722 1182/1747/1721 1183/1749/1723
f 151/1748/1722 1183/1749/1723 152/1750/1724
f 152/1750/1724 1183/1749/1723 1184/1751/1725
f 152/1750/1724 1184/1751/1725 153/1752/1726
f 153/1752/1726 1184/1751/1725 1185/1753/1727
f 153/1752/1726 1185/1753/1727 154/1754/1728
f 154/1754/1728 1185/1753/1727 1186/1755/1729
f 154/1754/1728 1186/1755/1729 155/1756/1730
f 155/1756/1730 1186/1755/1729 1187/1757/1731
f 155/1756/1730 1187/1757/1731 156/1758/1732
f 156/1758/1732 1187/1757/1731 1188/1759/1733
f 156/1758/1732 1188/1759/1733 157/1760/1734
f 157/1760/1734 1188/1759/1733 1189/1761/1735
f 157/1760/1734 1189/1761/1735 158/1762/1736
f 158/1762/1736 1189/1761/1735 1190/1763/1737
f 158/1762/1736 1190/1763/1737 159/1764/1738
f 159/1764/1738 1190/1763/1737 1191/1765/1739
f 159/1764/1738 1191/1765/1739 160/1766/1740
f 160/1766/1740 1191/1765/1739 1192/1767/1741
f 160/1766/1740 1192/1767/1741 161/1768/1742
f 161/1768/1742 1192/1767/1741 1193/1769/1743
f 161/1768/1742 1193/1769/1743 162/1770/1744
f 162/1770/1744 1193/1769/1743 1194/1771/1745
f 162/1770/1744 1194/1771/1745 163/1772/1746
f 163/1772/1746 1194/1771/1745 1195/1773/1747
f 163/1772/1746 1195/1773/1747 164/1774/1748
f 164/1774/1748 1195/1773/1747 1196/1775/1749
f 164/1774/1748 1196/1775/1749 165/1776/1750
f 165/1776/1750 1196/1775/1749 1197/1777/1751
f 165/1776/1750 1197/1777/1751 166/1778/1752
f 166/1778/1752 1197/1777/1751 1198/1779/1753
f 166/1778/1752 1198/1779/1753 167/1780/1754
f 167/1780/1754 1198/1779/1753 1199/1781/1755
f 167/1780/1754 1199/1781/1755 168/1782/1756
f 168/1782/1756 1199/1781/1755 1200/1783/1757
f 168/1782/1756 1200/1783/1757 169/1784/1758
f 169/1784/1758 1200/1783/1757 1201/1785/1759
f 169/1784/1758 1201/1785/1759 170/1786/1760
f 170/1786/1760 1201/1785/1759 1202/1787/1761
f 170/1786/1760 1202/1787/1761 171/1788/1762
f 171/1788/1762 1202/1787/1761 1203/1789/1763
f 171/1788/1762 1203/1789/1763 172/1702/1678
f 172/1702/1678 1203/1789/1763 1204/1703/1679
f 86/1790/1764 1247/1791/1765 44/1792/1766
f 44/1792/1766 1247/1791/1765 1205/1793/1767
f 44/1794/1766 1205/1795/1767 45/1796/1768
f 45/1796/1768 1205/1795/1767 1206/1797/1769
f 45/1796/1768 1206/1797/1769 46/1798/1770
f 46/1798/1770 1206/1797/1769 1207/1799/1771
f 46/1798/1770 1207/1799/1771 47/1800/1772
f 47/1800/1772 1207/1799/1771 1208/1801/1773
f 47/1800/1772 1208/1801/1773 48/1802/1774
f 48/1802/1774 1208/1801/1773 1209/1803/1775
f 48/1802/1774 1209/1803/1775 49/1804/1776
f 49/1804/1776 1209/1803/1775 1210/1805/1777
f 49/1804/1776 1210/1805/1777 50/1806/1778
f 50/1806/1778 1210/1805/1777 1211/1807/1779
f 50/1806/1778 1211/1807/1779 51/1808/1780
f 51/1808/1780 1211/1807/1779 1212/1809/1781
f 51/1808/1780 1212/1809/1781 52/1810/1782
f 52/1810/1782 1212/1809/1781 1213/1811/1783
f 52/1810/1782 1213/1811/1783 53/1812/1784
f 53/1812/1784 1213/1811/1783 1214/1813/1785
f 53/1812/1784 1214/1813/1785 54/1814/1786
f 54/1814/1786 1214/1813/1785 1215/1815/1787
f 54/1814/1786 1215/1815/1787 55/1816/1788
f 55/1816/1788 1215/1815/1787 1216/1817/1789
f 55/1816/1788 1216/1817/1789 56/1818/1790
f 56/1818/1790 1216/1817/1789 1217/1819/1791
f 56/1818/1790 1217/1819/1791 57/1820/1792
f 57/1820/1792 1217/1819/1791 1218/1821/1793
f 57/1820/1792 1218/1821/1793 58/1822/1794
f 58/1822/1794 1218/1821/1793 1219/1823/1795
f 58/1822/1794 1219/1823/1795 59/1824/1796
f 59/1824/1796 1219/1823/1795 1220/1825/1797
f 59/1824/1796 1220/1825/1797 60/1826/1798
f 60/1826/1798 1220/1825/1797 1221/1827/1799
f 60/1826/1798 1221/1827/1799 61/1828/1800
f 61/1828/1800 1221/1827/1799 1222/1829/1801
f 61/1828/1800 1222/1829/1801 62/1830/1802
f 62/1830/1802 1222/1829/1801 1223/1831/1803
f 62/1830/1802 1223/1831/1803 63/1832/1804
f 63/1832/1804 1223/1831/1803 1224/1833/1805
f 63/1832/1804 1224/1833/1805 64/1834/1806
f 64/1834/1806 1224/1833/1805 1225/1835/1807
f 64/1834/1806 1225/1835/1807 65/1836/1808
f 65/1836/1808 1225/1835/1807 1226/1837/1809
f 65/1836/1808 1226/1837/1809 66/1838/1810
f 66/1838/1810 1226/1837/1809 1227/1839/1811
f 66/1838/1810 1227/1839/1811 67/1840/1812
f 67/1840/1812 1227/1839/1811 1228/1841/1813
f 67/1840/1812 1228/1841/1813 68/1842/1814
f 68/1842/1814 1228/1841/1813 1229/1843/1815
f 68/1842/1814 1229/1843/1815 69/1844/1816
f 69/1844/1816 1229/1843/1815 1230/1845/1817
f 69/1844/1816 1230/1845/1817 70/1846/1818
f 70/1846/1818 1230/1845/1817 1231/1847/1819
f 70/1846/1818 1231/1847/1819 71/1848/1820
f 71/1848/1820 1231/1847/1819 1232/1849/1821
f 71/1848/1820 1232/1849/1821 72/1850/1822
f 72/1850/1822 1232/1849/1821 1233/1851/1823
f 72/1850/1822 1233/1851/1823 73/1852/1824
f 73/1852/1824 1233/1851/1823 1234/1853/1825
f 73/1852/1824 1234/1853/1825 74/1854/1826
f 74/1854/1826 1234/1853/1825 1235/1855/1827
f 74/1854/1826 1235/1855/1827 75/1856/1828
f 75/1856/1828 1235/1855/1827 1236/1857/1829
f 75/1856/1828 1236/1857/1829 76/1858/1830
f 76/1858/1830 1236/1857/1829 1237/1859/1831
f 76/1858/1830 1237/1859/1831 77/1860/1832
f 77/1860/1832 1237/1859/1831 1238/1861/1833
f 77/1860/1832 1238/1861/1833 78/1862/1834
f 78/1862/1834 1238/1861/1833 1239/1863/1835
f 78/1862/1834 1239/1863/1835 79/1864/1836
f 79/1864/1836 1239/1863/1835 1240/1865/1837
f 79/1864/1836 1240/1865/1837 80/1866/1838
f 80/1866/1838 1240/1865/1837 1241/1867/1839
f 80/1866/1838 1241/1867/1839 81/1868/1840
f 81/1868/1840 1241/1867/1839 1242/1869/1841
f 81/1868/1840 1242/1869/1841 82/1870/1842
f 82/1870/1842 1242/1869/1841 1243/1871/1843
f 82/1870/1842 1243/1871/1843 83/1872/1844
f 83/1872/1844 1243/1871/1843 1244/1873/1845
f 83/1872/1844 1244/1873/1845 84/1874/1846
f 84/1874/1846 1244/1873/1845 1245/1875/1847
f 84/1874/1846 1245/1875/1847 85/1876/1848
f 85/1876/1848 1245/1875/1847 1246/1877/1849
f 85/1876/1848 1246/1877/1849 86/1790/1764
f 86/1790/1764 1246/1877/1849 1247/1791/1765
f 43/1878/1850 1290/1879/1851 1/1880/1852
f 1/1880/1852 1290/1879/1851 1248/1881/1853
f 1/1882/1852 1248/1883/1853 2/1884/1854
f 2/1884/1854 1248/1883/1853 1249/1885/1855
f 2/1884/1854 1249/1885/1855 3/1886/1856
f 3/1886/1856 1249/1885/1855 1250/1887/1857
f 3/1886/1856 1250/1887/1857 4/1888/1858
f 4/1888/1858 1250/1887/1857 1251/1889/1859
f 4/1888/1858 1251/1889/1859 5/1890/1860
f 5/1890/1860 1251/1889/1859 1252/1891/1861
f 5/1890/1860 1252/1891/1861 6/1892/1862
f 6/1892/1862 1252/1891/1861 1253/1893/1863
f 6/1892/1862 1253/1893/1863 7/1894/1864
f 7/1894/1864 1253/1893/1863 1254/1895/1865
f 7/1894/1864 1254/1895/1865 8/1896/1866
f 8/1896/1866 1254/1895/1865 1255/1897/1867
f 8/1896/1866 1255/1897/1867 9/1898/1868
f 9/1898/1868 1255/1897/1867 1256/1899/1869
f 9/1898/1868 1256/1899/1869 10/1900/1870
f 10/1900/1870 1256/1899/1869 1257/1901/1871
f 10/1900/1870 1257/1901/1871 11/1902/1872
f 11/1902/1872 1257/1901/1871 1258/1903/1873
f 11/1902/1872 1258/1903/1873 12/1904/1874
f 12/1904/1874 1258/1903/1873 1259/1905/1875
f 12/1904/1874 1259/1905/1875 13/1906/1876
f 13/1906/1876 1259/1905/1875 1260/1907/1877
f 13/1906/1876 1260/1907/1877 14/1908/1878
f 14/1908/1878 1260/1907/1877 1261/1909/1879
f 14/1908/1878 1261/1909/1879 15/1910/1880
f 15/1910/1880 1261/1909/1879 1262/1911/1881
f 15/1910/1880 1262/1911/1881 16/1912/1882
f 16/1912/1882 1262/1911/1881 1263/1913/1883
f 16/1912/1882 1263/1913/1883 17/1914/1884
f 17/1914/1884 1263/1913/1883 1264/1915/1885
f 17/1914/1884 1264/1915/1885 18/1916/1886
f 18/1916/1886 1264/1915/1885 1265/1917/1887
f 18/1916/1886 1265/1917/1887 19/1918/1888
f 19/1918/1888 1265/1917/1887 1266/1919/1889
f 19/1918/1888 1266/1919/1889 20/1920/1890
f 20/1920/1890 1266/1919/1889 1267/1921/1891
f 20/1920/1890 1267/1921/1891 21/1922/1892
f 21/1922/1892 1267/1921/1891 1268/1923/1893
f 21/1922/1892 1268/1923/1893 22/1924/1894
f 22/1924/1894 1268/1923/1893 1269/1925/1895
f 22/1924/1894 1269/1925/1895 23/1926/1896
f 23/1926/1896 1269/1925/1895 1270/1927/1897
f 23/1926/1896 1270/1927/1897 24/1928/1898
f 24/1928/1898 1270/1927/1897 1271/1929/1899
f 24/1928/1898 1271/1929/1899 25/1930/1900
f 25/1930/1900 1271/1929/1899 1272/1931/1901
f 25/1930/1900 1272/1931/1901 26/1932/1902
f 26/1932/1902 1272/1931/1901 1273/1933/1903
f 26/1932/1902 1273/1933/1903 27/1934/1904
f 27/1934/1904 1273/1933/1903 1274/1935/1905
f 27/1934/1904 1274/1935/1905 28/1936/1906
f 28/1936/1906 1274/1935/1905 1275/1937/1907
f 28/1936/1906 1275/1937/1907 29/1938/1908
f 29/1938/1908 1275/1937/1907 1276/1939/1909
f 29/1938/1908 1276/1939/1909 30/1940/1910
f 30/1940/1910 1276/1939/1909 1277/1941/1911
f 30/1940/1910 1277/1941/1911 31/1942/1912
f 31/1942/1912 1277/1941/1911 1278/1943/1913
f 31/1942/1912 1278/1943/1913 32/1944/1914
f 32/1944/1914 1278/1943/1913 1279/1945/1915
f 32/1944/1914 1279/1945/1915 33/1946/1916
f 33/1946/1916 1279/1945/1915 1280/1947/1917
f 33/1946/1916 1280/1947/1917 34/1948/1918
f 34/1948/1918 1280/1947/1917 1281/1949/1919
f 34/1948/1918 1281/1949/1919 35/1950/1920
f 35/1950/1920 1281/1949/1919 1282/1951/1921
f 35/1950/1920 1282/1951/1921 36/1952/1922
f 36/1952/1922 1282/1951/1921 1283/1953/1923
f 36/1952/1922 1283/1953/1923 37/1954/1924
f 37/1954/1924 1283/1953/1923 1284/1955/1925
f 37/1954/1924 1284/1955/1925 38/1956/1926
f 38/1956/1926 1284/1955/1925 1285/1957/1927
f 38/1956/1926 1285/1957/1927 39/1958/1928
f 39/1958/1928 1285/1957/1927 1286/1959/1929
f 39/1958/1928 1286/1959/1929 40/1960/1930
f 40/1960/1930 1286/1959/1929 1287/1961/1931
f 40/1960/1930 1287/1961/1931 41/1962/1932
f 41/1962/1932 1287/1961/1931 1288/1963/1933
f 41/1962/1932 1288/1963/1933 42/1964/1934
f 42/1964/1934 1288/1963/1933 1289/1965/1935
f 42/1964/1934 1289/1965/1935 43/1878/1850
f 43/1878/1850 1289/1965/1935 1290/1879/1851
f 1292/1966/1936 1376/1967/1937 1291/1968/1938
f 1291/1968/1938 1376/1967/1937 1334/1969/1939
f 1291/1970/1938 1334/1971/1939 1333/1972/1940
f 1333/1972/1940 1334/1971/1939 1335/1973/1941
f 1333/1972/1940 1335/1973/1941 1332/1974/1942
f 1332/1974/1942 1335/1973/1941 1336/1975/1943
f 1332/1974/1942 1336/1975/1943 1331/1976/1944
f 1331/1976/1944 1336/1975/1943 1337/1977/1945
f 1331/1976/1944 1337/1977/1945 1330/1978/1946
f 1330/1978/1946 1337/1977/1945 1338/1979/1947
f 1330/1978/1946 1338/1979/1947 1329/1980/1948
f 1329/1980/1948 1338/1979/1947 1339/1981/1949
f 1329/1980/1948 1339/1981/1949 1328/1982/1950
f 1328/1982/1950 1339/1981/1949 1340/1983/1951
f 1328/1982/1950 1340/1983/1951 1327/1984/1952
f 1327/1984/1952 1340/1983/1951 1341/1985/1953
f 1327/1984/1952 1341/1985/1953 1326/1986/1954
f 1326/1986/1954 1341/1985/1953 1342/1987/1955
f 1326/1986/1954 1342/1987/1955 1325/1988/1956
f 1325/1988/1956 1342/1987/1955 1343/1989/1957
f 1325/1988/1956 1343/1989/1957 1324/1990/1958
f 1324/1990/1958 1343/1989/1957 1344/1991/1959
f 1324/1990/1958 1344/1991/1959 1323/1992/1960
f 1323/1992/1960 1344/1991/1959 1345/1993/1961
f 1323/1992/1960 1345/1993/1961 1322/1994/1962
f 1322/1994/1962 1345/1993/1961 1346/1995/1963
f 1322/1994/1962 1346/1995/1963 1321/1996/1964
f 1321/1996/1964 1346/1995/1963 1347/1997/1965
f 1321/1996/1964 1347/1997/1965 1320/1998/1966
f 1320/1998/1966 1347/1997/1965 1348/1999/1967
f 1320/1998/1966 1348/1999/1967 1319/2000/1968
f 1319/2000/1968 1348/1999/1967 1349/2001/1969
f 1319/2000/1968 1349/2001/1969 1318/2002/1970
f 1318/2002/1970 1349/2001/1969 1350/2003/1971
f 1318/2002/1970 1350/2003/1971 1317/2004/1972
f 1317/2004/1972 1350/2003/1971 1351/2005/1973
f 1317/2004/1972 1351/2005/1973 1316/2006/1974
f 1316/2006/1974 1351/2005/1973 1352/2007/1975
f 1316/2006/1974 1352/2007/1975 1315/2008/1976
f 1315/2008/1976 1352/2007/1975 1353/2009/1977
f 1315/2008/1976 1353/2009/1977 1314/2010/1978
f 1314/2010/1978 1353/2009/1977 1354/2011/1979
f 1314/2010/1978 1354/2011/1979 1313/2012/1980
f 1313/2012/1980 1354/2011/1979 1355/2013/1981
f 1313/2012/1980 1355/2013/1981 1312/2014/1982
f 1312/2014/1982 1355/2013/1981 1356/2015/1983
f 1312/2014/1982 1356/2015/1983 1311/2016/1984
f 1311/2016/1984 1356/2015/1983 1357/2017/1985
f 1311/2016/1984 1357/2017/1985 1310/2018/1986
f 1310/2018/1986 1357/2017/1985 1358/2019/1987
f 1310/2018/1986 1358/2019/1987 1309/2020/1988
f 1309/2020/1988 1358/2019/1987 1359/2021/1989
f 1309/2020/1988 1359/2021/1989 1308/2022/1990
f 1308/2022/1990 1359/2021/1989 1360/2023/1991
f 1308/2022/1990 1360/2023/1991 1307/2024/1992
f 1307/2024/1992 1360/2023/1991 1361/2025/1993
f 1307/2024/1992 1361/2025/1993 1306/2026/1994
f 1306/2026/1994 1361/2025/1993 1362/2027/1995
f 1306/2026/1994 1362/2027/1995 1305/2028/1996
f 1305/2028/1996 1362/2027/1995 1363/2029/1997
f 1305/2028/1996 1363/2029/1997 1304/2030/1998
f 1304/2030/1998 1363/2029/1997 1364/2031/1999
f 1304/2030/1998 1364/2031/1999 1303/2032/2000
f 1303/2032/2000 1364/2031/1999 1365/2033/2001
f 1303/2032/2000 1365/2033/2001 1302/2034/2002
f 1302/2034/2002 1365/2033/2001 1366/2035/2003
f 1302/2034/2002 1366/2035/2003 1301/2036/2004
f 1301/2036/2004 1366/2035/2003 1367/2037/2005
f 1301/2036/2004 1367/2037/2005 1300/2038/2006
f 1300/2038/2006 1367/2037/2005 1368/2039/2007
f 1300/2038/2006 1368/2039/2007 1299/2040/2008
f 1299/2040/2008 1368/2039/2007 1369/2041/2009
f 1299/2040/2008 1369/2041/2009 1298/2042/2010
f 1298/2042/2010 1369/2041/2009 1370/2043/2011
f 1298/2042/2010 1370/2043/2011 1297/2044/2012
f 1297/2044/2012 1370/2043/2011 1371/2045/2013
f 1297/2044/2012 1371/2045/2013 1296/2046/2014
f 1296/2046/2014 1371/2045/2013 1372/2047/2015
f 1296/2046/2014 1372/2047/2015 1295/2048/2016
f 1295/2048/2016 1372/2047/2015 1373/2049/2017
f 1295/2048/2016 1373/2049/2017 1294/2050/2018
f 1294/2050/2018 1373/2049/2017 1374/2051/2019
f 1294/2050/2018 1374/2051/2019 1293/2052/2020
f 1293/2052/2020 1374/2051/2019 1375/2053/2021
f 1293/2052/2020 1375/2053/2021 1292/1966/1936
f 1292/1966/1936 1375/2053/2021 1376/1967/1937
f 1291/2054/2022 1333/2055/2023 1292/2056/2024
f 1292/2056/2024 1333/2055/2023 1293/2057/2025
f 1293/2057/2025 1333/2055/2023 1332/2058/2026
f 1293/2057/2025 1332/2058/2026 1294/2059/2027
f 1294/2059/2027 1332/2058/2026 1295/2060/2028
f 1295/2060/2028 1332/2058/2026 1296/2061/2029
f 1296/2061/2029 1332/2058/2026 1331/2062/2030
f 1296/2061/2029 1331/2062/2030 1297/2063/2031
f 1297/2063/2031 1331/2062/2030 1298/2064/2032
f 1298/2064/2032 1331/2062/2030 1299/2065/2033
f 1299/2065/2033 1331/2062/2030 1300/2066/2034
f 1300/2066/2034 1331/2062/2030 1301/2067/2035
f 1301/2067/2035 1331/2062/2030 1302/2068/2036
f 1302/2068/2036 1331/2062/2030 1303/2069/2037
f 1303/2069/2037 1331/2062/2030 1304/2070/2038
f 1304/2070/2038 1331/2062/2030 1305/2071/2039
f 1305/2071/2039 1331/2062/2030 1306/2072/2040
f 1306/2072/2040 1331/2062/2030 1307/2073/2041
f 1307/2073/2041 1331/2062/2030 1308/2074/2042
f 1308/2074/2042 1331/2062/2030 1309/2075/2043
f 1309/2075/2043 1331/2062/2030 1310/2076/2044
f 1310/2076/2044 1331/2062/2030 1311/2077/2045
f 1311/2077/2045 1331/2062/2030 1312/2078/2046
f 1312/2078/2046 1331/2062/2030 1313/2079/2047
f 1313/2079/2047 1331/2062/2030 1314/2080/2048
f 1314/2080/2048 1331/2062/2030 1315/2081/2049
f 1315/2081/2049 1331/2062/2030 1316/2082/2050
f 1316/2082/2050 1331/2062/2030 1330/2083/2051
f 1316/2082/2050 1330/2083/2051 1317/2084/2052
f 1317/2084/2052 1330/2083/2051 1329/2085/2053
f 1317/2084/2052 1329/2085/2053 1318/2086/2054
f 1318/2086/2054 1329/2085/2053 1328/2087/2055
f 1318/2086/2054 1328/2087/2055 1319/2088/2056
f 1319/2088/2056 1328/2087/2055 1327/2089/2057
f 1319/2088/2056 1327/2089/2057 1320/2090/2058
f 1320/2090/2058 1327/2089/2057 1326/2091/2059
f 1320/2090/2058 1326/2091/2059 1321/2092/2060
f 1321/2092/2060 1326/2091/2059 1325/2093/2061
f 1321/2092/2060 1325/2093/2061 1322/2094/2062
f 1322/2094/2062 1325/2093/2061 1324/2095/2063
f 1322/2094/2062 1324/2095/2063 1323/2096/2064
f 1378/2097/2065 1462/2098/2066 1377/2099/2067
f 1377/2099/2067 1462/2098/2066 1420/2100/2068
f 1377/2101/2067 1420/2102/2068 1419/2103/2069
f 1419/2103/2069 1420/2102/2068 1421/2104/2070
f 1419/2103/2069 1421/2104/2070 1418/2105/2071
f 1418/2105/2071 1421/2104/2070 1422/2106/2072
f 1418/2105/2071 1422/2106/2072 1417/2107/2073
f 1417/2107/2073 1422/2106/2072 1423/2108/2074
f 1417/2107/2073 1423/2108/2074 1416/2109/2075
f 1416/2109/2075 1423/2108/2074 1424/2110/2076
f 1416/2109/2075 1424/2110/2076 1415/2111/2077
f 1415/2111/2077 1424/2110/2076 1425/2112/2078
f 1415/2111/2077 1425/2112/2078 1414/2113/2079
f 1414/2113/2079 1425/2112/2078 1426/2114/2080
f 1414/2113/2079 1426/2114/2080 1413/2115/2081
f 1413/2115/2081 1426/2114/2080 1427/2116/2082
f 1413/2115/2081 1427/2116/2082 1412/2117/2083
f 1412/2117/2083 1427/2116/2082 1428/2118/2084
f 1412/2117/2083 1428/2118/2084 1411/2119/2085
f 1411/2119/2085 1428/2118/2084 1429/2120/2086
f 1411/2119/2085 1429/2120/2086 1410/2121/2087
f 1410/2121/2087 1429/2120/2086 1430/2122/2088
f 1410/2121/2087 1430/2122/2088 1409/2123/2089
f 1409/2123/2089 1430/2122/2088 1431/2124/2090
f 1409/2123/2089 1431/2124/2090 1408/2125/2091
f 1408/2125/2091 1431/2124/2090 1432/2126/2092
f 1408/2125/2091 1432/2126/2092 1407/2127/2093
f 1407/2127/2093 1432/2126/2092 1433/2128/2094
f 1407/2127/2093 1433/2128/2094 1406/2129/2095
f 1406/2129/2095 1433/2128/2094 1434/2130/2096
f 1406/2129/2095 1434/2130/2096 1405/2131/2097
f 1405/2131/2097 1434/2130/2096 1435/2132/2098
f 1405/2131/2097 1435/2132/2098 1404/2133/2099
f 1404/2133/2099 1435/2132/2098 1436/2134/2100
f 1404/2133/2099 1436/2134/2100 1403/2135/2101
f 1403/2135/2101 1436/2134/2100 1437/2136/2102
f 1403/2135/2101 1437/2136/2102 1402/2137/2103
f 1402/2137/2103 1437/2136/2102 1438/2138/2104
f 1402/2137/2103 1438/2138/2104 1401/2139/2105
f 1401/2139/2105 1438/2138/2104 1439/2140/2106
f 1401/2139/2105 1439/2140/2106 1400/2141/2107
f 1400/2141/2107 1439/2140/2106 1440/2142/2108
f 1400/2141/2107 1440/2142/2108 1399/2143/2109
f 1399/2143/2109 1440/2142/2108 1441/2144/2110
f 1399/2143/2109 1441/2144/2110 1398/2145/2111
f 1398/2145/2111 1441/2144/2110 1442/2146/2112
f 1398/2145/2111 1442/2146/2112 1397/2147/2113
f 1397/2147/2113 1442/2146/2112 1443/2148/2114
f 1397/2147/2113 1443/2148/2114 1396/2149/2115
f 1396/2149/2115 1443/2148/2114 1444/2150/2116
f 1396/2149/2115 1444/2150/2116 1395/2151/2117
f 1395/2151/2117 1444/2150/2116 1445/2152/2118
f 1395/2151/2117 1445/2152/2118 1394/2153/2119
f 1394/2153/2119 1445/2152/2118 1446/2154/2120
f 1394/2153/2119 1446/2154/2120 1393/2155/2121
f 1393/2155/2121 1446/2154/2120 1447/2156/2122
f 1393/2155/2121 1447/2156/2122 1392/2157/2123
f 1392/2157/2123 1447/2156/2122 1448/2158/2124
f 1392/2157/2123 1448/2158/2124 1391/2159/2125
f 1391/2159/2125 1448/2158/2124 1449/2160/2126
f 1391/2159/2125 1449/2160/2126 1390/2161/2127
f 1390/2161/2127 1449/2160/2126 1450/2162/2128
f 1390/2161/2127 1450/2162/2128 1389/2163/2129
f 1389/2163/2129 1450/2162/2128 1451/2164/2130
f 1389/2163/2129 1451/2164/2130 1388/2165/2131
f 1388/2165/2131 1451/2164/2130 1452/2166/2132
f 1388/2165/2131 1452/2166/2132 1387/2167/2133
f 1387/2167/2133 1452/2166/2132 1453/2168/2134
f 1387/2167/2133 1453/2168/2134 1386/2169/2135
f 1386/2169/2135 1453/2168/2134 1454/2170/2136
f 1386/2169/2135 1454/2170/2136 1385/2171/2137
f 1385/2171/2137 1454/2170/2136 1455/2172/2138
f 1385/2171/2137 1455/2172/2138 1384/2173/2139
f 1384/2173/2139 1455/2172/2138 1456/2174/2140
f 1384/2173/2139 1456/2174/2140 1383/2175/2141
f 1383/2175/2141 1456/2174/2140 1457/2176/2142
f 1383/2175/2141 1457/2176/2142 1382/2177/2143
f 1382/2177/2143 1457/2176/2142 1458/2178/2144
f 1382/2177/2143 1458/2178/2144 1381/2179/2145
f 1381/2179/2145 1458/2178/2144 1459/2180/2146
f 1381/2179/2145 1459/2180/2146 1380/2181/2147
f 1380/2181/2147 1459/2180/2146 1460/2182/2148
f 1380/2181/2147 1460/2182/2148 1379/2183/2149
f 1379/2183/2149 1460/2182/2148 1461/2184/2150
f 1379/2183/2149 1461/2184/2150 1378/2097/2065
f 1378/2097/2065 1461/2184/2150 1462/2098/2066
f 1377/2185/2151 1419/2186/2152 1378/2187/2153
f 1378/2187/2153 1419/2186/2152 1379/2188/2154
f 1379/2188/2154 1419/2186/2152 1418/2189/2155
f 1379/2188/2154 1418/2189/2155 1380/2190/2156
f 1380/2190/2156 1418/2189/2155 1381/2191/2157
f 1381/2191/2157 1418/2189/2155 1382/2192/2158
f 1382/2192/2158 1418/2189/2155 1417/2193/2159
f 1382/2192/2158 1417/2193/2159 1383/2194/2160
f 1383/2194/2160 1417/2193/2159 1384/2195/2161
f 1384/2195/2161 1417/2193/2159 1385/2196/2162
f 1385/2196/2162 1417/2193/2159 1386/2197/2163
f 1386/2197/2163 1417/2193/2159 1387/2198/2164
f 1387/2198/2164 1417/2193/2159 1388/2199/2165
f 1388/2199/2165 1417/2193/2159 1389/2200/2166
f 1389/2200/2166 1417/2193/2159 1390/2201/2167
f 1390/2201/2167 1417/2193/2159 1391/2202/2168
f 1391/2202/2168 1417/2193/2159 1392/2203/2169
f 1392/2203/2169 1417/2193/2159 1393/2204/2170
f 1393/2204/2170 1417/2193/2159 1394/2205/2171
f 1394/2205/2171 1417/2193/2159 1395/2206/2172
f 1395/2206/2172 1417/2193/2159 1396/2207/2173
f 1396/2207/2173 1417/2193/2159 1397/2208/2174
f 1397/2208/2174 1417/2193/2159 1398/2209/2175
f 1398/2209/2175 1417/2193/2159 1399/2210/2176
f 1399/2210/2176 1417/2193/2159 1400/2211/2177
f 1400/2211/2177 1417/2193/2159 1401/2212/2178
f 1401/2212/2178 1417/2193/2159 1402/2213/2179
f 1402/2213/2179 1417/2193/2159 1416/2214/2180
f 1402/2213/2179 1416/2214/2180 1403/2215/2181
f 1403/2215/2181 1416/2214/2180 1415/2216/2182
f 1403/2215/2181 1415/2216/2182 1404/2217/2183
f 1404/2217/2183 1415/2216/2182 1414/2218/2184
f 1404/2217/2183 1414/2218/2184 1405/2219/2185
f 1405/2219/2185 1414/2218/2184 1413/2220/2186
f 1405/2219/2185 1413/2220/2186 1406/2221/2187
f 1406/2221/2187 1413/2220/2186 1412/2222/2188
f 1406/2221/2187 1412/2222/2188 1407/2223/2189
f 1407/2223/2189 1412/2222/2188 1411/2224/2190
f 1407/2223/2189 1411/2224/2190 1408/2225/2191
f 1408/2225/2191 1411/2224/2190 1410/2226/2192
f 1408/2225/2191 1410/2226/2192 1409/2227/2193
f 1464/2228/2194 1548/2229/2195 1463/2230/2196
f 1463/2230/2196 1548/2229/2195 1506/2231/2197
f 1463/2232/2196 1506/2233/2197 1505/2234/2198
f 1505/2234/2198 1506/2233/2197 1507/2235/2199
f 1505/2234/2198 1507/2235/2199 1504/2236/2200
f 1504/2236/2200 1507/2235/2199 1508/2237/2201
f 1504/2236/2200 1508/2237/2201 1503/2238/2202
f 1503/2238/2202 1508/2237/2201 1509/2239/2203
f 1503/2238/2202 1509/2239/2203 1502/2240/2204
f 1502/2240/2204 1509/2239/2203 1510/2241/2205
f 1502/2240/2204 1510/2241/2205 1501/2242/2206
f 1501/2242/2206 1510/2241/2205 1511/2243/2207
f 1501/2242/2206 1511/2243/2207 1500/2244/2208
f 1500/2244/2208 1511/2243/2207 1512/2245/2209
f 1500/2244/2208 1512/2245/2209 1499/2246/2210
f 1499/2246/2210 1512/2245/2209 1513/2247/2211
f 1499/2246/2210 1513/2247/2211 1498/2248/2212
f 1498/2248/2212 1513/2247/2211 1514/2249/2213
f 1498/2248/2212 1514/2249/2213 1497/2250/2214
f 1497/2250/2214 1514/2249/2213 1515/2251/2215
f 1497/2250/2214 1515/2251/2215 1496/2252/2216
f 1496/2252/2216 1515/2251/2215 1516/2253/2217
f 1496/2252/2216 1516/2253/2217 1495/2254/2218
f 1495/2254/2218 1516/2253/2217 1517/2255/2219
f 1495/2254/2218 1517/2255/2219 1494/2256/2220
f 1494/2256/2220 1517/2255/2219 1518/2257/2221
f 1494/2256/2220 1518/2257/2221 1493/2258/2222
f 1493/2258/2222 1518/2257/2221 1519/2259/2223
f 1493/2258/2222 1519/2259/2223 1492/2260/2224
f 1492/2260/2224 1519/2259/2223 1520/2261/2225
f 1492/2260/2224 1520/2261/2225 1491/2262/2226
f 1491/2262/2226 1520/2261/2225 1521/2263/2227
f 1491/2262/2226 1521/2263/2227 1490/2264/2228
f 1490/2264/2228 1521/2263/2227 1522/2265/2229
f 1490/2264/2228 1522/2265/2229 1489/2266/2230
f 1489/2266/2230 1522/2265/2229 1523/2267/2231
f 1489/2266/2230 1523/2267/2231 1488/2268/2232
f 1488/2268/2232 1523/2267/2231 1524/2269/2233
f 1488/2268/2232 1524/2269/2233 1487/2270/2234
f 1487/2270/2234 1524/2269/2233 1525/2271/2235
f 1487/2270/2234 1525/2271/2235 1486/2272/2236
f 1486/2272/2236 1525/2271/2235 1526/2273/2237
f 1486/2272/2236 1526/2273/2237 1485/2274/2238
f 1485/2274/2238 1526/2273/2237 1527/2275/2239
f 1485/2274/2238 1527/2275/2239 1484/2276/2240
f 1484/2276/2240 1527/2275/2239 1528/2277/2241
f 1484/2276/2240 1528/2277/2241 1483/2278/2242
f 1483/2278/2242 1528/2277/2241 1529/2279/2243
f 1483/2278/2242 1529/2279/2243 1482/2280/2244
f 1482/2280/2244 1529/2279/2243 1530/2281/2245
f 1482/2280/2244 1530/2281/2245 1481/2282/2246
f 1481/2282/2246 1530/2281/2245 1531/2283/2247
f 1481/2282/2246 1531/2283/2247 1480/2284/2248
f 1480/2284/2248 1531/2283/2247 1532/2285/2249
f 1480/2284/2248 1532/2285/2249 1479/2286/2250
f 1479/2286/2250 1532/2285/2249 1533/2287/2251
f 1479/2286/2250 1533/2287/2251 1478/2288/2252
f 1478/2288/2252 1533/2287/2251 1534/2289/2253
f 1478/2288/2252 1534/2289/2253 1477/2290/2254
f 1477/2290/2254 1534/2289/2253 1535/2291/2255
f 1477/2290/2254 1535/2291/2255 1476/2292/2256
f 1476/2292/2256 1535/2291/2255 1536/2293/2257
f 1476/2292/2256 1536/2293/2257 1475/2294/2258
f 1475/2294/2258 1536/2293/2257 1537/2295/2259
f 1475/2294/2258 1537/2295/2259 1474/2296/2260
f 1474/2296/2260 1537/2295/2259 1538/2297/2261
f 1474/2296/2260 1538/2297/2261 1473/2298/2262
f 1473/2298/2262 1538/2297/2261 1539/2299/2263
f 1473/2298/2262 1539/2299/2263 1472/2300/2264
f 1472/2300/2264 1539/2299/2263 1540/2301/2265
f 1472/2300/2264 1540/2301/2265 1471/2302/2266
f 1471/2302/2266 1540/2301/2265 1541/2303/2267
f 1471/2302/2266 1541/2303/2267 1470/2304/2268
f 1470/2304/2268 1541/2303/2267 1542/2305/2269
f 1470/2304/2268 1542/2305/2269 1469/2306/2270
f 1469/2306/2270 1542/2305/2269 1543/2307/2271
f 1469/2306/2270 1543/2307/2271 1468/2308/2272
f 1468/2308/2272 1543/2307/2271 1544/2309/2273
f 1468/2308/2272 1544/2309/2273 1467/2310/2274
f 1467/2310/2274 1544/2309/2273 1545/2311/2275
f 1467/2310/2274 1545/2311/2275 1466/2312/2276
f 1466/2312/2276 1545/2311/2275 1546/2313/2277
f 1466/2312/2276 1546/2313/2277 1465/2314/2278
f 1465/2314/2278 1546/2313/2277 1547/2315/2279
f 1465/2314/2278 1547/2315/2279 1464/2228/2194
f 1464/2228/2194 1547/2315/2279 1548/2229/2195
f 1463/2316/2280 1505/2317/2281 1464/2318/2282
f 1464/2318/2282 1505/2317/2281 1465/2319/2283
f 1465/2319/2283 1505/2317/2281 1504/2320/2284
f 1465/2319/2283 1504/2320/2284 1466/2321/2285
f 1466/2321/2285 1504/2320/2284 1467/2322/2286
f 1467/2322/2286 1504/2320/2284 1468/2323/2287
f 1468/2323/2287 1504/2320/2284 1503/2324/2288
f 1468/2323/2287 1503/2324/2288 1469/2325/2289
f 1469/2325/2289 1503/2324/2288 1470/2326/2290
f 1470/2326/2290 1503/2324/2288 1471/2327/2291
f 1471/2327/2291 1503/2324/2288 1472/2328/2292
f 1472/2328/2292 1503/2324/2288 1473/2329/2293
f 1473/2329/2293 1503/2324/2288 1474/2330/2294
f 1474/2330/2294 1503/2324/2288 1475/2331/2295
f 1475/2331/2295 1503/2324/2288 1476/2332/2296
f 1476/2332/2296 1503/2324/2288 1477/2333/2297
f 1477/2333/2297 1503/2324/2288 1478/2334/2298
f 1478/2334/2298 1503/2324/2288 1479/2335/2299
f 1479/2335/2299 1503/2324/2288 1480/2336/2300
f 1480/2336/2300 1503/2324/2288 1481/2337/2301
f 1481/2337/2301 1503/2324/2288 1482/2338/2302
f 1482/2338/2302 1503/2324/2288 1483/2339/2303
f 1483/2339/2303 1503/2324/2288 1484/2340/2304
f 1484/2340/2304 1503/2324/2288 1485/2341/2305
f 1485/2341/2305 1503/2324/2288 1486/2342/2306
f 1486/2342/2306 1503/2324/2288 1487/2343/2307
f 1487/2343/2307 1503/2324/2288 1488/2344/2308
f 1488/2344/2308 1503/2324/2288 1502/2345/2309
f 1488/2344/2308 1502/2345/2309 1489/2346/2310
f 1489/2346/2310 1502/2345/2309 1501/2347/2311
f 1489/2346/2310 1501/2347/2311 1490/2348/2312
f 1490/2348/2312 1501/2347/2311 1500/2349/2313
f 1490/2348/2312 1500/2349/2313 1491/2350/2314
f 1491/2350/2314 1500/2349/2313 1499/2351/2315
f 1491/2350/2314 1499/2351/2315 1492/2352/2316
f 1492/2352/2316 1499/2351/2315 1498/2353/2317
f 1492/2352/2316 1498/2353/2317 1493/2354/2318
f 1493/2354/2318 1498/2353/2317 1497/2355/2319
f 1493/2354/2318 1497/2355/2319 1494/2356/2320
f 1494/2356/2320 1497/2355/2319 1496/2357/2321
f 1494/2356/2320 1496/2357/2321 1495/2358/2322
f 1550/2359/2323 1634/2360/2324 1549/2361/2325
f 1549/2361/2325 1634/2360/2324 1592/2362/2326
f 1549/2363/2325 1592/2364/2326 1591/2365/2327
f 1591/2365/2327 1592/2364/2326 1593/2366/2328
f 1591/2365/2327 1593/2366/2328 1590/2367/2329
f 1590/2367/2329 1593/2366/2328 1594/2368/2330
f 1590/2367/2329 1594/2368/2330 1589/2369/2331
f 1589/2369/2331 1594/2368/2330 1595/2370/2332
f 1589/2369/2331 1595/2370/2332 1588/2371/2333
f 1588/2371/2333 1595/2370/2332 1596/2372/2334
f 1588/2371/2333 1596/2372/2334 1587/2373/2335
f 1587/2373/2335 1596/2372/2334 1597/2374/2336
f 1587/2373/2335 1597/2374/2336 1586/2375/2337
f 1586/2375/2337 1597/2374/2336 1598/2376/2338
f 1586/2375/2337 1598/2376/2338 1585/2377/2339
f 1585/2377/2339 1598/2376/2338 1599/2378/2340
f 1585/2377/2339 1599/2378/2340 1584/2379/2341
f 1584/2379/2341 1599/2378/2340 1600/2380/2342
f 1584/2379/2341 1600/2380/2342 1583/2381/2343
f 1583/2381/2343 1600/2380/2342 1601/2382/2344
f 1583/2381/2343 1601/2382/2344 1582/2383/2345
f 1582/2383/2345 1601/2382/2344 1602/2384/2346
f 1582/2383/2345 1602/2384/2346 1581/2385/2347
f 1581/2385/2347 1602/2384/2346 1603/2386/2348
f 1581/2385/2347 1603/2386/2348 1580/2387/2349
f 1580/2387/2349 1603/2386/2348 1604/2388/2350
f 1580/2387/2349 1604/2388/2350 1579/2389/2351
f 1579/2389/2351 1604/2388/2350 1605/2390/2352
f 1579/2389/2351 1605/2390/2352 1578/2391/2353
f 1578/2391/2353 1605/2390/2352 1606/2392/2354
f 1578/2391/2353 1606/2392/2354 1577/2393/2355
f 1577/2393/2355 1606/2392/2354 1607/2394/2356
f 1577/2393/2355 1607/2394/2356 1576/2395/2357
f 1576/2395/2357 1607/2394/2356 1608/2396/2358
f 1576/2395/2357 1608/2396/2358 1575/2397/2359
f 1575/2397/2359 1608/2396/2358 1609/2398/2360
f 1575/2397/2359 1609/2398/2360 1574/2399/2361
f 1574/2399/2361 1609/2398/2360 1610/2400/2362
f 1574/2399/2361 1610/2400/2362 1573/2401/2363
f 1573/2401/2363 1610/2400/2362 1611/2402/2364
f 1573/2401/2363 1611/2402/2364 1572/2403/2365
f 1572/2403/2365 1611/2402/2364 1612/2404/2366
f 1572/2403/2365 1612/2404/2366 1571/2405/2367
f 1571/2405/2367 1612/2404/2366 1613/2406/2368
f 1571/2405/2367 1613/2406/2368 1570/2407/2369
f 1570/2407/2369 1613/2406/2368 1614/2408/2370
f 1570/2407/2369 1614/2408/2370 1569/2409/2371
f 1569/2409/2371 1614/2408/2370 1615/2410/2372
f 1569/2409/2371 1615/2410/2372 1568/2411/2373
f 1568/2411/2373 1615/2410/2372 1616/2412/2374
f 1568/2411/2373 1616/2412/2374 1567/2413/2375
f 1567/2413/2375 1616/2412/2374 1617/2414/2376
f 1567/2413/2375 1617/2414/2376 1566/2415/2377
f 1566/2415/2377 1617/2414/2376 1618/2416/2378
f 1566/2415/2377 1618/2416/2378 1565/2417/2379
f 1565/2417/2379 1618/2416/2378 1619/2418/2380
f 1565/2417/2379 1619/2418/2380 1564/2419/2381
f 1564/2419/2381 1619/2418/2380 1620/2420/2382
f 1564/2419/2381 1620/2420/2382 1563/2421/2383
f 1563/2421/2383 1620/2420/2382 1621/2422/2384
f 1563/2421/2383 1621/2422/2384 1562/2423/2385
f 1562/2423/2385 1621/2422/2384 1622/2424/2386
f 1562/2423/2385 1622/2424/2386 1561/2425/2387
f 1561/2425/2387 1622/2424/2386 1623/2426/2388
f 1561/2425/2387 1623/2426/2388 1560/2427/2389
f 1560/2427/2389 1623/2426/2388 1624/2428/2390
f 1560/2427/2389 1624/2428/2390 1559/2429/2391
f 1559/2429/2391 1624/2428/2390 1625/2430/2392
f 1559/2429/2391 1625/2430/2392 1558/2431/2393
f 1558/2431/2393 1625/2430/2392 1626/2432/2394
f 1558/2431/2393 1626/2432/2394 1557/2433/2395
f 1557/2433/2395 1626/2432/2394 1627/2434/2396
f 1557/2433/2395 1627/2434/2396 1556/2435/2397
f 1556/2435/2397 1627/2434/2396 1628/2436/2398
f 1556/2435/2397 1628/2436/2398 1555/2437/2399
f 1555/2437/2399 1628/2436/2398 1629/2438/2400
f 1555/2437/2399 1629/2438/2400 1554/2439/2401
f 1554/2439/2401 1629/2438/2400 1630/2440/2402
f 1554/2439/2401 1630/2440/2402 1553/2441/2403
f 1553/2441/2403 1630/2440/2402 1631/2442/2404
f 1553/2441/2403 1631/2442/2404 1552/2443/2405
f 1552/2443/2405 1631/2442/2404 1632/2444/2406
f 1552/2443/2405 1632/2444/2406 1551/2445/2407
f 1551/2445/2407 1632/2444/2406 1633/2446/2408
f 1551/2445/2407 1633/2446/2408 1550/2359/2323
f 1550/2359/2323 1633/2446/2408 1634/2360/2324
f 1549/2447/2409 1591/2448/2410 1550/2449/2411
f 1550/2449/2411 1591/2448/2410 1551/2450/2412
f 1551/2450/2412 1591/2448/2410 1590/2451/2413
f 1551/2450/2412 1590/2451/2413 1552/2452/2414
f 1552/2452/2414 1590/2451/2413 1553/2453/2415
f 1553/2453/2415 1590/2451/2413 1554/2454/2416
f 1554/2454/2416 1590/2451/2413 1589/2455/2417
f 1554/2454/2416 1589/2455/2417 1555/2456/2418
f 1555/2456/2418 1589/2455/2417 1556/2457/2419
f 1556/2457/2419 1589/2455/2417 1557/2458/2420
f 1557/2458/2420 1589/2455/2417 1558/2459/2421
f 1558/2459/2421 1589/2455/2417 1559/2460/2422
f 1559/2460/2422 1589/2455/2417 1560/2461/2423
f 1560/2461/2423 1589/2455/2417 1561/2462/2424
f 1561/2462/2424 1589/2455/2417 1562/2463/2425
f 1562/2463/2425 1589/2455/2417 1563/2464/2426
f 1563/2464/2426 1589/2455/2417 1564/2465/2427
f 1564/2465/2427 1589/2455/2417 1565/2466/2428
f 1565/2466/2428 1589/2455/2417 1566/2467/2429
f 1566/2467/2429 1589/2455/2417 1567/2468/2430
f 1567/2468/2430 1589/2455/2417 1568/2469/2431
f 1568/2469/2431 1589/2455/2417 1569/2470/2432
f 1569/2470/2432 1589/2455/2417 1570/2471/2433
f 1570/2471/2433 1589/2455/2417 1571/2472/2434
f 1571/2472/2434 1589/2455/2417 1572/2473/2435
f 1572/2473/2435 1589/2455/2417 1573/2474/2436
f 1573/2474/2436 1589/2455/2417 1574/2475/2437
f 1574/2475/2437 1589/2455/2417 1588/2476/2438
f 1574/2475/2437 1588/2476/2438 1575/2477/2439
f 1575/2477/2439 1588/2476/2438 1587/2478/2440
f 1575/2477/2439 1587/2478/2440 1576/2479/2441
f 1576/2479/2441 1587/2478/2440 1586/2480/2442
f 1576/2479/2441 1586/2480/2442 1577/2481/2443
f 1577/2481/2443 1586/2480/2442 1585/2482/2444
f 1577/2481/2443 1585/2482/2444 1578/2483/2445
f 1578/2483/2445 1585/2482/2444 1584/2484/2446
f 1578/2483/2445 1584/2484/2446 1579/2485/2447
f 1579/2485/2447 1584/2484/2446 1583/2486/2448
f 1579/2485/2447 1583/2486/2448 1580/2487/2449
f 1580/2487/2449 1583/2486/2448 1582/2488/2450
f 1580/2487/2449 1582/2488/2450 1581/2489/2451
f 1636/2490/2452 1720/2491/2453 1635/2492/2454
f 1635/2492/2454 1720/2491/2453 1678/2493/2455
f 1635/2494/2454 1678/2495/2455 1677/2496/2456
f 1677/2496/2456 1678/2495/2455 1679/2497/2457
f 1677/2496/2456 1679/2497/2457 1676/2498/2458
f 1676/2498/2458 1679/2497/2457 1680/2499/2459
f 1676/2498/2458 1680/2499/2459 1675/2500/2460
f 1675/2500/2460 1680/2499/2459 1681/2501/2461
f 1675/2500/2460 1681/2501/2461 1674/2502/2462
f 1674/2502/2462 1681/2501/2461 1682/2503/2463
f 1674/2502/2462 1682/2503/2463 1673/2504/2464
f 1673/2504/2464 1682/2503/2463 1683/2505/2465
f 1673/2504/2464 1683/2505/2465 1672/2506/2466
f 1672/2506/2466 1683/2505/2465 1684/2507/2467
f 1672/2506/2466 1684/2507/2467 1671/2508/2468
f 1671/2508/2468 1684/2507/2467 1685/2509/2469
f 1671/2508/2468 1685/2509/2469 1670/2510/2470
f 1670/2510/2470 1685/2509/2469 1686/2511/2471
f 1670/2510/2470 1686/2511/2471 1669/2512/2472
f 1669/2512/2472 1686/2511/2471 1687/2513/2473
f 1669/2512/2472 1687/2513/2473 1668/2514/2474
f 1668/2514/2474 1687/2513/2473 1688/2515/2475
f 1668/2514/2474 1688/2515/2475 1667/2516/2476
f 1667/2516/2476 1688/2515/2475 1689/2517/2477
f 1667/2516/2476 1689/2517/2477 1666/2518/2478
f 1666/2518/2478 1689/2517/2477 1690/2519/2479
f 1666/2518/2478 1690/2519/2479 1665/2520/2480
f 1665/2520/2480 1690/2519/2479 1691/2521/2481
f 1665/2520/2480 1691/2521/2481 1664/2522/2482
f 1664/2522/2482 1691/2521/2481 1692/2523/2483
f 1664/2522/2482 1692/2523/2483 1663/2524/2484
f 1663/2524/2484 1692/2523/2483 1693/2525/2485
f 1663/2524/2484 1693/2525/2485 1662/2526/2486
f 1662/2526/2486 1693/2525/2485 1694/2527/2487
f 1662/2526/2486 1694/2527/2487 1661/2528/2488
f 1661/2528/2488 1694/2527/2487 1695/2529/2489
f 1661/2528/2488 1695/2529/2489 1660/2530/2490
f 1660/2530/2490 1695/2529/2489 1696/2531/2491
f 1660/2530/2490 1696/2531/2491 1659/2532/2492
f 1659/2532/2492 1696/2531/2491 1697/2533/2493
f 1659/2532/2492 1697/2533/2493 1658/2534/2494
f 1658/2534/2494 1697/2533/2493 1698/2535/2495
f 1658/2534/2494 1698/2535/2495 1657/2536/2496
f 1657/2536/2496 1698/2535/2495 1699/2537/2497
f 1657/2536/2496 1699/2537/2497 1656/2538/2498
f 1656/2538/2498 1699/2537/2497 1700/2539/2499
f 1656/2538/2498 1700/2539/2499 1655/2540/2500
f 1655/2540/2500 1700/2539/2499 1701/2541/2501
f 1655/2540/2500 1701/2541/2501 1654/2542/2502
f 1654/2542/2502 1701/2541/2501 1702/2543/2503
f 1654/2542/2502 1702/2543/2503 1653/2544/2504
f 1653/2544/2504 1702/2543/2503 1703/2545/2505
f 1653/2544/2504 1703/2545/2505 1652/2546/2506
f 1652/2546/2506 1703/2545/2505 1704/2547/2507
f 1652/2546/2506 1704/2547/2507 1651/2548/2508
f 1651/2548/2508 1704/2547/2507 1705/2549/2509
f 1651/2548/2508 1705/2549/2509 1650/2550/2510
f 1650/2550/2510 1705/2549/2509 1706/2551/2511
f 1650/2550/2510 1706/2551/2511 1649/2552/2512
f 1649/2552/2512 1706/2551/2511 1707/2553/2513
f 1649/2552/2512 1707/2553/2513 1648/2554/2514
f 1648/2554/2514 1707/2553/2513 1708/2555/2515
f 1648/2554/2514 1708/2555/2515 1647/2556/2516
f 1647/2556/2516 1708/2555/2515 1709/2557/2517
f 1647/2556/2516 1709/2557/2517 1646/2558/2518
f 1646/2558/2518 1709/2557/2517 1710/2559/2519
f 1646/2558/2518 1710/2559/2519 1645/2560/2520
f 1645/2560/2520 1710/2559/2519 1711/2561/2521
f 1645/2560/2520 1711/2561/2521 1644/2562/2522
f 1644/2562/2522 1711/2561/2521 1712/2563/2523
f 1644/2562/2522 1712/2563/2523 1643/2564/2524
f 1643/2564/2524 1712/2563/2523 1713/2565/2525
f 1643/2564/2524 1713/2565/2525 1642/2566/2526
f 1642/2566/2526 1713/2565/2525 1714/2567/2527
f 1642/2566/2526 1714/2567/2527 1641/2568/2528
f 1641/2568/2528 1714/2567/2527 1715/2569/2529
f 1641/2568/2528 1715/2569/2529 1640/2570/2530
f 1640/2570/2530 1715/2569/2529 1716/2571/2531
f 1640/2570/2530 1716/2571/2531 1639/2572/2532
f 1639/2572/2532 1716/2571/2531 1717/2573/2533
f 1639/2572/2532 1717/2573/2533 1638/2574/2534
f 1638/2574/2534 1717/2573/2533 1718/2575/2535
f 1638/2574/2534 1718/2575/2535 1637/2576/2536
f 1637/2576/2536 1718/2575/2535 1719/2577/2537
f 1637/2576/2536 1719/2577/2537 1636/2490/2452
f 1636/2490/2452 1719/2577/2537 1720/2491/2453
f 1635/2578/2538 1677/2579/2539 1636/2580/2540
f 1636/2580/2540 1677/2579/2539 1637/2581/2541
f 1637/2581/2541 1677/2579/2539 1676/2582/2542
f 1637/2581/2541 1676/2582/2542 1638/2583/2543
f 1638/2583/2543 1676/2582/2542 1639/2584/2544
f 1639/2584/2544 1676/2582/2542 1640/2585/2545
f 1640/2585/2545 1676/2582/2542 1675/2586/2546
f 1640/2585/2545 1675/2586/2546 1641/2587/2547
f 1641/2587/2547 1675/2586/2546 1642/2588/2548
f 1642/2588/2548 1675/2586/2546 1643/2589/2549
f 1643/2589/2549 1675/2586/2546 1644/2590/2550
f 1644/2590/2550 1675/2586/2546 1645/2591/2551
f 1645/2591/2551 1675/2586/2546 1646/2592/2552
f 1646/2592/2552 1675/2586/2546 1647/2593/2553
f 1647/2593/2553 1675/2586/2546 1648/2594/2554
f 1648/2594/2554 1675/2586/2546 1649/2595/2555
f 1649/2595/2555 1675/2586/2546 1650/2596/2556
f 1650/2596/2556 1675/2586/2546 1651/2597/2557
f 1651/2597/2557 1675/2586/2546 1652/2598/2558
f 1652/2598/2558 1675/2586/2546 1653/2599/2559
f 1653/2599/2559 1675/2586/2546 1654/2600/2560
f 1654/2600/2560 1675/2586/2546 1655/2601/2561
f 1655/2601/2561 1675/2586/2546 1656/2602/2562
f 1656/2602/2562 1675/2586/2546 1657/2603/2563
f 1657/2603/2563 1675/2586/2546 1658/2604/2564
f 1658/2604/2564 1675/2586/2546 1659/2605/2565
f 1659/2605/2565 1675/2586/2546 1660/2606/2566
f 1660/2606/2566 1675/2586/2546 1674/2607/2567
f 1660/2606/2566 1674/2607/2567 1661/2608/2568
f 1661/2608/2568 1674/2607/2567 1673/2609/2569
f 1661/2608/2568 1673/2609/2569 1662/2610/2570
f 1662/2610/2570 1673/2609/2569 1672/2611/2571
f 1662/2610/2570 1672/2611/2571 1663/2612/2572
f 1663/2612/2572 1672/2611/2571 1671/2613/2573
f 1663/2612/2572 1671/2613/2573 1664/2614/2574
f 1664/2614/2574 1671/2613/2573 1670/2615/2575
f 1664/2614/2574 1670/2615/2575 1665/2616/2576
f 1665/2616/2576 1670/2615/2575 1669/2617/2577
f 1665/2616/2576 1669/2617/2577 1666/2618/2578
f 1666/2618/2578 1669/2617/2577 1668/2619/2579
f 1666/2618/2578 1668/2619/2579 1667/2620/2580
f 1722/2621/2581 1806/2622/2582 1721/2623/2583
f 1721/2623/2583 1806/2622/2582 1764/2624/2584
f 1721/2625/2583 1764/2626/2584 1763/2627/2585
f 1763/2627/2585 1764/2626/2584 1765/2628/2586
f 1763/2627/2585 1765/2628/2586 1762/2629/2587
f 1762/2629/2587 1765/2628/2586 1766/2630/2588
f 1762/2629/2587 1766/2630/2588 1761/2631/2589
f 1761/2631/2589 1766/2630/2588 1767/2632/2590
f 1761/2631/2589 1767/2632/2590 1760/2633/2591
f 1760/2633/2591 1767/2632/2590 1768/2634/2592
f 1760/2633/2591 1768/2634/2592 1759/2635/2593
f 1759/2635/2593 1768/2634/2592 1769/2636/2594
f 1759/2635/2593 1769/2636/2594 1758/2637/2595
f 1758/2637/2595 1769/2636/2594 1770/2638/2596
f 1758/2637/2595 1770/2638/2596 1757/2639/2597
f 1757/2639/2597 1770/2638/2596 1771/2640/2598
f 1757/2639/2597 1771/2640/2598 1756/2641/2599
f 1756/2641/2599 1771/2640/2598 1772/2642/2600
f 1756/2641/2599 1772/2642/2600 1755/2643/2601
f 1755/2643/2601 1772/2642/2600 1773/2644/2602
f 1755/2643/2601 1773/2644/2602 1754/2645/2603
f 1754/2645/2603 1773/2644/2602 1774/2646/2604
f 1754/2645/2603 1774/2646/2604 1753/2647/2605
f 1753/2647/2605 1774/2646/2604 1775/2648/2606
f 1753/2647/2605 1775/2648/2606 1752/2649/2607
f 1752/2649/2607 1775/2648/2606 1776/2650/2608
f 1752/2649/2607 1776/2650/2608 1751/2651/2609
f 1751/2651/2609 1776/2650/2608 1777/2652/2610
f 1751/2651/2609 1777/2652/2610 1750/2653/2611
f 1750/2653/2611 1777/2652/2610 1778/2654/2612
f 1750/2653/2611 1778/2654/2612 1749/2655/2613
f 1749/2655/2613 1778/2654/2612 1779/2656/2614
f 1749/2655/2613 1779/2656/2614 1748/2657/2615
f 1748/2657/2615 1779/2656/2614 1780/2658/2616
f 1748/2657/2615 1780/2658/2616 1747/2659/2617
f 1747/2659/2617 1780/2658/2616 1781/2660/2618
f 1747/2659/2617 1781/2660/2618 1746/2661/2619
f 1746/2661/2619 1781/2660/2618 1782/2662/2620
f 1746/2661/2619 1782/2662/2620 1745/2663/2621
f 1745/2663/2621 1782/2662/2620 1783/2664/2622
f 1745/2663/2621 1783/2664/2622 1744/2665/2623
f 1744/2665/2623 1783/2664/2622 1784/2666/2624
f 1744/2665/2623 1784/2666/2624 1743/2667/2625
f 1743/2667/2625 1784/2666/2624 1785/2668/2626
f 1743/2667/2625 1785/2668/2626 1742/2669/2627
f 1742/2669/2627 1785/2668/2626 1786/2670/2628
f 1742/2669/2627 1786/2670/2628 1741/2671/2629
f 1741/2671/2629 1786/2670/2628 1787/2672/2630
f 1741/2671/2629 1787/2672/2630 1740/2673/2631
f 1740/2673/2631 1787/2672/2630 1788/2674/2632
f 1740/2673/2631 1788/2674/2632 1739/2675/2633
f 1739/2675/2633 1788/2674/2632 1789/2676/2634
f 1739/2675/2633 1789/2676/2634 1738/2677/2635
f 1738/2677/2635 1789/2676/2634 1790/2678/2636
f 1738/2677/2635 1790/2678/2636 1737/2679/2637
f 1737/2679/2637 1790/2678/2636 1791/2680/2638
f 1737/2679/2637 1791/2680/2638 1736/2681/2639
f 1736/2681/2639 1791/2680/2638 1792/2682/2640
f 1736/2681/2639 1792/2682/2640 1735/2683/2641
f 1735/2683/2641 1792/2682/2640 1793/2684/2642
f 1735/2683/2641 1793/2684/2642 1734/2685/2643
f 1734/2685/2643 1793/2684/2642 1794/2686/2644
f 1734/2685/2643 1794/2686/2644 1733/2687/2645
f 1733/2687/2645 1794/2686/2644 1795/2688/2646
f 1733/2687/2645 1795/2688/2646 1732/2689/2647
f 1732/2689/2647 1795/2688/2646 1796/2690/2648
f 1732/2689/2647 1796/2690/2648 1731/2691/2649
f 1731/2691/2649 1796/2690/2648 1797/2692/2650
f 1731/2691/2649 1797/2692/2650 1730/2693/2651
f 1730/2693/2651 1797/2692/2650 1798/2694/2652
f 1730/2693/2651 1798/2694/2652 1729/2695/2653
f 1729/2695/2653 1798/2694/2652 1799/2696/2654
f 1729/2695/2653 1799/2696/2654 1728/2697/2655
f 1728/2697/2655 1799/2696/2654 1800/2698/2656
f 1728/2697/2655 1800/2698/2656 1727/2699/2657
f 1727/2699/2657 1800/2698/2656 1801/2700/2658
f 1727/2699/2657 1801/2700/2658 1726/2701/2659
f 1726/2701/2659 1801/2700/2658 1802/2702/2660
f 1726/2701/2659 1802/2702/2660 1725/2703/2661
f 1725/2703/2661 1802/2702/2660 1803/2704/2662
f 1725/2703/2661 1803/2704/2662 1724/2705/2663
f 1724/2705/2663 1803/2704/2662 1804/2706/2664
f 1724/2705/2663 1804/2706/2664 1723/2707/2665
f 1723/2707/2665 1804/2706/2664 1805/2708/2666
f 1723/2707/2665 1805/2708/2666 1722/2621/2581
f 1722/2621/2581 1805/2708/2666 1806/2622/2582
f 1721/2709/2667 1763/2710/2668 1722/2711/2669
f 1722/2711/2669 1763/2710/2668 1723/2712/2670
f 1723/2712/2670 1763/2710/2668 1762/2713/2671
f 1723/2712/2670 1762/2713/2671 1724/2714/2672
f 1724/2714/2672 1762/2713/2671 1725/2715/2673
f 1725/2715/2673 1762/2713/2671 1726/2716/2674
f 1726/2716/2674 1762/2713/2671 1761/2717/2675
f 1726/2716/2674 1761/2717/2675 1727/2718/2676
f 1727/2718/2676 1761/2717/2675 1728/2719/2677
f 1728/2719/2677 1761/2717/2675 1729/2720/2678
f 1729/2720/2678 1761/2717/2675 1730/2721/2679
f 1730/2721/2679 1761/2717/2675 1731/2722/2680
f 1731/2722/2680 1761/2717/2675 1732/2723/2681
f 1732/2723/2681 1761/2717/2675 1733/2724/2682
f 1733/2724/2682 1761/2717/2675 1734/2725/2683
f 1734/2725/2683 1761/2717/2675 1735/2726/2684
f 1735/2726/2684 1761/2717/2675 1736/2727/2685
f 1736/2727/2685 1761/2717/2675 1737/2728/2686
f 1737/2728/2686 1761/2717/2675 1738/2729/2687
f 1738/2729/2687 1761/2717/2675 1739/2730/2688
f 1739/2730/2688 1761/2717/2675 1740/2731/2689
f 1740/2731/2689 1761/2717/2675 1741/2732/2690
f 1741/2732/2690 1761/2717/2675 1742/2733/2691
f 1742/2733/2691 1761/2717/2675 1743/2734/2692
f 1743/2734/2692 1761/2717/2675 1744/2735/2693
f 1744/2735/2693 1761/2717/2675 1745/2736/2694
f 1745/2736/2694 1761/2717/2675 1746/2737/2695
f 1746/2737/2695 1761/2717/2675 1760/2738/2696
f 1746/2737/2695 1760/2738/2696 1747/2739/2697
f 1747/2739/2697 1760/2738/2696 1759/2740/2698
f 1747/2739/2697 1759/2740/2698 1748/2741/2699
f 1748/2741/2699 1759/2740/2698 1758/2742/2700
f 1748/2741/2699 1758/2742/2700 1749/2743/2701
f 1749/2743/2701 1758/2742/2700 1757/2744/2702
f 1749/2743/2701 1757/2744/2702 1750/2745/2703
f 1750/2745/2703 1757/2744/2702 1756/2746/2704
f 1750/2745/2703 1756/2746/2704 1751/2747/2705
f 1751/2747/2705 1756/2746/2704 1755/2748/2706
f 1751/2747/2705 1755/2748/2706 1752/2749/2707
f 1752/2749/2707 1755/2748/2706 1754/2750/2708
f 1752/2749/2707 1754/2750/2708 1753/2751/2709
usemtl Materiał_bazowy_—_metal_1
f 1833/2752/2710 1807/2753/2711 1842/2754/2712
f 1842/2754/2712 1807/2753/2711 1808/2755/2713
f 1842/2754/2712 1808/2755/2713 1843/2756/2714
f 1843/2756/2714 1808/2755/2713 1809/2757/2715
f 1843/2756/2714 1809/2757/2715 1844/2758/2716
f 1844/2758/2716 1809/2757/2715 1851/2759/2717
f 1844/2758/2716 1851/2759/2717 1852/2760/2718
f 1852/2760/2718 1851/2759/2717 1810/2761/2719
f 1852/2760/2718 1810/2761/2719 1811/2762/2720
f 1809/2757/2715 1810/2761/2719 1851/2759/2717
f 1812/2763/2721 1858/2764/2722 1811/2762/2720
f 1811/2762/2720 1858/2764/2722 1853/2765/2723
f 1811/2762/2720 1853/2765/2723 1852/2760/2718
f 1852/2760/2718 1853/2765/2723 1845/2766/2724
f 1852/2760/2718 1845/2766/2724 1844/2758/2716
f 1844/2758/2716 1845/2766/2724 1841/2767/2725
f 1844/2758/2716 1841/2767/2725 1842/2754/2712
f 1842/2754/2712 1841/2767/2725 1872/2768/2726
f 1842/2754/2712 1872/2768/2726 1833/2752/2710
f 1833/2752/2710 1872/2768/2726 1832/2769/2727
f 1832/2769/2727 1872/2768/2726 1871/2770/2728
f 1832/2769/2727 1871/2770/2728 1879/2771/2729
f 1879/2771/2729 1871/2770/2728 1870/2772/2730
f 1879/2771/2729 1870/2772/2730 1878/2773/2731
f 1878/2773/2731 1870/2772/2730 1869/2774/2732
f 1878/2773/2731 1869/2774/2732 1877/2775/2733
f 1877/2775/2733 1869/2774/2732 1868/2776/2734
f 1877/2775/2733 1868/2776/2734 1876/2777/2735
f 1876/2777/2735 1868/2776/2734 1867/2778/2736
f 1876/2777/2735 1867/2778/2736 1875/2779/2737
f 1875/2779/2737 1867/2778/2736 1866/2780/2738
f 1875/2779/2737 1866/2780/2738 1874/2781/2739
f 1874/2781/2739 1866/2780/2738 1865/2782/2740
f 1874/2781/2739 1865/2782/2740 1873/2783/2741
f 1873/2783/2741 1865/2782/2740 1822/2784/2742
f 1873/2783/2741 1822/2784/2742 1823/2785/2743
f 1858/2764/2722 1812/2763/2721 1859/2786/2744
f 1859/2786/2744 1812/2763/2721 1813/2787/2745
f 1859/2786/2744 1813/2787/2745 1860/2788/2746
f 1860/2788/2746 1813/2787/2745 1862/2789/2747
f 1860/2788/2746 1862/2789/2747 1861/2790/2748
f 1861/2790/2748 1862/2789/2747 1863/2791/2749
f 1861/2790/2748 1863/2791/2749 1834/2792/2750
f 1834/2792/2750 1863/2791/2749 1864/2793/2751
f 1834/2792/2750 1864/2793/2751 1817/2794/2752
f 1817/2794/2752 1864/2793/2751 1816/2795/2753
f 1816/2795/2753 1864/2793/2751 1815/2796/2754
f 1815/2796/2754 1864/2793/2751 1863/2791/2749
f 1815/2796/2754 1863/2791/2749 1814/2797/2755
f 1814/2797/2755 1863/2791/2749 1862/2789/2747
f 1814/2797/2755 1862/2789/2747 1813/2787/2745
f 1817/2794/2752 1818/2798/2756 1834/2792/2750
f 1834/2792/2750 1818/2798/2756 1857/2799/2757
f 1834/2792/2750 1857/2799/2757 1856/2800/2758
f 1856/2800/2758 1857/2799/2757 1849/2801/2759
f 1856/2800/2758 1849/2801/2759 1848/2802/2760
f 1848/2802/2760 1849/2801/2759 1837/2803/2761
f 1848/2802/2760 1837/2803/2761 1838/2804/2762
f 1838/2804/2762 1837/2803/2761 1868/2776/2734
f 1838/2804/2762 1868/2776/2734 1869/2774/2732
f 1818/2798/2756 1819/2805/2763 1857/2799/2757
f 1857/2799/2757 1819/2805/2763 1850/2806/2764
f 1857/2799/2757 1850/2806/2764 1849/2801/2759
f 1849/2801/2759 1850/2806/2764 1836/2807/2765
f 1849/2801/2759 1836/2807/2765 1837/2803/2761
f 1837/2803/2761 1836/2807/2765 1867/2778/2736
f 1837/2803/2761 1867/2778/2736 1868/2776/2734
f 1819/2805/2763 1820/2808/2766 1850/2806/2764
f 1850/2806/2764 1820/2808/2766 1835/2809/2767
f 1850/2806/2764 1835/2809/2767 1836/2807/2765
f 1836/2807/2765 1835/2809/2767 1866/2780/2738
f 1836/2807/2765 1866/2780/2738 1867/2778/2736
f 1820/2808/2766 1821/2810/2768 1835/2809/2767
f 1835/2809/2767 1821/2810/2768 1865/2782/2740
f 1835/2809/2767 1865/2782/2740 1866/2780/2738
f 1821/2810/2768 1822/2784/2742 1865/2782/2740
f 1873/2783/2741 1823/2785/2743 1880/2811/2769
f 1880/2811/2769 1823/2785/2743 1824/2812/2770
f 1880/2811/2769 1824/2812/2770 1887/2813/2771
f 1887/2813/2771 1824/2812/2770 1825/2814/2772
f 1887/2813/2771 1825/2814/2772 1826/2815/2773
f 1887/2813/2771 1826/2815/2773 1886/2816/2774
f 1886/2816/2774 1826/2815/2773 1827/2817/2775
f 1886/2816/2774 1827/2817/2775 1885/2818/2776
f 1885/2818/2776 1827/2817/2775 1828/2819/2777
f 1885/2818/2776 1828/2819/2777 1882/2820/2778
f 1882/2820/2778 1828/2819/2777 1883/2821/2779
f 1882/2820/2778 1883/2821/2779 1875/2779/2737
f 1875/2779/2737 1883/2821/2779 1876/2777/2735
f 1828/2819/2777 1829/2822/2780 1883/2821/2779
f 1883/2821/2779 1829/2822/2780 1884/2823/2781
f 1883/2821/2779 1884/2823/2781 1876/2777/2735
f 1876/2777/2735 1884/2823/2781 1877/2775/2733
f 1829/2822/2780 1830/2824/2782 1884/2823/2781
f 1884/2823/2781 1830/2824/2782 1877/2775/2733
f 1877/2775/2733 1830/2824/2782 1878/2773/2731
f 1878/2773/2731 1830/2824/2782 1831/2825/2783
f 1878/2773/2731 1831/2825/2783 1879/2771/2729
f 1879/2771/2729 1831/2825/2783 1832/2769/2727
f 1838/2804/2762 1839/2826/2784 1847/2827/2785
f 1847/2827/2785 1839/2826/2784 1846/2828/2786
f 1847/2827/2785 1846/2828/2786 1854/2829/2787
f 1854/2829/2787 1846/2828/2786 1853/2765/2723
f 1854/2829/2787 1853/2765/2723 1859/2786/2744
f 1859/2786/2744 1853/2765/2723 1858/2764/2722
f 1839/2826/2784 1840/2830/2788 1846/2828/2786
f 1846/2828/2786 1840/2830/2788 1845/2766/2724
f 1846/2828/2786 1845/2766/2724 1853/2765/2723
f 1838/2804/2762 1869/2774/2732 1839/2826/2784
f 1839/2826/2784 1869/2774/2732 1870/2772/2730
f 1839/2826/2784 1870/2772/2730 1840/2830/2788
f 1840/2830/2788 1870/2772/2730 1871/2770/2728
f 1840/2830/2788 1871/2770/2728 1841/2767/2725
f 1841/2767/2725 1871/2770/2728 1872/2768/2726
f 1840/2830/2788 1841/2767/2725 1845/2766/2724
f 1843/2756/2714 1844/2758/2716 1842/2754/2712
f 1838/2804/2762 1847/2827/2785 1848/2802/2760
f 1848/2802/2760 1847/2827/2785 1855/2831/2789
f 1848/2802/2760 1855/2831/2789 1856/2800/2758
f 1856/2800/2758 1855/2831/2789 1861/2790/2748
f 1856/2800/2758 1861/2790/2748 1834/2792/2750
f 1855/2831/2789 1847/2827/2785 1854/2829/2787
f 1859/2786/2744 1860/2788/2746 1854/2829/2787
f 1854/2829/2787 1860/2788/2746 1855/2831/2789
f 1860/2788/2746 1861/2790/2748 1855/2831/2789
f 1882/2820/2778 1875/2779/2737 1874/2781/2739
f 1874/2781/2739 1873/2783/2741 1881/2832/2790
f 1881/2832/2790 1873/2783/2741 1880/2811/2769
f 1881/2832/2790 1880/2811/2769 1886/2816/2774
f 1886/2816/2774 1880/2811/2769 1887/2813/2771
f 1885/2818/2776 1882/2820/2778 1881/2832/2790
f 1881/2832/2790 1882/2820/2778 1874/2781/2739
f 1885/2818/2776 1881/2832/2790 1886/2816/2774
f 1914/2833/2791 1888/2834/2792 1923/2835/2793
f 1923/2835/2793 1888/2834/2792 1889/2836/2794
f 1923/2835/2793 1889/2836/2794 1924/2837/2795
f 1924/2837/2795 1889/2836/2794 1890/2838/2796
f 1924/2837/2795 1890/2838/2796 1925/2839/2797
f 1925/2839/2797 1890/2838/2796 1932/2840/2798
f 1925/2839/2797 1932/2840/2798 1933/2841/2799
f 1933/2841/2799 1932/2840/2798 1891/2842/2800
f 1933/2841/2799 1891/2842/2800 1892/2843/2801
f 1890/2838/2796 1891/2842/2800 1932/2840/2798
f 1893/2844/2802 1939/2845/2803 1892/2843/2801
f 1892/2843/2801 1939/2845/2803 1934/2846/2804
f 1892/2843/2801 1934/2846/2804 1933/2841/2799
f 1933/2841/2799 1934/2846/2804 1926/2847/2805
f 1933/2841/2799 1926/2847/2805 1925/2839/2797
f 1925/2839/2797 1926/2847/2805 1922/2848/2806
f 1925/2839/2797 1922/2848/2806 1923/2835/2793
f 1923/2835/2793 1922/2848/2806 1953/2849/2807
f 1923/2835/2793 1953/2849/2807 1914/2833/2791
f 1914/2833/2791 1953/2849/2807 1913/2850/2808
f 1913/2850/2808 1953/2849/2807 1952/2851/2809
f 1913/2850/2808 1952/2851/2809 1960/2852/2810
f 1960/2852/2810 1952/2851/2809 1951/2853/2811
f 1960/2852/2810 1951/2853/2811 1959/2854/2812
f 1959/2854/2812 1951/2853/2811 1950/2855/2813
f 1959/2854/2812 1950/2855/2813 1958/2856/2814
f 1958/2856/2814 1950/2855/2813 1949/2857/2815
f 1958/2856/2814 1949/2857/2815 1957/2858/2816
f 1957/2858/2816 1949/2857/2815 1948/2859/2817
f 1957/2858/2816 1948/2859/2817 1956/2860/2818
f 1956/2860/2818 1948/2859/2817 1947/2861/2819
f 1956/2860/2818 1947/2861/2819 1955/2862/2820
f 1955/2862/2820 1947/2861/2819 1946/2863/2821
f 1955/2862/2820 1946/2863/2821 1954/2864/2822
f 1954/2864/2822 1946/2863/2821 1903/2865/2823
f 1954/2864/2822 1903/2865/2823 1904/2866/2824
f 1939/2845/2803 1893/2844/2802 1940/2867/2825
f 1940/2867/2825 1893/2844/2802 1894/2868/2826
f 1940/2867/2825 1894/2868/2826 1941/2869/2827
f 1941/2869/2827 1894/2868/2826 1943/2870/2828
f 1941/2869/2827 1943/2870/2828 1942/2871/2829
f 1942/2871/2829 1943/2870/2828 1944/2872/2830
f 1942/2871/2829 1944/2872/2830 1915/2873/2831
f 1915/2873/2831 1944/2872/2830 1945/2874/2832
f 1915/2873/2831 1945/2874/2832 1898/2875/2833
f 1898/2875/2833 1945/2874/2832 1897/2876/2834
f 1897/2876/2834 1945/2874/2832 1896/2877/2835
f 1896/2877/2835 1945/2874/2832 1944/2872/2830
f 1896/2877/2835 1944/2872/2830 1895/2878/2836
f 1895/2878/2836 1944/2872/2830 1943/2870/2828
f 1895/2878/2836 1943/2870/2828 1894/2868/2826
f 1898/2875/2833 1899/2879/2837 1915/2873/2831
f 1915/2873/2831 1899/2879/2837 1938/2880/2838
f 1915/2873/2831 1938/2880/2838 1937/2881/2839
f 1937/2881/2839 1938/2880/2838 1930/2882/2840
f 1937/2881/2839 1930/2882/2840 1929/2883/2841
f 1929/2883/2841 1930/2882/2840 1918/2884/2842
f 1929/2883/2841 1918/2884/2842 1919/2885/2843
f 1919/2885/2843 1918/2884/2842 1949/2857/2815
f 1919/2885/2843 1949/2857/2815 1950/2855/2813
f 1899/2879/2837 1900/2886/2844 1938/2880/2838
f 1938/2880/2838 1900/2886/2844 1931/2887/2845
f 1938/2880/2838 1931/2887/2845 1930/2882/2840
f 1930/2882/2840 1931/2887/2845 1917/2888/2846
f 1930/2882/2840 1917/2888/2846 1918/2884/2842
f 1918/2884/2842 1917/2888/2846 1948/2859/2817
f 1918/2884/2842 1948/2859/2817 1949/2857/2815
f 1900/2886/2844 1901/2889/2847 1931/2887/2845
f 1931/2887/2845 1901/2889/2847 1916/2890/2848
f 1931/2887/2845 1916/2890/2848 1917/2888/2846
f 1917/2888/2846 1916/2890/2848 1947/2861/2819
f 1917/2888/2846 1947/2861/2819 1948/2859/2817
f 1901/2889/2847 1902/2891/2849 1916/2890/2848
f 1916/2890/2848 1902/2891/2849 1946/2863/2821
f 1916/2890/2848 1946/2863/2821 1947/2861/2819
f 1902/2891/2849 1903/2865/2823 1946/2863/2821
f 1954/2864/2822 1904/2866/2824 1961/2892/2850
f 1961/2892/2850 1904/2866/2824 1905/2893/2851
f 1961/2892/2850 1905/2893/2851 1968/2894/2852
f 1968/2894/2852 1905/2893/2851 1906/2895/2853
f 1968/2894/2852 1906/2895/2853 1907/2896/2854
f 1968/2894/2852 1907/2896/2854 1967/2897/2855
f 1967/2897/2855 1907/2896/2854 1908/2898/2856
f 1967/2897/2855 1908/2898/2856 1966/2899/2857
f 1966/2899/2857 1908/2898/2856 1909/2900/2858
f 1966/2899/2857 1909/2900/2858 1963/2901/2859
f 1963/2901/2859 1909/2900/2858 1964/2902/2860
f 1963/2901/2859 1964/2902/2860 1956/2860/2818
f 1956/2860/2818 1964/2902/2860 1957/2858/2816
f 1909/2900/2858 1910/2903/2861 1964/2902/2860
f 1964/2902/2860 1910/2903/2861 1965/2904/2862
f 1964/2902/2860 1965/2904/2862 1957/2858/2816
f 1957/2858/2816 1965/2904/2862 1958/2856/2814
f 1910/2903/2861 1911/2905/2863 1965/2904/2862
f 1965/2904/2862 1911/2905/2863 1958/2856/2814
f 1958/2856/2814 1911/2905/2863 1959/2854/2812
f 1959/2854/2812 1911/2905/2863 1912/2906/2864
f 1959/2854/2812 1912/2906/2864 1960/2852/2810
f 1960/2852/2810 1912/2906/2864 1913/2850/2808
f 1919/2885/2843 1920/2907/2865 1928/2908/2866
f 1928/2908/2866 1920/2907/2865 1927/2909/2867
f 1928/2908/2866 1927/2909/2867 1935/2910/2868
f 1935/2910/2868 1927/2909/2867 1934/2846/2804
f 1935/2910/2868 1934/2846/2804 1940/2867/2825
f 1940/2867/2825 1934/2846/2804 1939/2845/2803
f 1920/2907/2865 1921/2911/2869 1927/2909/2867
f 1927/2909/2867 1921/2911/2869 1926/2847/2805
f 1927/2909/2867 1926/2847/2805 1934/2846/2804
f 1919/2885/2843 1950/2855/2813 1920/2907/2865
f 1920/2907/2865 1950/2855/2813 1951/2853/2811
f 1920/2907/2865 1951/2853/2811 1921/2911/2869
f 1921/2911/2869 1951/2853/2811 1952/2851/2809
f 1921/2911/2869 1952/2851/2809 1922/2848/2806
f 1922/2848/2806 1952/2851/2809 1953/2849/2807
f 1921/2911/2869 1922/2848/2806 1926/2847/2805
f 1924/2837/2795 1925/2839/2797 1923/2835/2793
f 1919/2885/2843 1928/2908/2866 1929/2883/2841
f 1929/2883/2841 1928/2908/2866 1936/2912/2870
f 1929/2883/2841 1936/2912/2870 1937/2881/2839
f 1937/2881/2839 1936/2912/2870 1942/2871/2829
f 1937/2881/2839 1942/2871/2829 1915/2873/2831
f 1936/2912/2870 1928/2908/2866 1935/2910/2868
f 1940/2867/2825 1941/2869/2827 1935/2910/2868
f 1935/2910/2868 1941/2869/2827 1936/2912/2870
f 1941/2869/2827 1942/2871/2829 1936/2912/2870
f 1963/2901/2859 1956/2860/2818 1955/2862/2820
f 1955/2862/2820 1954/2864/2822 1962/2913/2871
f 1962/2913/2871 1954/2864/2822 1961/2892/2850
f 1962/2913/2871 1961/2892/2850 1967/2897/2855
f 1967/2897/2855 1961/2892/2850 1968/2894/2852
f 1966/2899/2857 1963/2901/2859 1962/2913/2871
f 1962/2913/2871 1963/2901/2859 1955/2862/2820
f 1966/2899/2857 1962/2913/2871 1967/2897/2855
f 1995/2914/2872 1969/2915/2873 1996/2916/2874
f 1996/2916/2874 1969/2915/2873 1970/2917/2875
f 1996/2916/2874 1970/2917/2875 1999/2918/2876
f 1999/2918/2876 1970/2917/2875 1971/2919/2877
f 1999/2918/2876 1971/2919/2877 2004/2920/2878
f 2004/2920/2878 1971/2919/2877 1972/2921/2879
f 2004/2920/2878 1972/2921/2879 2011/2922/2880
f 2011/2922/2880 1972/2921/2879 1973/2923/2881
f 2011/2922/2880 1973/2923/2881 2019/2924/2882
f 2019/2924/2882 1973/2923/2881 1974/2925/2883
f 2019/2924/2882 1974/2925/2883 2027/2926/2884
f 2027/2926/2884 1974/2925/2883 1975/2927/2885
f 2027/2926/2884 1975/2927/2885 2035/2928/2886
f 2035/2928/2886 1975/2927/2885 1976/2929/2887
f 2035/2928/2886 1976/2929/2887 2042/2930/2888
f 2042/2930/2888 1976/2929/2887 1977/2931/2889
f 2042/2930/2888 1977/2931/2889 2049/2932/2890
f 2049/2932/2890 1977/2931/2889 1978/2933/2891
f 2049/2932/2890 1978/2933/2891 1979/2934/2892
f 2049/2932/2890 1979/2934/2892 2048/2935/2893
f 2048/2935/2893 1979/2934/2892 1980/2936/2894
f 2048/2935/2893 1980/2936/2894 2047/2937/2895
f 2047/2937/2895 1980/2936/2894 1981/2938/2896
f 2047/2937/2895 1981/2938/2896 2044/2939/2897
f 2044/2939/2897 1981/2938/2896 2045/2940/2898
f 2044/2939/2897 2045/2940/2898 2037/2941/2899
f 2037/2941/2899 2045/2940/2898 2038/2942/2900
f 2037/2941/2899 2038/2942/2900 2029/2943/2901
f 2029/2943/2901 2038/2942/2900 2030/2944/2902
f 2029/2943/2901 2030/2944/2902 2021/2945/2903
f 2021/2945/2903 2030/2944/2902 2022/2946/2904
f 2021/2945/2903 2022/2946/2904 2013/2947/2905
f 2013/2947/2905 2022/2946/2904 2014/2948/2906
f 2013/2947/2905 2014/2948/2906 2006/2949/2907
f 2006/2949/2907 2014/2948/2906 2007/2950/2908
f 2006/2949/2907 2007/2950/2908 2001/2951/2909
f 2001/2951/2909 2007/2950/2908 2002/2952/2910
f 2001/2951/2909 2002/2952/2910 1993/2953/2911
f 1993/2953/2911 2002/2952/2910 1992/2954/2912
f 1992/2954/2912 2002/2952/2910 2003/2955/2913
f 1992/2954/2912 2003/2955/2913 1991/2956/2914
f 1991/2956/2914 2003/2955/2913 2008/2957/2915
f 1991/2956/2914 2008/2957/2915 2009/2958/2916
f 2009/2958/2916 2008/2957/2915 2016/2959/2917
f 2009/2958/2916 2016/2959/2917 2017/2960/2918
f 2017/2960/2918 2016/2959/2917 2025/2961/2919
f 2017/2960/2918 2025/2961/2919 2026/2962/2920
f 2026/2962/2920 2025/2961/2919 2034/2963/2921
f 2026/2962/2920 2034/2963/2921 1986/2964/2922
f 1986/2964/2922 2034/2963/2921 1985/2965/2923
f 1985/2965/2923 2034/2963/2921 2033/2966/2924
f 1985/2965/2923 2033/2966/2924 2041/2967/2925
f 2041/2967/2925 2033/2966/2924 2032/2968/2926
f 2041/2967/2925 2032/2968/2926 2040/2969/2927
f 2040/2969/2927 2032/2968/2926 2031/2970/2928
f 2040/2969/2927 2031/2970/2928 2039/2971/2929
f 2039/2971/2929 2031/2970/2928 2030/2944/2902
f 2039/2971/2929 2030/2944/2902 2038/2942/2900
f 1981/2938/2896 1982/2972/2930 2045/2940/2898
f 2045/2940/2898 1982/2972/2930 2046/2973/2931
f 2045/2940/2898 2046/2973/2931 2038/2942/2900
f 2038/2942/2900 2046/2973/2931 2039/2971/2929
f 1982/2972/2930 1983/2974/2932 2046/2973/2931
f 2046/2973/2931 1983/2974/2932 2039/2971/2929
f 2039/2971/2929 1983/2974/2932 2040/2969/2927
f 2040/2969/2927 1983/2974/2932 1984/2975/2933
f 2040/2969/2927 1984/2975/2933 2041/2967/2925
f 2041/2967/2925 1984/2975/2933 1985/2965/2923
f 1986/2964/2922 1987/2976/2934 2026/2962/2920
f 2026/2962/2920 1987/2976/2934 1988/2977/2935
f 2026/2962/2920 1988/2977/2935 2018/2978/2936
f 2018/2978/2936 1988/2977/2935 1989/2979/2937
f 2018/2978/2936 1989/2979/2937 2017/2960/2918
f 2017/2960/2918 1989/2979/2937 2010/2980/2938
f 2017/2960/2918 2010/2980/2938 2009/2958/2916
f 2009/2958/2916 2010/2980/2938 1990/2981/2939
f 2009/2958/2916 1990/2981/2939 1991/2956/2914
f 1989/2979/2937 1990/2981/2939 2010/2980/2938
f 2001/2951/2909 1993/2953/2911 1998/2982/2940
f 1998/2982/2940 1993/2953/2911 1994/2983/2941
f 1998/2982/2940 1994/2983/2941 1997/2984/2942
f 1997/2984/2942 1994/2983/2941 1995/2914/2872
f 1997/2984/2942 1995/2914/2872 1996/2916/2874
f 1997/2984/2942 1996/2916/2874 1999/2918/2876
f 1998/2982/2940 1997/2984/2942 2000/2985/2943
f 2000/2985/2943 1997/2984/2942 1999/2918/2876
f 2000/2985/2943 1999/2918/2876 2005/2986/2944
f 2005/2986/2944 1999/2918/2876 2004/2920/2878
f 2005/2986/2944 2004/2920/2878 2012/2987/2945
f 2012/2987/2945 2004/2920/2878 2011/2922/2880
f 2012/2987/2945 2011/2922/2880 2020/2988/2946
f 2020/2988/2946 2011/2922/2880 2019/2924/2882
f 2020/2988/2946 2019/2924/2882 2028/2989/2947
f 2028/2989/2947 2019/2924/2882 2027/2926/2884
f 2028/2989/2947 2027/2926/2884 2036/2990/2948
f 2036/2990/2948 2027/2926/2884 2035/2928/2886
f 2036/2990/2948 2035/2928/2886 2043/2991/2949
f 2043/2991/2949 2035/2928/2886 2042/2930/2888
f 2043/2991/2949 2042/2930/2888 2048/2935/2893
f 2048/2935/2893 2042/2930/2888 2049/2932/2890
f 2006/2949/2907 2001/2951/2909 2000/2985/2943
f 2000/2985/2943 2001/2951/2909 1998/2982/2940
f 2006/2949/2907 2000/2985/2943 2005/2986/2944
f 2008/2957/2915 2003/2955/2913 2002/2952/2910
f 2008/2957/2915 2002/2952/2910 2007/2950/2908
f 2013/2947/2905 2006/2949/2907 2005/2986/2944
f 2013/2947/2905 2005/2986/2944 2012/2987/2945
f 2008/2957/2915 2007/2950/2908 2015/2992/2950
f 2015/2992/2950 2007/2950/2908 2014/2948/2906
f 2015/2992/2950 2014/2948/2906 2023/2993/2951
f 2023/2993/2951 2014/2948/2906 2022/2946/2904
f 2023/2993/2951 2022/2946/2904 2031/2970/2928
f 2031/2970/2928 2022/2946/2904 2030/2944/2902
f 2021/2945/2903 2013/2947/2905 2012/2987/2945
f 2021/2945/2903 2012/2987/2945 2020/2988/2946
f 2008/2957/2915 2015/2992/2950 2016/2959/2917
f 2016/2959/2917 2015/2992/2950 2024/2994/2952
f 2016/2959/2917 2024/2994/2952 2025/2961/2919
f 2025/2961/2919 2024/2994/2952 2033/2966/2924
f 2025/2961/2919 2033/2966/2924 2034/2963/2921
f 2024/2994/2952 2015/2992/2950 2023/2993/2951
f 2026/2962/2920 2018/2978/2936 2017/2960/2918
f 2029/2943/2901 2021/2945/2903 2020/2988/2946
f 2029/2943/2901 2020/2988/2946 2028/2989/2947
f 2031/2970/2928 2032/2968/2926 2023/2993/2951
f 2023/2993/2951 2032/2968/2926 2024/2994/2952
f 2032/2968/2926 2033/2966/2924 2024/2994/2952
f 2037/2941/2899 2029/2943/2901 2028/2989/2947
f 2037/2941/2899 2028/2989/2947 2036/2990/2948
f 2044/2939/2897 2037/2941/2899 2036/2990/2948
f 2044/2939/2897 2036/2990/2948 2043/2991/2949
f 2047/2937/2895 2044/2939/2897 2043/2991/2949
f 2047/2937/2895 2043/2991/2949 2048/2935/2893
f 2076/2995/2953 2050/2996/2954 2085/2997/2955
f 2085/2997/2955 2050/2996/2954 2051/2998/2956
f 2085/2997/2955 2051/2998/2956 2086/2999/2957
f 2086/2999/2957 2051/2998/2956 2052/3000/2958
f 2086/2999/2957 2052/3000/2958 2087/3001/2959
f 2087/3001/2959 2052/3000/2958 2094/3002/2960
f 2087/3001/2959 2094/3002/2960 2095/3003/2961
f 2095/3003/2961 2094/3002/2960 2053/3004/2962
f 2095/3003/2961 2053/3004/2962 2054/3005/2963
f 2052/3000/2958 2053/3004/2962 2094/3002/2960
f 2055/3006/2964 2101/3007/2965 2054/3005/2963
f 2054/3005/2963 2101/3007/2965 2096/3008/2966
f 2054/3005/2963 2096/3008/2966 2095/3003/2961
f 2095/3003/2961 2096/3008/2966 2088/3009/2967
f 2095/3003/2961 2088/3009/2967 2087/3001/2959
f 2087/3001/2959 2088/3009/2967 2084/3010/2968
f 2087/3001/2959 2084/3010/2968 2085/2997/2955
f 2085/2997/2955 2084/3010/2968 2115/3011/2969
f 2085/2997/2955 2115/3011/2969 2076/2995/2953
f 2076/2995/2953 2115/3011/2969 2075/3012/2970
f 2075/3012/2970 2115/3011/2969 2114/3013/2971
f 2075/3012/2970 2114/3013/2971 2122/3014/2972
f 2122/3014/2972 2114/3013/2971 2113/3015/2973
f 2122/3014/2972 2113/3015/2973 2121/3016/2974
f 2121/3016/2974 2113/3015/2973 2112/3017/2975
f 2121/3016/2974 2112/3017/2975 2120/3018/2976
f 2120/3018/2976 2112/3017/2975 2111/3019/2977
f 2120/3018/2976 2111/3019/2977 2119/3020/2978
f 2119/3020/2978 2111/3019/2977 2110/3021/2979
f 2119/3020/2978 2110/3021/2979 2118/3022/2980
f 2118/3022/2980 2110/3021/2979 2109/3023/2981
f 2118/3022/2980 2109/3023/2981 2117/3024/2982
f 2117/3024/2982 2109/3023/2981 2108/3025/2983
f 2117/3024/2982 2108/3025/2983 2116/3026/2984
f 2116/3026/2984 2108/3025/2983 2065/3027/2985
f 2116/3026/2984 2065/3027/2985 2066/3028/2986
f 2101/3007/2965 2055/3006/2964 2102/3029/2987
f 2102/3029/2987 2055/3006/2964 2056/3030/2988
f 2102/3029/2987 2056/3030/2988 2103/3031/2989
f 2103/3031/2989 2056/3030/2988 2105/3032/2990
f 2103/3031/2989 2105/3032/2990 2104/3033/2991
f 2104/3033/2991 2105/3032/2990 2106/3034/2992
f 2104/3033/2991 2106/3034/2992 2077/3035/2993
f 2077/3035/2993 2106/3034/2992 2107/3036/2994
f 2077/3035/2993 2107/3036/2994 2060/3037/2995
f 2060/3037/2995 2107/3036/2994 2059/3038/2996
f 2059/3038/2996 2107/3036/2994 2058/3039/2997
f 2058/3039/2997 2107/3036/2994 2106/3034/2992
f 2058/3039/2997 2106/3034/2992 2057/3040/2998
f 2057/3040/2998 2106/3034/2992 2105/3032/2990
f 2057/3040/2998 2105/3032/2990 2056/3030/2988
f 2060/3037/2995 2061/3041/2999 2077/3035/2993
f 2077/3035/2993 2061/3041/2999 2100/3042/3000
f 2077/3035/2993 2100/3042/3000 2099/3043/3001
f 2099/3043/3001 2100/3042/3000 2092/3044/3002
f 2099/3043/3001 2092/3044/3002 2091/3045/3003
f 2091/3045/3003 2092/3044/3002 2080/3046/3004
f 2091/3045/3003 2080/3046/3004 2081/3047/3005
f 2081/3047/3005 2080/3046/3004 2111/3019/2977
f 2081/3047/3005 2111/3019/2977 2112/3017/2975
f 2061/3041/2999 2062/3048/3006 2100/3042/3000
f 2100/3042/3000 2062/3048/3006 2093/3049/3007
f 2100/3042/3000 2093/3049/3007 2092/3044/3002
f 2092/3044/3002 2093/3049/3007 2079/3050/3008
f 2092/3044/3002 2079/3050/3008 2080/3046/3004
f 2080/3046/3004 2079/3050/3008 2110/3021/2979
f 2080/3046/3004 2110/3021/2979 2111/3019/2977
f 2062/3048/3006 2063/3051/3009 2093/3049/3007
f 2093/3049/3007 2063/3051/3009 2078/3052/3010
f 2093/3049/3007 2078/3052/3010 2079/3050/3008
f 2079/3050/3008 2078/3052/3010 2109/3023/2981
f 2079/3050/3008 2109/3023/2981 2110/3021/2979
f 2063/3051/3009 2064/3053/3011 2078/3052/3010
f 2078/3052/3010 2064/3053/3011 2108/3025/2983
f 2078/3052/3010 2108/3025/2983 2109/3023/2981
f 2064/3053/3011 2065/3027/2985 2108/3025/2983
f 2116/3026/2984 2066/3028/2986 2123/3054/3012
f 2123/3054/3012 2066/3028/2986 2067/3055/3013
f 2123/3054/3012 2067/3055/3013 2130/3056/3014
f 2130/3056/3014 2067/3055/3013 2068/3057/3015
f 2130/3056/3014 2068/3057/3015 2069/3058/3016
f 2130/3056/3014 2069/3058/3016 2129/3059/3017
f 2129/3059/3017 2069/3058/3016 2070/3060/3018
f 2129/3059/3017 2070/3060/3018 2128/3061/3019
f 2128/3061/3019 2070/3060/3018 2071/3062/3020
f 2128/3061/3019 2071/3062/3020 2125/3063/3021
f 2125/3063/3021 2071/3062/3020 2126/3064/3022
f 2125/3063/3021 2126/3064/3022 2118/3022/2980
f 2118/3022/2980 2126/3064/3022 2119/3020/2978
f 2071/3062/3020 2072/3065/3023 2126/3064/3022
f 2126/3064/3022 2072/3065/3023 2127/3066/3024
f 2126/3064/3022 2127/3066/3024 2119/3020/2978
f 2119/3020/2978 2127/3066/3024 2120/3018/2976
f 2072/3065/3023 2073/3067/3025 2127/3066/3024
f 2127/3066/3024 2073/3067/3025 2120/3018/2976
f 2120/3018/2976 2073/3067/3025 2121/3016/2974
f 2121/3016/2974 2073/3067/3025 2074/3068/3026
f 2121/3016/2974 2074/3068/3026 2122/3014/2972
f 2122/3014/2972 2074/3068/3026 2075/3012/2970
f 2081/3047/3005 2082/3069/3027 2090/3070/3028
f 2090/3070/3028 2082/3069/3027 2089/3071/3029
f 2090/3070/3028 2089/3071/3029 2097/3072/3030
f 2097/3072/3030 2089/3071/3029 2096/3008/2966
f 2097/3072/3030 2096/3008/2966 2102/3029/2987
f 2102/3029/2987 2096/3008/2966 2101/3007/2965
f 2082/3069/3027 2083/3073/3031 2089/3071/3029
f 2089/3071/3029 2083/3073/3031 2088/3009/2967
f 2089/3071/3029 2088/3009/2967 2096/3008/2966
f 2081/3047/3005 2112/3017/2975 2082/3069/3027
f 2082/3069/3027 2112/3017/2975 2113/3015/2973
f 2082/3069/3027 2113/3015/2973 2083/3073/3031
f 2083/3073/3031 2113/3015/2973 2114/3013/2971
f 2083/3073/3031 2114/3013/2971 2084/3010/2968
f 2084/3010/2968 2114/3013/2971 2115/3011/2969
f 2083/3073/3031 2084/3010/2968 2088/3009/2967
f 2086/2999/2957 2087/3001/2959 2085/2997/2955
f 2081/3047/3005 2090/3070/3028 2091/3045/3003
f 2091/3045/3003 2090/3070/3028 2098/3074/3032
f 2091/3045/3003 2098/3074/3032 2099/3043/3001
f 2099/3043/3001 2098/3074/3032 2104/3033/2991
f 2099/3043/3001 2104/3033/2991 2077/3035/2993
f 2098/3074/3032 2090/3070/3028 2097/3072/3030
f 2102/3029/2987 2103/3031/2989 2097/3072/3030
f 2097/3072/3030 2103/3031/2989 2098/3074/3032
f 2103/3031/2989 2104/3033/2991 2098/3074/3032
f 2125/3063/3021 2118/3022/2980 2117/3024/2982
f 2117/3024/2982 2116/3026/2984 2124/3075/3033
f 2124/3075/3033 2116/3026/2984 2123/3054/3012
f 2124/3075/3033 2123/3054/3012 2129/3059/3017
f 2129/3059/3017 2123/3054/3012 2130/3056/3014
f 2128/3061/3019 2125/3063/3021 2124/3075/3033
f 2124/3075/3033 2125/3063/3021 2117/3024/2982
f 2128/3061/3019 2124/3075/3033 2129/3059/3017
f 2157/3076/3034 2131/3077/3035 2158/3078/3036
f 2158/3078/3036 2131/3077/3035 2132/3079/3037
f 2158/3078/3036 2132/3079/3037 2161/3080/3038
f 2161/3080/3038 2132/3079/3037 2133/3081/3039
f 2161/3080/3038 2133/3081/3039 2166/3082/3040
f 2166/3082/3040 2133/3081/3039 2134/3083/3041
f 2166/3082/3040 2134/3083/3041 2173/3084/3042
f 2173/3084/3042 2134/3083/3041 2135/3085/3043
f 2173/3084/3042 2135/3085/3043 2181/3086/3044
f 2181/3086/3044 2135/3085/3043 2136/3087/3045
f 2181/3086/3044 2136/3087/3045 2189/3088/3046
f 2189/3088/3046 2136/3087/3045 2137/3089/3047
f 2189/3088/3046 2137/3089/3047 2197/3090/3048
f 2197/3090/3048 2137/3089/3047 2138/3091/3049
f 2197/3090/3048 2138/3091/3049 2204/3092/3050
f 2204/3092/3050 2138/3091/3049 2139/3093/3051
f 2204/3092/3050 2139/3093/3051 2211/3094/3052
f 2211/3094/3052 2139/3093/3051 2140/3095/3053
f 2211/3094/3052 2140/3095/3053 2141/3096/3054
f 2211/3094/3052 2141/3096/3054 2210/3097/3055
f 2210/3097/3055 2141/3096/3054 2142/3098/3056
f 2210/3097/3055 2142/3098/3056 2209/3099/3057
f 2209/3099/3057 2142/3098/3056 2143/3100/3058
f 2209/3099/3057 2143/3100/3058 2206/3101/3059
f 2206/3101/3059 2143/3100/3058 2207/3102/3060
f 2206/3101/3059 2207/3102/3060 2199/3103/3061
f 2199/3103/3061 2207/3102/3060 2200/3104/3062
f 2199/3103/3061 2200/3104/3062 2191/3105/3063
f 2191/3105/3063 2200/3104/3062 2192/3106/3064
f 2191/3105/3063 2192/3106/3064 2183/3107/3065
f 2183/3107/3065 2192/3106/3064 2184/3108/3066
f 2183/3107/3065 2184/3108/3066 2175/3109/3067
f 2175/3109/3067 2184/3108/3066 2176/3110/3068
f 2175/3109/3067 2176/3110/3068 2168/3111/3069
f 2168/3111/3069 2176/3110/3068 2169/3112/3070
f 2168/3111/3069 2169/3112/3070 2163/3113/3071
f 2163/3113/3071 2169/3112/3070 2164/3114/3072
f 2163/3113/3071 2164/3114/3072 2155/3115/3073
f 2155/3115/3073 2164/3114/3072 2154/3116/3074
f 2154/3116/3074 2164/3114/3072 2165/3117/3075
f 2154/3116/3074 2165/3117/3075 2153/3118/3076
f 2153/3118/3076 2165/3117/3075 2170/3119/3077
f 2153/3118/3076 2170/3119/3077 2171/3120/3078
f 2171/3120/3078 2170/3119/3077 2178/3121/3079
f 2171/3120/3078 2178/3121/3079 2179/3122/3080
f 2179/3122/3080 2178/3121/3079 2187/3123/3081
f 2179/3122/3080 2187/3123/3081 2188/3124/3082
f 2188/3124/3082 2187/3123/3081 2196/3125/3083
f 2188/3124/3082 2196/3125/3083 2148/3126/3084
f 2148/3126/3084 2196/3125/3083 2147/3127/3085
f 2147/3127/3085 2196/3125/3083 2195/3128/3086
f 2147/3127/3085 2195/3128/3086 2203/3129/3087
f 2203/3129/3087 2195/3128/3086 2194/3130/3088
f 2203/3129/3087 2194/3130/3088 2202/3131/3089
f 2202/3131/3089 2194/3130/3088 2193/3132/3090
f 2202/3131/3089 2193/3132/3090 2201/3133/3091
f 2201/3133/3091 2193/3132/3090 2192/3106/3064
f 2201/3133/3091 2192/3106/3064 2200/3104/3062
f 2143/3100/3058 2144/3134/3092 2207/3102/3060
f 2207/3102/3060 2144/3134/3092 2208/3135/3093
f 2207/3102/3060 2208/3135/3093 2200/3104/3062
f 2200/3104/3062 2208/3135/3093 2201/3133/3091
f 2144/3134/3092 2145/3136/3094 2208/3135/3093
f 2208/3135/3093 2145/3136/3094 2201/3133/3091
f 2201/3133/3091 2145/3136/3094 2202/3131/3089
f 2202/3131/3089 2145/3136/3094 2146/3137/3095
f 2202/3131/3089 2146/3137/3095 2203/3129/3087
f 2203/3129/3087 2146/3137/3095 2147/3127/3085
f 2148/3126/3084 2149/3138/3096 2188/3124/3082
f 2188/3124/3082 2149/3138/3096 2150/3139/3097
f 2188/3124/3082 2150/3139/3097 2180/3140/3098
f 2180/3140/3098 2150/3139/3097 2151/3141/3099
f 2180/3140/3098 2151/3141/3099 2179/3122/3080
f 2179/3122/3080 2151/3141/3099 2172/3142/3100
f 2179/3122/3080 2172/3142/3100 2171/3120/3078
f 2171/3120/3078 2172/3142/3100 2152/3143/3101
f 2171/3120/3078 2152/3143/3101 2153/3118/3076
f 2151/3141/3099 2152/3143/3101 2172/3142/3100
f 2163/3113/3071 2155/3115/3073 2160/3144/3102
f 2160/3144/3102 2155/3115/3073 2156/3145/3103
f 2160/3144/3102 2156/3145/3103 2159/3146/3104
f 2159/3146/3104 2156/3145/3103 2157/3076/3034
f 2159/3146/3104 2157/3076/3034 2158/3078/3036
f 2159/3146/3104 2158/3078/3036 2161/3080/3038
f 2160/3144/3102 2159/3146/3104 2162/3147/3105
f 2162/3147/3105 2159/3146/3104 2161/3080/3038
f 2162/3147/3105 2161/3080/3038 2167/3148/3106
f 2167/3148/3106 2161/3080/3038 2166/3082/3040
f 2167/3148/3106 2166/3082/3040 2174/3149/3107
f 2174/3149/3107 2166/3082/3040 2173/3084/3042
f 2174/3149/3107 2173/3084/3042 2182/3150/3108
f 2182/3150/3108 2173/3084/3042 2181/3086/3044
f 2182/3150/3108 2181/3086/3044 2190/3151/3109
f 2190/3151/3109 2181/3086/3044 2189/3088/3046
f 2190/3151/3109 2189/3088/3046 2198/3152/3110
f 2198/3152/3110 2189/3088/3046 2197/3090/3048
f 2198/3152/3110 2197/3090/3048 2205/3153/3111
f 2205/3153/3111 2197/3090/3048 2204/3092/3050
f 2205/3153/3111 2204/3092/3050 2210/3097/3055
f 2210/3097/3055 2204/3092/3050 2211/3094/3052
f 2168/3111/3069 2163/3113/3071 2162/3147/3105
f 2162/3147/3105 2163/3113/3071 2160/3144/3102
f 2168/3111/3069 2162/3147/3105 2167/3148/3106
f 2170/3119/3077 2165/3117/3075 2164/3114/3072
f 2170/3119/3077 2164/3114/3072 2169/3112/3070
f 2175/3109/3067 2168/3111/3069 2167/3148/3106
f 2175/3109/3067 2167/3148/3106 2174/3149/3107
f 2170/3119/3077 2169/3112/3070 2177/3154/3112
f 2177/3154/3112 2169/3112/3070 2176/3110/3068
f 2177/3154/3112 2176/3110/3068 2185/3155/3113
f 2185/3155/3113 2176/3110/3068 2184/3108/3066
f 2185/3155/3113 2184/3108/3066 2193/3132/3090
f 2193/3132/3090 2184/3108/3066 2192/3106/3064
f 2183/3107/3065 2175/3109/3067 2174/3149/3107
f 2183/3107/3065 2174/3149/3107 2182/3150/3108
f 2170/3119/3077 2177/3154/3112 2178/3121/3079
f 2178/3121/3079 2177/3154/3112 2186/3156/3114
f 2178/3121/3079 2186/3156/3114 2187/3123/3081
f 2187/3123/3081 2186/3156/3114 2195/3128/3086
f 2187/3123/3081 2195/3128/3086 2196/3125/3083
f 2186/3156/3114 2177/3154/3112 2185/3155/3113
f 2188/3124/3082 2180/3140/3098 2179/3122/3080
f 2191/3105/3063 2183/3107/3065 2182/3150/3108
f 2191/3105/3063 2182/3150/3108 2190/3151/3109
f 2193/3132/3090 2194/3130/3088 2185/3155/3113
f 2185/3155/3113 2194/3130/3088 2186/3156/3114
f 2194/3130/3088 2195/3128/3086 2186/3156/3114
f 2199/3103/3061 2191/3105/3063 2190/3151/3109
f 2199/3103/3061 2190/3151/3109 2198/3152/3110
f 2206/3101/3059 2199/3103/3061 2198/3152/3110
f 2206/3101/3059 2198/3152/3110 2205/3153/3111
f 2209/3099/3057 2206/3101/3059 2205/3153/3111
f 2209/3099/3057 2205/3153/3111 2210/3097/3055
f 2148/3157/3084 2212/3158/3115 2149/3159/3096
f 2149/3159/3096 2212/3158/3115 2213/3160/3116
f 2149/3159/3096 2213/3160/3116 1987/3161/2934
f 1987/3161/2934 2213/3160/3116 2214/3162/3117
f 1987/3161/2934 2214/3162/3117 1988/3163/2935
f 1988/3163/2935 2214/3162/3117 1989/3164/2937
f 1989/3164/2937 2214/3162/3117 2217/3165/3118
f 1989/3164/2937 2217/3165/3118 1990/3166/2939
f 1990/3166/2939 2217/3165/3118 2220/3167/3119
f 1990/3166/2939 2220/3167/3119 1991/3168/2914
f 1991/3168/2914 2220/3167/3119 2223/3169/3120
f 1991/3168/2914 2223/3169/3120 1992/3170/2912
f 1992/3170/2912 2223/3169/3120 2226/3171/3121
f 1992/3170/2912 2226/3171/3121 1993/3172/2911
f 1993/3172/2911 2226/3171/3121 2229/3173/3122
f 1993/3172/2911 2229/3173/3122 1994/3174/2941
f 1994/3174/2941 2229/3173/3122 2232/3175/3123
f 1994/3174/2941 2232/3175/3123 1995/3176/2872
f 1995/3176/2872 2232/3175/3123 2235/3177/3124
f 1995/3176/2872 2235/3177/3124 1969/3178/2873
f 1969/3178/2873 2235/3177/3124 2234/3179/3125
f 1969/3178/2873 2234/3179/3125 2140/3180/3053
f 2140/3180/3053 2234/3179/3125 2233/3181/3126
f 2140/3180/3053 2233/3181/3126 2141/3182/3054
f 2141/3182/3054 2233/3181/3126 2142/3183/3056
f 2142/3183/3056 2233/3181/3126 2230/3184/3127
f 2142/3183/3056 2230/3184/3127 2143/3185/3058
f 2143/3185/3058 2230/3184/3127 2227/3186/3128
f 2143/3185/3058 2227/3186/3128 2144/3187/3092
f 2144/3187/3092 2227/3186/3128 2224/3188/3129
f 2144/3187/3092 2224/3188/3129 2145/3189/3094
f 2145/3189/3094 2224/3188/3129 2221/3190/3130
f 2145/3189/3094 2221/3190/3130 2146/3191/3095
f 2146/3191/3095 2221/3190/3130 2218/3192/3131
f 2146/3191/3095 2218/3192/3131 2147/3193/3085
f 2147/3193/3085 2218/3192/3131 2215/3194/3132
f 2147/3193/3085 2215/3194/3132 2148/3157/3084
f 2148/3157/3084 2215/3194/3132 2212/3158/3115
f 2217/3165/3118 2214/3162/3117 2213/3160/3116
f 2213/3160/3116 2212/3158/3115 2216/3195/3133
f 2216/3195/3133 2212/3158/3115 2215/3194/3132
f 2216/3195/3133 2215/3194/3132 2219/3196/3134
f 2219/3196/3134 2215/3194/3132 2218/3192/3131
f 2219/3196/3134 2218/3192/3131 2222/3197/3135
f 2222/3197/3135 2218/3192/3131 2221/3190/3130
f 2222/3197/3135 2221/3190/3130 2225/3198/3136
f 2225/3198/3136 2221/3190/3130 2224/3188/3129
f 2225/3198/3136 2224/3188/3129 2228/3199/3137
f 2228/3199/3137 2224/3188/3129 2227/3186/3128
f 2228/3199/3137 2227/3186/3128 2231/3200/3138
f 2231/3200/3138 2227/3186/3128 2230/3184/3127
f 2231/3200/3138 2230/3184/3127 2234/3179/3125
f 2234/3179/3125 2230/3184/3127 2233/3181/3126
f 2220/3167/3119 2217/3165/3118 2216/3195/3133
f 2216/3195/3133 2217/3165/3118 2213/3160/3116
f 2220/3167/3119 2216/3195/3133 2219/3196/3134
f 2223/3169/3120 2220/3167/3119 2219/3196/3134
f 2223/3169/3120 2219/3196/3134 2222/3197/3135
f 2226/3171/3121 2223/3169/3120 2222/3197/3135
f 2226/3171/3121 2222/3197/3135 2225/3198/3136
f 2229/3173/3122 2226/3171/3121 2225/3198/3136
f 2229/3173/3122 2225/3198/3136 2228/3199/3137
f 2232/3175/3123 2229/3173/3122 2228/3199/3137
f 2232/3175/3123 2228/3199/3137 2231/3200/3138
f 2235/3177/3124 2232/3175/3123 2231/3200/3138
f 2235/3177/3124 2231/3200/3138 2234/3179/3125
f 2262/3201/3139 2236/3202/3140 2271/3203/3141
f 2271/3203/3141 2236/3202/3140 2237/3204/3142
f 2271/3203/3141 2237/3204/3142 2272/3205/3143
f 2272/3205/3143 2237/3204/3142 2238/3206/3144
f 2272/3205/3143 2238/3206/3144 2273/3207/3145
f 2273/3207/3145 2238/3206/3144 2280/3208/3146
f 2273/3207/3145 2280/3208/3146 2281/3209/3147
f 2281/3209/3147 2280/3208/3146 2239/3210/3148
f 2281/3209/3147 2239/3210/3148 2240/3211/3149
f 2238/3206/3144 2239/3210/3148 2280/3208/3146
f 2241/3212/3150 2287/3213/3151 2240/3211/3149
f 2240/3211/3149 2287/3213/3151 2282/3214/3152
f 2240/3211/3149 2282/3214/3152 2281/3209/3147
f 2281/3209/3147 2282/3214/3152 2274/3215/3153
f 2281/3209/3147 2274/3215/3153 2273/3207/3145
f 2273/3207/3145 2274/3215/3153 2270/3216/3154
f 2273/3207/3145 2270/3216/3154 2271/3203/3141
f 2271/3203/3141 2270/3216/3154 2301/3217/3155
f 2271/3203/3141 2301/3217/3155 2262/3201/3139
f 2262/3201/3139 2301/3217/3155 2261/3218/3156
f 2261/3218/3156 2301/3217/3155 2300/3219/3157
f 2261/3218/3156 2300/3219/3157 2308/3220/3158
f 2308/3220/3158 2300/3219/3157 2299/3221/3159
f 2308/3220/3158 2299/3221/3159 2307/3222/3160
f 2307/3222/3160 2299/3221/3159 2298/3223/3161
f 2307/3222/3160 2298/3223/3161 2306/3224/3162
f 2306/3224/3162 2298/3223/3161 2297/3225/3163
f 2306/3224/3162 2297/3225/3163 2305/3226/3164
f 2305/3226/3164 2297/3225/3163 2296/3227/3165
f 2305/3226/3164 2296/3227/3165 2304/3228/3166
f 2304/3228/3166 2296/3227/3165 2295/3229/3167
f 2304/3228/3166 2295/3229/3167 2303/3230/3168
f 2303/3230/3168 2295/3229/3167 2294/3231/3169
f 2303/3230/3168 2294/3231/3169 2302/3232/3170
f 2302/3232/3170 2294/3231/3169 2251/3233/3171
f 2302/3232/3170 2251/3233/3171 2252/3234/3172
f 2287/3213/3151 2241/3212/3150 2288/3235/3173
f 2288/3235/3173 2241/3212/3150 2242/3236/3174
f 2288/3235/3173 2242/3236/3174 2289/3237/3175
f 2289/3237/3175 2242/3236/3174 2291/3238/3176
f 2289/3237/3175 2291/3238/3176 2290/3239/3177
f 2290/3239/3177 2291/3238/3176 2292/3240/3178
f 2290/3239/3177 2292/3240/3178 2263/3241/3179
f 2263/3241/3179 2292/3240/3178 2293/3242/3180
f 2263/3241/3179 2293/3242/3180 2246/3243/3181
f 2246/3243/3181 2293/3242/3180 2245/3244/3182
f 2245/3244/3182 2293/3242/3180 2244/3245/3183
f 2244/3245/3183 2293/3242/3180 2292/3240/3178
f 2244/3245/3183 2292/3240/3178 2243/3246/3184
f 2243/3246/3184 2292/3240/3178 2291/3238/3176
f 2243/3246/3184 2291/3238/3176 2242/3236/3174
f 2246/3243/3181 2247/3247/3185 2263/3241/3179
f 2263/3241/3179 2247/3247/3185 2286/3248/3186
f 2263/3241/3179 2286/3248/3186 2285/3249/3187
f 2285/3249/3187 2286/3248/3186 2278/3250/3188
f 2285/3249/3187 2278/3250/3188 2277/3251/3189
f 2277/3251/3189 2278/3250/3188 2266/3252/3190
f 2277/3251/3189 2266/3252/3190 2267/3253/3191
f 2267/3253/3191 2266/3252/3190 2297/3225/3163
f 2267/3253/3191 2297/3225/3163 2298/3223/3161
f 2247/3247/3185 2248/3254/3192 2286/3248/3186
f 2286/3248/3186 2248/3254/3192 2279/3255/3193
f 2286/3248/3186 2279/3255/3193 2278/3250/3188
f 2278/3250/3188 2279/3255/3193 2265/3256/3194
f 2278/3250/3188 2265/3256/3194 2266/3252/3190
f 2266/3252/3190 2265/3256/3194 2296/3227/3165
f 2266/3252/3190 2296/3227/3165 2297/3225/3163
f 2248/3254/3192 2249/3257/3195 2279/3255/3193
f 2279/3255/3193 2249/3257/3195 2264/3258/3196
f 2279/3255/3193 2264/3258/3196 2265/3256/3194
f 2265/3256/3194 2264/3258/3196 2295/3229/3167
f 2265/3256/3194 2295/3229/3167 2296/3227/3165
f 2249/3257/3195 2250/3259/3197 2264/3258/3196
f 2264/3258/3196 2250/3259/3197 2294/3231/3169
f 2264/3258/3196 2294/3231/3169 2295/3229/3167
f 2250/3259/3197 2251/3233/3171 2294/3231/3169
f 2302/3232/3170 2252/3234/3172 2309/3260/3198
f 2309/3260/3198 2252/3234/3172 2253/3261/3199
f 2309/3260/3198 2253/3261/3199 2316/3262/3200
f 2316/3262/3200 2253/3261/3199 2254/3263/3201
f 2316/3262/3200 2254/3263/3201 2255/3264/3202
f 2316/3262/3200 2255/3264/3202 2315/3265/3203
f 2315/3265/3203 2255/3264/3202 2256/3266/3204
f 2315/3265/3203 2256/3266/3204 2314/3267/3205
f 2314/3267/3205 2256/3266/3204 2257/3268/3206
f 2314/3267/3205 2257/3268/3206 2311/3269/3207
f 2311/3269/3207 2257/3268/3206 2312/3270/3208
f 2311/3269/3207 2312/3270/3208 2304/3228/3166
f 2304/3228/3166 2312/3270/3208 2305/3226/3164
f 2257/3268/3206 2258/3271/3209 2312/3270/3208
f 2312/3270/3208 2258/3271/3209 2313/3272/3210
f 2312/3270/3208 2313/3272/3210 2305/3226/3164
f 2305/3226/3164 2313/3272/3210 2306/3224/3162
f 2258/3271/3209 2259/3273/3211 2313/3272/3210
f 2313/3272/3210 2259/3273/3211 2306/3224/3162
f 2306/3224/3162 2259/3273/3211 2307/3222/3160
f 2307/3222/3160 2259/3273/3211 2260/3274/3212
f 2307/3222/3160 2260/3274/3212 2308/3220/3158
f 2308/3220/3158 2260/3274/3212 2261/3218/3156
f 2267/3253/3191 2268/3275/3213 2276/3276/3214
f 2276/3276/3214 2268/3275/3213 2275/3277/3215
f 2276/3276/3214 2275/3277/3215 2283/3278/3216
f 2283/3278/3216 2275/3277/3215 2282/3214/3152
f 2283/3278/3216 2282/3214/3152 2288/3235/3173
f 2288/3235/3173 2282/3214/3152 2287/3213/3151
f 2268/3275/3213 2269/3279/3217 2275/3277/3215
f 2275/3277/3215 2269/3279/3217 2274/3215/3153
f 2275/3277/3215 2274/3215/3153 2282/3214/3152
f 2267/3253/3191 2298/3223/3161 2268/3275/3213
f 2268/3275/3213 2298/3223/3161 2299/3221/3159
f 2268/3275/3213 2299/3221/3159 2269/3279/3217
f 2269/3279/3217 2299/3221/3159 2300/3219/3157
f 2269/3279/3217 2300/3219/3157 2270/3216/3154
f 2270/3216/3154 2300/3219/3157 2301/3217/3155
f 2269/3279/3217 2270/3216/3154 2274/3215/3153
f 2272/3205/3143 2273/3207/3145 2271/3203/3141
f 2267/3253/3191 2276/3276/3214 2277/3251/3189
f 2277/3251/3189 2276/3276/3214 2284/3280/3218
f 2277/3251/3189 2284/3280/3218 2285/3249/3187
f 2285/3249/3187 2284/3280/3218 2290/3239/3177
f 2285/3249/3187 2290/3239/3177 2263/3241/3179
f 2284/3280/3218 2276/3276/3214 2283/3278/3216
f 2288/3235/3173 2289/3237/3175 2283/3278/3216
f 2283/3278/3216 2289/3237/3175 2284/3280/3218
f 2289/3237/3175 2290/3239/3177 2284/3280/3218
f 2311/3269/3207 2304/3228/3166 2303/3230/3168
f 2303/3230/3168 2302/3232/3170 2310/3281/3219
f 2310/3281/3219 2302/3232/3170 2309/3260/3198
f 2310/3281/3219 2309/3260/3198 2315/3265/3203
f 2315/3265/3203 2309/3260/3198 2316/3262/3200
f 2314/3267/3205 2311/3269/3207 2310/3281/3219
f 2310/3281/3219 2311/3269/3207 2303/3230/3168
f 2314/3267/3205 2310/3281/3219 2315/3265/3203
f 2343/3282/3220 2317/3283/3221 2346/3284/3222
f 2346/3284/3222 2317/3283/3221 2318/3285/3223
f 2346/3284/3222 2318/3285/3223 2345/3286/3224
f 2345/3286/3224 2318/3285/3223 2319/3287/3225
f 2345/3286/3224 2319/3287/3225 2344/3288/3226
f 2344/3288/3226 2319/3287/3225 2320/3289/3227
f 2344/3288/3226 2320/3289/3227 2349/3290/3228
f 2349/3290/3228 2320/3289/3227 2348/3291/3229
f 2349/3290/3228 2348/3291/3229 2356/3292/3230
f 2356/3292/3230 2348/3291/3229 2355/3293/3231
f 2356/3292/3230 2355/3293/3231 2364/3294/3232
f 2364/3294/3232 2355/3293/3231 2363/3295/3233
f 2364/3294/3232 2363/3295/3233 2369/3296/3234
f 2369/3296/3234 2363/3295/3233 2370/3297/3235
f 2369/3296/3234 2370/3297/3235 2380/3298/3236
f 2380/3298/3236 2370/3297/3235 2379/3299/3237
f 2380/3298/3236 2379/3299/3237 2387/3300/3238
f 2387/3300/3238 2379/3299/3237 2386/3301/3239
f 2387/3300/3238 2386/3301/3239 2392/3302/3240
f 2392/3302/3240 2386/3301/3239 2391/3303/3241
f 2392/3302/3240 2391/3303/3241 2332/3304/3242
f 2332/3304/3242 2391/3303/3241 2331/3305/3243
f 2331/3305/3243 2391/3303/3241 2390/3306/3244
f 2331/3305/3243 2390/3306/3244 2330/3307/3245
f 2330/3307/3245 2390/3306/3244 2385/3308/3246
f 2330/3307/3245 2385/3308/3246 2384/3309/3247
f 2384/3309/3247 2385/3308/3246 2377/3310/3248
f 2384/3309/3247 2377/3310/3248 2376/3311/3249
f 2376/3311/3249 2377/3310/3248 2373/3312/3250
f 2376/3311/3249 2373/3312/3250 2374/3313/3251
f 2374/3313/3251 2373/3312/3250 2359/3314/3252
f 2374/3313/3251 2359/3314/3252 2325/3315/3253
f 2325/3315/3253 2359/3314/3252 2324/3316/3254
f 2324/3316/3254 2359/3314/3252 2360/3317/3255
f 2324/3316/3254 2360/3317/3255 2352/3318/3256
f 2352/3318/3256 2360/3317/3255 2361/3319/3257
f 2352/3318/3256 2361/3319/3257 2353/3320/3258
f 2353/3320/3258 2361/3319/3257 2362/3321/3259
f 2353/3320/3258 2362/3321/3259 2354/3322/3260
f 2354/3322/3260 2362/3321/3259 2363/3295/3233
f 2354/3322/3260 2363/3295/3233 2355/3293/3231
f 2320/3289/3227 2321/3323/3261 2348/3291/3229
f 2348/3291/3229 2321/3323/3261 2347/3324/3262
f 2348/3291/3229 2347/3324/3262 2355/3293/3231
f 2355/3293/3231 2347/3324/3262 2354/3322/3260
f 2321/3323/3261 2322/3325/3263 2347/3324/3262
f 2347/3324/3262 2322/3325/3263 2354/3322/3260
f 2354/3322/3260 2322/3325/3263 2353/3320/3258
f 2353/3320/3258 2322/3325/3263 2323/3326/3264
f 2353/3320/3258 2323/3326/3264 2352/3318/3256
f 2352/3318/3256 2323/3326/3264 2324/3316/3254
f 2325/3315/3253 2326/3327/3265 2374/3313/3251
f 2374/3313/3251 2326/3327/3265 2327/3328/3266
f 2374/3313/3251 2327/3328/3266 2375/3329/3267
f 2375/3329/3267 2327/3328/3266 2328/3330/3268
f 2375/3329/3267 2328/3330/3268 2376/3311/3249
f 2376/3311/3249 2328/3330/3268 2383/3331/3269
f 2376/3311/3249 2383/3331/3269 2384/3309/3247
f 2384/3309/3247 2383/3331/3269 2329/3332/3270
f 2384/3309/3247 2329/3332/3270 2330/3307/3245
f 2328/3330/3268 2329/3332/3270 2383/3331/3269
f 2392/3302/3240 2332/3304/3242 2395/3333/3271
f 2395/3333/3271 2332/3304/3242 2333/3334/3272
f 2395/3333/3271 2333/3334/3272 2396/3335/3273
f 2396/3335/3273 2333/3334/3272 2334/3336/3274
f 2396/3335/3273 2334/3336/3274 2397/3337/3275
f 2397/3337/3275 2334/3336/3274 2335/3338/3276
f 2397/3337/3275 2335/3338/3276 2336/3339/3277
f 2397/3337/3275 2336/3339/3277 2394/3340/3278
f 2394/3340/3278 2336/3339/3277 2337/3341/3279
f 2394/3340/3278 2337/3341/3279 2389/3342/3280
f 2389/3342/3280 2337/3341/3279 2338/3343/3281
f 2389/3342/3280 2338/3343/3281 2382/3344/3282
f 2382/3344/3282 2338/3343/3281 2339/3345/3283
f 2382/3344/3282 2339/3345/3283 2367/3346/3284
f 2367/3346/3284 2339/3345/3283 2340/3347/3285
f 2367/3346/3284 2340/3347/3285 2366/3348/3286
f 2366/3348/3286 2340/3347/3285 2341/3349/3287
f 2366/3348/3286 2341/3349/3287 2358/3350/3288
f 2358/3350/3288 2341/3349/3287 2342/3351/3289
f 2358/3350/3288 2342/3351/3289 2351/3352/3290
f 2351/3352/3290 2342/3351/3289 2343/3282/3220
f 2351/3352/3290 2343/3282/3220 2346/3284/3222
f 2351/3352/3290 2346/3284/3222 2345/3286/3224
f 2345/3286/3224 2344/3288/3226 2350/3353/3291
f 2350/3353/3291 2344/3288/3226 2349/3290/3228
f 2350/3353/3291 2349/3290/3228 2357/3354/3292
f 2357/3354/3292 2349/3290/3228 2356/3292/3230
f 2357/3354/3292 2356/3292/3230 2365/3355/3293
f 2365/3355/3293 2356/3292/3230 2364/3294/3232
f 2365/3355/3293 2364/3294/3232 2368/3356/3294
f 2368/3356/3294 2364/3294/3232 2369/3296/3234
f 2368/3356/3294 2369/3296/3234 2381/3357/3295
f 2381/3357/3295 2369/3296/3234 2380/3298/3236
f 2381/3357/3295 2380/3298/3236 2388/3358/3296
f 2388/3358/3296 2380/3298/3236 2387/3300/3238
f 2388/3358/3296 2387/3300/3238 2393/3359/3297
f 2393/3359/3297 2387/3300/3238 2392/3302/3240
f 2393/3359/3297 2392/3302/3240 2395/3333/3271
f 2358/3350/3288 2351/3352/3290 2350/3353/3291
f 2350/3353/3291 2351/3352/3290 2345/3286/3224
f 2358/3350/3288 2350/3353/3291 2357/3354/3292
f 2366/3348/3286 2358/3350/3288 2357/3354/3292
f 2366/3348/3286 2357/3354/3292 2365/3355/3293
f 2359/3314/3252 2373/3312/3250 2360/3317/3255
f 2360/3317/3255 2373/3312/3250 2372/3360/3298
f 2360/3317/3255 2372/3360/3298 2361/3319/3257
f 2361/3319/3257 2372/3360/3298 2371/3361/3299
f 2361/3319/3257 2371/3361/3299 2362/3321/3259
f 2362/3321/3259 2371/3361/3299 2370/3297/3235
f 2362/3321/3259 2370/3297/3235 2363/3295/3233
f 2367/3346/3284 2366/3348/3286 2365/3355/3293
f 2367/3346/3284 2365/3355/3293 2368/3356/3294
f 2367/3346/3284 2368/3356/3294 2382/3344/3282
f 2382/3344/3282 2368/3356/3294 2381/3357/3295
f 2382/3344/3282 2381/3357/3295 2389/3342/3280
f 2389/3342/3280 2381/3357/3295 2388/3358/3296
f 2389/3342/3280 2388/3358/3296 2394/3340/3278
f 2394/3340/3278 2388/3358/3296 2393/3359/3297
f 2394/3340/3278 2393/3359/3297 2396/3335/3273
f 2396/3335/3273 2393/3359/3297 2395/3333/3271
f 2370/3297/3235 2371/3361/3299 2379/3299/3237
f 2379/3299/3237 2371/3361/3299 2378/3362/3300
f 2379/3299/3237 2378/3362/3300 2386/3301/3239
f 2386/3301/3239 2378/3362/3300 2385/3308/3246
f 2386/3301/3239 2385/3308/3246 2391/3303/3241
f 2391/3303/3241 2385/3308/3246 2390/3306/3244
f 2371/3361/3299 2372/3360/3298 2378/3362/3300
f 2378/3362/3300 2372/3360/3298 2377/3310/3248
f 2378/3362/3300 2377/3310/3248 2385/3308/3246
f 2372/3360/3298 2373/3312/3250 2377/3310/3248
f 2375/3329/3267 2376/3311/3249 2374/3313/3251
f 2397/3337/3275 2394/3340/3278 2396/3335/3273
f 1986/3363/2922 2398/3364/3301 1987/3365/2934
f 1987/3365/2934 2398/3364/3301 2399/3366/3302
f 1987/3365/2934 2399/3366/3302 2326/3367/3265
f 2326/3367/3265 2399/3366/3302 2400/3368/3303
f 2326/3367/3265 2400/3368/3303 2327/3369/3266
f 2327/3369/3266 2400/3368/3303 2328/3370/3268
f 2328/3370/3268 2400/3368/3303 2403/3371/3304
f 2328/3370/3268 2403/3371/3304 2329/3372/3270
f 2329/3372/3270 2403/3371/3304 2406/3373/3305
f 2329/3372/3270 2406/3373/3305 2330/3374/3245
f 2330/3374/3245 2406/3373/3305 2409/3375/3306
f 2330/3374/3245 2409/3375/3306 2331/3376/3243
f 2331/3376/3243 2409/3375/3306 2412/3377/3307
f 2331/3376/3243 2412/3377/3307 2332/3378/3242
f 2332/3378/3242 2412/3377/3307 2415/3379/3308
f 2332/3378/3242 2415/3379/3308 2333/3380/3272
f 2333/3380/3272 2415/3379/3308 2418/3381/3309
f 2333/3380/3272 2418/3381/3309 2334/3382/3274
f 2334/3382/3274 2418/3381/3309 2421/3383/3310
f 2334/3382/3274 2421/3383/3310 2335/3384/3276
f 2335/3384/3276 2421/3383/3310 2420/3385/3311
f 2335/3384/3276 2420/3385/3311 1978/3386/2891
f 1978/3386/2891 2420/3385/3311 2419/3387/3312
f 1978/3386/2891 2419/3387/3312 1979/3388/2892
f 1979/3388/2892 2419/3387/3312 1980/3389/2894
f 1980/3389/2894 2419/3387/3312 2416/3390/3313
f 1980/3389/2894 2416/3390/3313 1981/3391/2896
f 1981/3391/2896 2416/3390/3313 2413/3392/3314
f 1981/3391/2896 2413/3392/3314 1982/3393/2930
f 1982/3393/2930 2413/3392/3314 2410/3394/3315
f 1982/3393/2930 2410/3394/3315 1983/3395/2932
f 1983/3395/2932 2410/3394/3315 2407/3396/3316
f 1983/3395/2932 2407/3396/3316 1984/3397/2933
f 1984/3397/2933 2407/3396/3316 2404/3398/3317
f 1984/3397/2933 2404/3398/3317 1985/3399/2923
f 1985/3399/2923 2404/3398/3317 2401/3400/3318
f 1985/3399/2923 2401/3400/3318 1986/3363/2922
f 1986/3363/2922 2401/3400/3318 2398/3364/3301
f 2403/3371/3304 2400/3368/3303 2399/3366/3302
f 2399/3366/3302 2398/3364/3301 2402/3401/3319
f 2402/3401/3319 2398/3364/3301 2401/3400/3318
f 2402/3401/3319 2401/3400/3318 2405/3402/3320
f 2405/3402/3320 2401/3400/3318 2404/3398/3317
f 2405/3402/3320 2404/3398/3317 2408/3403/3321
f 2408/3403/3321 2404/3398/3317 2407/3396/3316
f 2408/3403/3321 2407/3396/3316 2411/3404/3322
f 2411/3404/3322 2407/3396/3316 2410/3394/3315
f 2411/3404/3322 2410/3394/3315 2414/3405/3323
f 2414/3405/3323 2410/3394/3315 2413/3392/3314
f 2414/3405/3323 2413/3392/3314 2417/3406/3324
f 2417/3406/3324 2413/3392/3314 2416/3390/3313
f 2417/3406/3324 2416/3390/3313 2420/3385/3311
f 2420/3385/3311 2416/3390/3313 2419/3387/3312
f 2406/3373/3305 2403/3371/3304 2402/3401/3319
f 2402/3401/3319 2403/3371/3304 2399/3366/3302
f 2406/3373/3305 2402/3401/3319 2405/3402/3320
f 2409/3375/3306 2406/3373/3305 2405/3402/3320
f 2409/3375/3306 2405/3402/3320 2408/3403/3321
f 2412/3377/3307 2409/3375/3306 2408/3403/3321
f 2412/3377/3307 2408/3403/3321 2411/3404/3322
f 2415/3379/3308 2412/3377/3307 2411/3404/3322
f 2415/3379/3308 2411/3404/3322 2414/3405/3323
f 2418/3381/3309 2415/3379/3308 2414/3405/3323
f 2418/3381/3309 2414/3405/3323 2417/3406/3324
f 2421/3383/3310 2418/3381/3309 2417/3406/3324
f 2421/3383/3310 2417/3406/3324 2420/3385/3311
f 2067/3407/3013 2422/3408/3325 2068/3409/3015
f 2068/3409/3015 2422/3408/3325 2423/3410/3326
f 2068/3409/3015 2423/3410/3326 2335/3411/3276
f 2335/3411/3276 2423/3410/3326 2424/3412/3327
f 2335/3411/3276 2424/3412/3327 2336/3413/3277
f 2336/3413/3277 2424/3412/3327 2337/3414/3279
f 2337/3414/3279 2424/3412/3327 2427/3415/3328
f 2337/3414/3279 2427/3415/3328 2338/3416/3281
f 2338/3416/3281 2427/3415/3328 2430/3417/3329
f 2338/3416/3281 2430/3417/3329 2339/3418/3283
f 2339/3418/3283 2430/3417/3329 2433/3419/3330
f 2339/3418/3283 2433/3419/3330 2340/3420/3285
f 2340/3420/3285 2433/3419/3330 2436/3421/3331
f 2340/3420/3285 2436/3421/3331 2341/3422/3287
f 2341/3422/3287 2436/3421/3331 2439/3423/3332
f 2341/3422/3287 2439/3423/3332 2342/3424/3289
f 2342/3424/3289 2439/3423/3332 2442/3425/3333
f 2342/3424/3289 2442/3425/3333 2343/3426/3220
f 2343/3426/3220 2442/3425/3333 2445/3427/3334
f 2343/3426/3220 2445/3427/3334 2317/3428/3221
f 2317/3428/3221 2445/3427/3334 2444/3429/3335
f 2317/3428/3221 2444/3429/3335 2059/3430/2996
f 2059/3430/2996 2444/3429/3335 2443/3431/3336
f 2059/3430/2996 2443/3431/3336 2060/3432/2995
f 2060/3432/2995 2443/3431/3336 2061/3433/2999
f 2061/3433/2999 2443/3431/3336 2440/3434/3337
f 2061/3433/2999 2440/3434/3337 2062/3435/3006
f 2062/3435/3006 2440/3434/3337 2437/3436/3338
f 2062/3435/3006 2437/3436/3338 2063/3437/3009
f 2063/3437/3009 2437/3436/3338 2434/3438/3339
f 2063/3437/3009 2434/3438/3339 2064/3439/3011
f 2064/3439/3011 2434/3438/3339 2431/3440/3340
f 2064/3439/3011 2431/3440/3340 2065/3441/2985
f 2065/3441/2985 2431/3440/3340 2428/3442/3341
f 2065/3441/2985 2428/3442/3341 2066/3443/2986
f 2066/3443/2986 2428/3442/3341 2425/3444/3342
f 2066/3443/2986 2425/3444/3342 2067/3407/3013
f 2067/3407/3013 2425/3444/3342 2422/3408/3325
f 2427/3415/3328 2424/3412/3327 2423/3410/3326
f 2423/3410/3326 2422/3408/3325 2426/3445/3343
f 2426/3445/3343 2422/3408/3325 2425/3444/3342
f 2426/3445/3343 2425/3444/3342 2429/3446/3344
f 2429/3446/3344 2425/3444/3342 2428/3442/3341
f 2429/3446/3344 2428/3442/3341 2432/3447/3345
f 2432/3447/3345 2428/3442/3341 2431/3440/3340
f 2432/3447/3345 2431/3440/3340 2435/3448/3346
f 2435/3448/3346 2431/3440/3340 2434/3438/3339
f 2435/3448/3346 2434/3438/3339 2438/3449/3347
f 2438/3449/3347 2434/3438/3339 2437/3436/3338
f 2438/3449/3347 2437/3436/3338 2441/3450/3348
f 2441/3450/3348 2437/3436/3338 2440/3434/3337
f 2441/3450/3348 2440/3434/3337 2444/3429/3335
f 2444/3429/3335 2440/3434/3337 2443/3431/3336
f 2430/3417/3329 2427/3415/3328 2426/3445/3343
f 2426/3445/3343 2427/3415/3328 2423/3410/3326
f 2430/3417/3329 2426/3445/3343 2429/3446/3344
f 2433/3419/3330 2430/3417/3329 2429/3446/3344
f 2433/3419/3330 2429/3446/3344 2432/3447/3345
f 2436/3421/3331 2433/3419/3330 2432/3447/3345
f 2436/3421/3331 2432/3447/3345 2435/3448/3346
f 2439/3423/3332 2436/3421/3331 2435/3448/3346
f 2439/3423/3332 2435/3448/3346 2438/3449/3347
f 2442/3425/3333 2439/3423/3332 2438/3449/3347
f 2442/3425/3333 2438/3449/3347 2441/3450/3348
f 2445/3427/3334 2442/3425/3333 2441/3450/3348
f 2445/3427/3334 2441/3450/3348 2444/3429/3335
f 2472/3451/3349 2446/3452/3350 2473/3453/3351
f 2473/3453/3351 2446/3452/3350 2447/3454/3352
f 2473/3453/3351 2447/3454/3352 2476/3455/3353
f 2476/3455/3353 2447/3454/3352 2448/3456/3354
f 2476/3455/3353 2448/3456/3354 2481/3457/3355
f 2481/3457/3355 2448/3456/3354 2449/3458/3356
f 2481/3457/3355 2449/3458/3356 2488/3459/3357
f 2488/3459/3357 2449/3458/3356 2450/3460/3358
f 2488/3459/3357 2450/3460/3358 2496/3461/3359
f 2496/3461/3359 2450/3460/3358 2451/3462/3360
f 2496/3461/3359 2451/3462/3360 2504/3463/3361
f 2504/3463/3361 2451/3462/3360 2452/3464/3362
f 2504/3463/3361 2452/3464/3362 2512/3465/3363
f 2512/3465/3363 2452/3464/3362 2453/3466/3364
f 2512/3465/3363 2453/3466/3364 2519/3467/3365
f 2519/3467/3365 2453/3466/3364 2454/3468/3366
f 2519/3467/3365 2454/3468/3366 2526/3469/3367
f 2526/3469/3367 2454/3468/3366 2455/3470/3368
f 2526/3469/3367 2455/3470/3368 2456/3471/3369
f 2526/3469/3367 2456/3471/3369 2525/3472/3370
f 2525/3472/3370 2456/3471/3369 2457/3473/3371
f 2525/3472/3370 2457/3473/3371 2524/3474/3372
f 2524/3474/3372 2457/3473/3371 2458/3475/3373
f 2524/3474/3372 2458/3475/3373 2521/3476/3374
f 2521/3476/3374 2458/3475/3373 2522/3477/3375
f 2521/3476/3374 2522/3477/3375 2514/3478/3376
f 2514/3478/3376 2522/3477/3375 2515/3479/3377
f 2514/3478/3376 2515/3479/3377 2506/3480/3378
f 2506/3480/3378 2515/3479/3377 2507/3481/3379
f 2506/3480/3378 2507/3481/3379 2498/3482/3380
f 2498/3482/3380 2507/3481/3379 2499/3483/3381
f 2498/3482/3380 2499/3483/3381 2490/3484/3382
f 2490/3484/3382 2499/3483/3381 2491/3485/3383
f 2490/3484/3382 2491/3485/3383 2483/3486/3384
f 2483/3486/3384 2491/3485/3383 2484/3487/3385
f 2483/3486/3384 2484/3487/3385 2478/3488/3386
f 2478/3488/3386 2484/3487/3385 2479/3489/3387
f 2478/3488/3386 2479/3489/3387 2470/3490/3388
f 2470/3490/3388 2479/3489/3387 2469/3491/3389
f 2469/3491/3389 2479/3489/3387 2480/3492/3390
f 2469/3491/3389 2480/3492/3390 2468/3493/3391
f 2468/3493/3391 2480/3492/3390 2485/3494/3392
f 2468/3493/3391 2485/3494/3392 2486/3495/3393
f 2486/3495/3393 2485/3494/3392 2493/3496/3394
f 2486/3495/3393 2493/3496/3394 2494/3497/3395
f 2494/3497/3395 2493/3496/3394 2502/3498/3396
f 2494/3497/3395 2502/3498/3396 2503/3499/3397
f 2503/3499/3397 2502/3498/3396 2511/3500/3398
f 2503/3499/3397 2511/3500/3398 2463/3501/3399
f 2463/3501/3399 2511/3500/3398 2462/3502/3400
f 2462/3502/3400 2511/3500/3398 2510/3503/3401
f 2462/3502/3400 2510/3503/3401 2518/3504/3402
f 2518/3504/3402 2510/3503/3401 2509/3505/3403
f 2518/3504/3402 2509/3505/3403 2517/3506/3404
f 2517/3506/3404 2509/3505/3403 2508/3507/3405
f 2517/3506/3404 2508/3507/3405 2516/3508/3406
f 2516/3508/3406 2508/3507/3405 2507/3481/3379
f 2516/3508/3406 2507/3481/3379 2515/3479/3377
f 2458/3475/3373 2459/3509/3407 2522/3477/3375
f 2522/3477/3375 2459/3509/3407 2523/3510/3408
f 2522/3477/3375 2523/3510/3408 2515/3479/3377
f 2515/3479/3377 2523/3510/3408 2516/3508/3406
f 2459/3509/3407 2460/3511/3409 2523/3510/3408
f 2523/3510/3408 2460/3511/3409 2516/3508/3406
f 2516/3508/3406 2460/3511/3409 2517/3506/3404
f 2517/3506/3404 2460/3511/3409 2461/3512/3410
f 2517/3506/3404 2461/3512/3410 2518/3504/3402
f 2518/3504/3402 2461/3512/3410 2462/3502/3400
f 2463/3501/3399 2464/3513/3411 2503/3499/3397
f 2503/3499/3397 2464/3513/3411 2465/3514/3412
f 2503/3499/3397 2465/3514/3412 2495/3515/3413
f 2495/3515/3413 2465/3514/3412 2466/3516/3414
f 2495/3515/3413 2466/3516/3414 2494/3497/3395
f 2494/3497/3395 2466/3516/3414 2487/3517/3415
f 2494/3497/3395 2487/3517/3415 2486/3495/3393
f 2486/3495/3393 2487/3517/3415 2467/3518/3416
f 2486/3495/3393 2467/3518/3416 2468/3493/3391
f 2466/3516/3414 2467/3518/3416 2487/3517/3415
f 2478/3488/3386 2470/3490/3388 2475/3519/3417
f 2475/3519/3417 2470/3490/3388 2471/3520/3418
f 2475/3519/3417 2471/3520/3418 2474/3521/3419
f 2474/3521/3419 2471/3520/3418 2472/3451/3349
f 2474/3521/3419 2472/3451/3349 2473/3453/3351
f 2474/3521/3419 2473/3453/3351 2476/3455/3353
f 2475/3519/3417 2474/3521/3419 2477/3522/3420
f 2477/3522/3420 2474/3521/3419 2476/3455/3353
f 2477/3522/3420 2476/3455/3353 2482/3523/3421
f 2482/3523/3421 2476/3455/3353 2481/3457/3355
f 2482/3523/3421 2481/3457/3355 2489/3524/3422
f 2489/3524/3422 2481/3457/3355 2488/3459/3357
f 2489/3524/3422 2488/3459/3357 2497/3525/3423
f 2497/3525/3423 2488/3459/3357 2496/3461/3359
f 2497/3525/3423 2496/3461/3359 2505/3526/3424
f 2505/3526/3424 2496/3461/3359 2504/3463/3361
f 2505/3526/3424 2504/3463/3361 2513/3527/3425
f 2513/3527/3425 2504/3463/3361 2512/3465/3363
f 2513/3527/3425 2512/3465/3363 2520/3528/3426
f 2520/3528/3426 2512/3465/3363 2519/3467/3365
f 2520/3528/3426 2519/3467/3365 2525/3472/3370
f 2525/3472/3370 2519/3467/3365 2526/3469/3367
f 2483/3486/3384 2478/3488/3386 2477/3522/3420
f 2477/3522/3420 2478/3488/3386 2475/3519/3417
f 2483/3486/3384 2477/3522/3420 2482/3523/3421
f 2485/3494/3392 2480/3492/3390 2479/3489/3387
f 2485/3494/3392 2479/3489/3387 2484/3487/3385
f 2490/3484/3382 2483/3486/3384 2482/3523/3421
f 2490/3484/3382 2482/3523/3421 2489/3524/3422
f 2485/3494/3392 2484/3487/3385 2492/3529/3427
f 2492/3529/3427 2484/3487/3385 2491/3485/3383
f 2492/3529/3427 2491/3485/3383 2500/3530/3428
f 2500/3530/3428 2491/3485/3383 2499/3483/3381
f 2500/3530/3428 2499/3483/3381 2508/3507/3405
f 2508/3507/3405 2499/3483/3381 2507/3481/3379
f 2498/3482/3380 2490/3484/3382 2489/3524/3422
f 2498/3482/3380 2489/3524/3422 2497/3525/3423
f 2485/3494/3392 2492/3529/3427 2493/3496/3394
f 2493/3496/3394 2492/3529/3427 2501/3531/3429
f 2493/3496/3394 2501/3531/3429 2502/3498/3396
f 2502/3498/3396 2501/3531/3429 2510/3503/3401
f 2502/3498/3396 2510/3503/3401 2511/3500/3398
f 2501/3531/3429 2492/3529/3427 2500/3530/3428
f 2503/3499/3397 2495/3515/3413 2494/3497/3395
f 2506/3480/3378 2498/3482/3380 2497/3525/3423
f 2506/3480/3378 2497/3525/3423 2505/3526/3424
f 2508/3507/3405 2509/3505/3403 2500/3530/3428
f 2500/3530/3428 2509/3505/3403 2501/3531/3429
f 2509/3505/3403 2510/3503/3401 2501/3531/3429
f 2514/3478/3376 2506/3480/3378 2505/3526/3424
f 2514/3478/3376 2505/3526/3424 2513/3527/3425
f 2521/3476/3374 2514/3478/3376 2513/3527/3425
f 2521/3476/3374 2513/3527/3425 2520/3528/3426
f 2524/3474/3372 2521/3476/3374 2520/3528/3426
f 2524/3474/3372 2520/3528/3426 2525/3472/3370
f 2463/3532/3399 2527/3533/3430 2464/3534/3411
f 2464/3534/3411 2527/3533/3430 2528/3535/3431
f 2464/3534/3411 2528/3535/3431 2149/3536/3096
f 2149/3536/3096 2528/3535/3431 2529/3537/3432
f 2149/3536/3096 2529/3537/3432 2150/3538/3097
f 2150/3538/3097 2529/3537/3432 2151/3539/3099
f 2151/3539/3099 2529/3537/3432 2532/3540/3433
f 2151/3539/3099 2532/3540/3433 2152/3541/3101
f 2152/3541/3101 2532/3540/3433 2535/3542/3434
f 2152/3541/3101 2535/3542/3434 2153/3543/3076
f 2153/3543/3076 2535/3542/3434 2538/3544/3435
f 2153/3543/3076 2538/3544/3435 2154/3545/3074
f 2154/3545/3074 2538/3544/3435 2541/3546/3436
f 2154/3545/3074 2541/3546/3436 2155/3547/3073
f 2155/3547/3073 2541/3546/3436 2544/3548/3437
f 2155/3547/3073 2544/3548/3437 2156/3549/3103
f 2156/3549/3103 2544/3548/3437 2547/3550/3438
f 2156/3549/3103 2547/3550/3438 2157/3551/3034
f 2157/3551/3034 2547/3550/3438 2550/3552/3439
f 2157/3551/3034 2550/3552/3439 2131/3553/3035
f 2131/3553/3035 2550/3552/3439 2549/3554/3440
f 2131/3553/3035 2549/3554/3440 2455/3555/3368
f 2455/3555/3368 2549/3554/3440 2548/3556/3441
f 2455/3555/3368 2548/3556/3441 2456/3557/3369
f 2456/3557/3369 2548/3556/3441 2457/3558/3371
f 2457/3558/3371 2548/3556/3441 2545/3559/3442
f 2457/3558/3371 2545/3559/3442 2458/3560/3373
f 2458/3560/3373 2545/3559/3442 2542/3561/3443
f 2458/3560/3373 2542/3561/3443 2459/3562/3407
f 2459/3562/3407 2542/3561/3443 2539/3563/3444
f 2459/3562/3407 2539/3563/3444 2460/3564/3409
f 2460/3564/3409 2539/3563/3444 2536/3565/3445
f 2460/3564/3409 2536/3565/3445 2461/3566/3410
f 2461/3566/3410 2536/3565/3445 2533/3567/3446
f 2461/3566/3410 2533/3567/3446 2462/3568/3400
f 2462/3568/3400 2533/3567/3446 2530/3569/3447
f 2462/3568/3400 2530/3569/3447 2463/3532/3399
f 2463/3532/3399 2530/3569/3447 2527/3533/3430
f 2532/3540/3433 2529/3537/3432 2528/3535/3431
f 2528/3535/3431 2527/3533/3430 2531/3570/3448
f 2531/3570/3448 2527/3533/3430 2530/3569/3447
f 2531/3570/3448 2530/3569/3447 2534/3571/3449
f 2534/3571/3449 2530/3569/3447 2533/3567/3446
f 2534/3571/3449 2533/3567/3446 2537/3572/3450
f 2537/3572/3450 2533/3567/3446 2536/3565/3445
f 2537/3572/3450 2536/3565/3445 2540/3573/3451
f 2540/3573/3451 2536/3565/3445 2539/3563/3444
f 2540/3573/3451 2539/3563/3444 2543/3574/3452
f 2543/3574/3452 2539/3563/3444 2542/3561/3443
f 2543/3574/3452 2542/3561/3443 2546/3575/3453
f 2546/3575/3453 2542/3561/3443 2545/3559/3442
f 2546/3575/3453 2545/3559/3442 2549/3554/3440
f 2549/3554/3440 2545/3559/3442 2548/3556/3441
f 2535/3542/3434 2532/3540/3433 2531/3570/3448
f 2531/3570/3448 2532/3540/3433 2528/3535/3431
f 2535/3542/3434 2531/3570/3448 2534/3571/3449
f 2538/3544/3435 2535/3542/3434 2534/3571/3449
f 2538/3544/3435 2534/3571/3449 2537/3572/3450
f 2541/3546/3436 2538/3544/3435 2537/3572/3450
f 2541/3546/3436 2537/3572/3450 2540/3573/3451
f 2544/3548/3437 2541/3546/3436 2540/3573/3451
f 2544/3548/3437 2540/3573/3451 2543/3574/3452
f 2547/3550/3438 2544/3548/3437 2543/3574/3452
f 2547/3550/3438 2543/3574/3452 2546/3575/3453
f 2550/3552/3439 2547/3550/3438 2546/3575/3453
f 2550/3552/3439 2546/3575/3453 2549/3554/3440
f 2325/3576/3253 2551/3577/3454 2326/3578/3265
f 2326/3578/3265 2551/3577/3454 2552/3579/3455
f 2326/3578/3265 2552/3579/3455 2464/3580/3411
f 2464/3580/3411 2552/3579/3455 2553/3581/3456
f 2464/3580/3411 2553/3581/3456 2465/3582/3412
f 2465/3582/3412 2553/3581/3456 2466/3583/3414
f 2466/3583/3414 2553/3581/3456 2556/3584/3457
f 2466/3583/3414 2556/3584/3457 2467/3585/3416
f 2467/3585/3416 2556/3584/3457 2559/3586/3458
f 2467/3585/3416 2559/3586/3458 2468/3587/3391
f 2468/3587/3391 2559/3586/3458 2562/3588/3459
f 2468/3587/3391 2562/3588/3459 2469/3589/3389
f 2469/3589/3389 2562/3588/3459 2565/3590/3460
f 2469/3589/3389 2565/3590/3460 2470/3591/3388
f 2470/3591/3388 2565/3590/3460 2568/3592/3461
f 2470/3591/3388 2568/3592/3461 2471/3593/3418
f 2471/3593/3418 2568/3592/3461 2571/3594/3462
f 2471/3593/3418 2571/3594/3462 2472/3595/3349
f 2472/3595/3349 2571/3594/3462 2574/3596/3463
f 2472/3595/3349 2574/3596/3463 2446/3597/3350
f 2446/3597/3350 2574/3596/3463 2573/3598/3464
f 2446/3597/3350 2573/3598/3464 2317/3599/3221
f 2317/3599/3221 2573/3598/3464 2572/3600/3465
f 2317/3599/3221 2572/3600/3465 2318/3601/3223
f 2318/3601/3223 2572/3600/3465 2319/3602/3225
f 2319/3602/3225 2572/3600/3465 2569/3603/3466
f 2319/3602/3225 2569/3603/3466 2320/3604/3227
f 2320/3604/3227 2569/3603/3466 2566/3605/3467
f 2320/3604/3227 2566/3605/3467 2321/3606/3261
f 2321/3606/3261 2566/3605/3467 2563/3607/3468
f 2321/3606/3261 2563/3607/3468 2322/3608/3263
f 2322/3608/3263 2563/3607/3468 2560/3609/3469
f 2322/3608/3263 2560/3609/3469 2323/3610/3264
f 2323/3610/3264 2560/3609/3469 2557/3611/3470
f 2323/3610/3264 2557/3611/3470 2324/3612/3254
f 2324/3612/3254 2557/3611/3470 2554/3613/3471
f 2324/3612/3254 2554/3613/3471 2325/3576/3253
f 2325/3576/3253 2554/3613/3471 2551/3577/3454
f 2556/3584/3457 2553/3581/3456 2552/3579/3455
f 2552/3579/3455 2551/3577/3454 2555/3614/3472
f 2555/3614/3472 2551/3577/3454 2554/3613/3471
f 2555/3614/3472 2554/3613/3471 2558/3615/3473
f 2558/3615/3473 2554/3613/3471 2557/3611/3470
f 2558/3615/3473 2557/3611/3470 2561/3616/3474
f 2561/3616/3474 2557/3611/3470 2560/3609/3469
f 2561/3616/3474 2560/3609/3469 2564/3617/3475
f 2564/3617/3475 2560/3609/3469 2563/3607/3468
f 2564/3617/3475 2563/3607/3468 2567/3618/3476
f 2567/3618/3476 2563/3607/3468 2566/3605/3467
f 2567/3618/3476 2566/3605/3467 2570/3619/3477
f 2570/3619/3477 2566/3605/3467 2569/3603/3466
f 2570/3619/3477 2569/3603/3466 2573/3598/3464
f 2573/3598/3464 2569/3603/3466 2572/3600/3465
f 2559/3586/3458 2556/3584/3457 2555/3614/3472
f 2555/3614/3472 2556/3584/3457 2552/3579/3455
f 2559/3586/3458 2555/3614/3472 2558/3615/3473
f 2562/3588/3459 2559/3586/3458 2558/3615/3473
f 2562/3588/3459 2558/3615/3473 2561/3616/3474
f 2565/3590/3460 2562/3588/3459 2561/3616/3474
f 2565/3590/3460 2561/3616/3474 2564/3617/3475
f 2568/3592/3461 2565/3590/3460 2564/3617/3475
f 2568/3592/3461 2564/3617/3475 2567/3618/3476
f 2571/3594/3462 2568/3592/3461 2567/3618/3476
f 2571/3594/3462 2567/3618/3476 2570/3619/3477
f 2574/3596/3463 2571/3594/3462 2570/3619/3477
f 2574/3596/3463 2570/3619/3477 2573/3598/3464
f 2253/3620/3199 2575/3621/3478 2254/3622/3201
f 2254/3622/3201 2575/3621/3478 2576/3623/3479
f 2254/3622/3201 2576/3623/3479 2446/3624/3350
f 2446/3624/3350 2576/3623/3479 2577/3625/3480
f 2446/3624/3350 2577/3625/3480 2447/3626/3352
f 2447/3626/3352 2577/3625/3480 2448/3627/3354
f 2448/3627/3354 2577/3625/3480 2580/3628/3481
f 2448/3627/3354 2580/3628/3481 2449/3629/3356
f 2449/3629/3356 2580/3628/3481 2583/3630/3482
f 2449/3629/3356 2583/3630/3482 2450/3631/3358
f 2450/3631/3358 2583/3630/3482 2586/3632/3483
f 2450/3631/3358 2586/3632/3483 2451/3633/3360
f 2451/3633/3360 2586/3632/3483 2589/3634/3484
f 2451/3633/3360 2589/3634/3484 2452/3635/3362
f 2452/3635/3362 2589/3634/3484 2592/3636/3485
f 2452/3635/3362 2592/3636/3485 2453/3637/3364
f 2453/3637/3364 2592/3636/3485 2595/3638/3486
f 2453/3637/3364 2595/3638/3486 2454/3639/3366
f 2454/3639/3366 2595/3638/3486 2598/3640/3487
f 2454/3639/3366 2598/3640/3487 2455/3641/3368
f 2455/3641/3368 2598/3640/3487 2597/3642/3488
f 2455/3641/3368 2597/3642/3488 2245/3643/3182
f 2245/3643/3182 2597/3642/3488 2596/3644/3489
f 2245/3643/3182 2596/3644/3489 2246/3645/3181
f 2246/3645/3181 2596/3644/3489 2247/3646/3185
f 2247/3646/3185 2596/3644/3489 2593/3647/3490
f 2247/3646/3185 2593/3647/3490 2248/3648/3192
f 2248/3648/3192 2593/3647/3490 2590/3649/3491
f 2248/3648/3192 2590/3649/3491 2249/3650/3195
f 2249/3650/3195 2590/3649/3491 2587/3651/3492
f 2249/3650/3195 2587/3651/3492 2250/3652/3197
f 2250/3652/3197 2587/3651/3492 2584/3653/3493
f 2250/3652/3197 2584/3653/3493 2251/3654/3171
f 2251/3654/3171 2584/3653/3493 2581/3655/3494
f 2251/3654/3171 2581/3655/3494 2252/3656/3172
f 2252/3656/3172 2581/3655/3494 2578/3657/3495
f 2252/3656/3172 2578/3657/3495 2253/3620/3199
f 2253/3620/3199 2578/3657/3495 2575/3621/3478
f 2580/3628/3481 2577/3625/3480 2576/3623/3479
f 2576/3623/3479 2575/3621/3478 2579/3658/3496
f 2579/3658/3496 2575/3621/3478 2578/3657/3495
f 2579/3658/3496 2578/3657/3495 2582/3659/3497
f 2582/3659/3497 2578/3657/3495 2581/3655/3494
f 2582/3659/3497 2581/3655/3494 2585/3660/3498
f 2585/3660/3498 2581/3655/3494 2584/3653/3493
f 2585/3660/3498 2584/3653/3493 2588/3661/3499
f 2588/3661/3499 2584/3653/3493 2587/3651/3492
f 2588/3661/3499 2587/3651/3492 2591/3662/3500
f 2591/3662/3500 2587/3651/3492 2590/3649/3491
f 2591/3662/3500 2590/3649/3491 2594/3663/3501
f 2594/3663/3501 2590/3649/3491 2593/3647/3490
f 2594/3663/3501 2593/3647/3490 2597/3642/3488
f 2597/3642/3488 2593/3647/3490 2596/3644/3489
f 2583/3630/3482 2580/3628/3481 2579/3658/3496
f 2579/3658/3496 2580/3628/3481 2576/3623/3479
f 2583/3630/3482 2579/3658/3496 2582/3659/3497
f 2586/3632/3483 2583/3630/3482 2582/3659/3497
f 2586/3632/3483 2582/3659/3497 2585/3660/3498
f 2589/3634/3484 2586/3632/3483 2585/3660/3498
f 2589/3634/3484 2585/3660/3498 2588/3661/3499
f 2592/3636/3485 2589/3634/3484 2588/3661/3499
f 2592/3636/3485 2588/3661/3499 2591/3662/3500
f 2595/3638/3486 2592/3636/3485 2591/3662/3500
f 2595/3638/3486 2591/3662/3500 2594/3663/3501
f 2598/3640/3487 2595/3638/3486 2594/3663/3501
f 2598/3640/3487 2594/3663/3501 2597/3642/3488
f 2058/3664/2997 2599/3665/3502 2059/3666/2996
f 2059/3666/2996 2599/3665/3502 2600/3667/3503
f 2059/3666/2996 2600/3667/3503 2254/3668/3201
f 2254/3668/3201 2600/3667/3503 2601/3669/3504
f 2254/3668/3201 2601/3669/3504 2255/3670/3202
f 2255/3670/3202 2601/3669/3504 2256/3671/3204
f 2256/3671/3204 2601/3669/3504 2604/3672/3505
f 2256/3671/3204 2604/3672/3505 2257/3673/3206
f 2257/3673/3206 2604/3672/3505 2607/3674/3506
f 2257/3673/3206 2607/3674/3506 2258/3675/3209
f 2258/3675/3209 2607/3674/3506 2610/3676/3507
f 2258/3675/3209 2610/3676/3507 2259/3677/3211
f 2259/3677/3211 2610/3676/3507 2613/3678/3508
f 2259/3677/3211 2613/3678/3508 2260/3679/3212
f 2260/3679/3212 2613/3678/3508 2616/3680/3509
f 2260/3679/3212 2616/3680/3509 2261/3681/3156
f 2261/3681/3156 2616/3680/3509 2619/3682/3510
f 2261/3681/3156 2619/3682/3510 2262/3683/3139
f 2262/3683/3139 2619/3682/3510 2622/3684/3511
f 2262/3683/3139 2622/3684/3511 2236/3685/3140
f 2236/3685/3140 2622/3684/3511 2621/3686/3512
f 2236/3685/3140 2621/3686/3512 2050/3687/2954
f 2050/3687/2954 2621/3686/3512 2620/3688/3513
f 2050/3687/2954 2620/3688/3513 2051/3689/2956
f 2051/3689/2956 2620/3688/3513 2052/3690/2958
f 2052/3690/2958 2620/3688/3513 2617/3691/3514
f 2052/3690/2958 2617/3691/3514 2053/3692/2962
f 2053/3692/2962 2617/3691/3514 2614/3693/3515
f 2053/3692/2962 2614/3693/3515 2054/3694/2963
f 2054/3694/2963 2614/3693/3515 2611/3695/3516
f 2054/3694/2963 2611/3695/3516 2055/3696/2964
f 2055/3696/2964 2611/3695/3516 2608/3697/3517
f 2055/3696/2964 2608/3697/3517 2056/3698/2988
f 2056/3698/2988 2608/3697/3517 2605/3699/3518
f 2056/3698/2988 2605/3699/3518 2057/3700/2998
f 2057/3700/2998 2605/3699/3518 2602/3701/3519
f 2057/3700/2998 2602/3701/3519 2058/3664/2997
f 2058/3664/2997 2602/3701/3519 2599/3665/3502
f 2604/3672/3505 2601/3669/3504 2600/3667/3503
f 2600/3667/3503 2599/3665/3502 2603/3702/3520
f 2603/3702/3520 2599/3665/3502 2602/3701/3519
f 2603/3702/3520 2602/3701/3519 2606/3703/3521
f 2606/3703/3521 2602/3701/3519 2605/3699/3518
f 2606/3703/3521 2605/3699/3518 2609/3704/3522
f 2609/3704/3522 2605/3699/3518 2608/3697/3517
f 2609/3704/3522 2608/3697/3517 2612/3705/3523
f 2612/3705/3523 2608/3697/3517 2611/3695/3516
f 2612/3705/3523 2611/3695/3516 2615/3706/3524
f 2615/3706/3524 2611/3695/3516 2614/3693/3515
f 2615/3706/3524 2614/3693/3515 2618/3707/3525
f 2618/3707/3525 2614/3693/3515 2617/3691/3514
f 2618/3707/3525 2617/3691/3514 2621/3686/3512
f 2621/3686/3512 2617/3691/3514 2620/3688/3513
f 2607/3674/3506 2604/3672/3505 2603/3702/3520
f 2603/3702/3520 2604/3672/3505 2600/3667/3503
f 2607/3674/3506 2603/3702/3520 2606/3703/3521
f 2610/3676/3507 2607/3674/3506 2606/3703/3521
f 2610/3676/3507 2606/3703/3521 2609/3704/3522
f 2613/3678/3508 2610/3676/3507 2609/3704/3522
f 2613/3678/3508 2609/3704/3522 2612/3705/3523
f 2616/3680/3509 2613/3678/3508 2612/3705/3523
f 2616/3680/3509 2612/3705/3523 2615/3706/3524
f 2619/3682/3510 2616/3680/3509 2615/3706/3524
f 2619/3682/3510 2615/3706/3524 2618/3707/3525
f 2622/3684/3511 2619/3682/3510 2618/3707/3525
f 2622/3684/3511 2618/3707/3525 2621/3686/3512
f 2244/3708/3183 2623/3709/3526 2245/3710/3182
f 2245/3710/3182 2623/3709/3526 2624/3711/3527
f 2245/3710/3182 2624/3711/3527 1906/3712/2853
f 1906/3712/2853 2624/3711/3527 2625/3713/3528
f 1906/3712/2853 2625/3713/3528 1907/3714/2854
f 1907/3714/2854 2625/3713/3528 1908/3715/2856
f 1908/3715/2856 2625/3713/3528 2628/3716/3529
f 1908/3715/2856 2628/3716/3529 1909/3717/2858
f 1909/3717/2858 2628/3716/3529 2631/3718/3530
f 1909/3717/2858 2631/3718/3530 1910/3719/2861
f 1910/3719/2861 2631/3718/3530 2634/3720/3531
f 1910/3719/2861 2634/3720/3531 1911/3721/2863
f 1911/3721/2863 2634/3720/3531 2637/3722/3532
f 1911/3721/2863 2637/3722/3532 1912/3723/2864
f 1912/3723/2864 2637/3722/3532 2640/3724/3533
f 1912/3723/2864 2640/3724/3533 1913/3725/2808
f 1913/3725/2808 2640/3724/3533 2643/3726/3534
f 1913/3725/2808 2643/3726/3534 1914/3727/2791
f 1914/3727/2791 2643/3726/3534 2646/3728/3535
f 1914/3727/2791 2646/3728/3535 1888/3729/2792
f 1888/3729/2792 2646/3728/3535 2645/3730/3536
f 1888/3729/2792 2645/3730/3536 2236/3731/3140
f 2236/3731/3140 2645/3730/3536 2644/3732/3537
f 2236/3731/3140 2644/3732/3537 2237/3733/3142
f 2237/3733/3142 2644/3732/3537 2238/3734/3144
f 2238/3734/3144 2644/3732/3537 2641/3735/3538
f 2238/3734/3144 2641/3735/3538 2239/3736/3148
f 2239/3736/3148 2641/3735/3538 2638/3737/3539
f 2239/3736/3148 2638/3737/3539 2240/3738/3149
f 2240/3738/3149 2638/3737/3539 2635/3739/3540
f 2240/3738/3149 2635/3739/3540 2241/3740/3150
f 2241/3740/3150 2635/3739/3540 2632/3741/3541
f 2241/3740/3150 2632/3741/3541 2242/3742/3174
f 2242/3742/3174 2632/3741/3541 2629/3743/3542
f 2242/3742/3174 2629/3743/3542 2243/3744/3184
f 2243/3744/3184 2629/3743/3542 2626/3745/3543
f 2243/3744/3184 2626/3745/3543 2244/3708/3183
f 2244/3708/3183 2626/3745/3543 2623/3709/3526
f 2628/3716/3529 2625/3713/3528 2624/3711/3527
f 2624/3711/3527 2623/3709/3526 2627/3746/3544
f 2627/3746/3544 2623/3709/3526 2626/3745/3543
f 2627/3746/3544 2626/3745/3543 2630/3747/3545
f 2630/3747/3545 2626/3745/3543 2629/3743/3542
f 2630/3747/3545 2629/3743/3542 2633/3748/3546
f 2633/3748/3546 2629/3743/3542 2632/3741/3541
f 2633/3748/3546 2632/3741/3541 2636/3749/3547
f 2636/3749/3547 2632/3741/3541 2635/3739/3540
f 2636/3749/3547 2635/3739/3540 2639/3750/3548
f 2639/3750/3548 2635/3739/3540 2638/3737/3539
f 2639/3750/3548 2638/3737/3539 2642/3751/3549
f 2642/3751/3549 2638/3737/3539 2641/3735/3538
f 2642/3751/3549 2641/3735/3538 2645/3730/3536
f 2645/3730/3536 2641/3735/3538 2644/3732/3537
f 2631/3718/3530 2628/3716/3529 2627/3746/3544
f 2627/3746/3544 2628/3716/3529 2624/3711/3527
f 2631/3718/3530 2627/3746/3544 2630/3747/3545
f 2634/3720/3531 2631/3718/3530 2630/3747/3545
f 2634/3720/3531 2630/3747/3545 2633/3748/3546
f 2637/3722/3532 2634/3720/3531 2633/3748/3546
f 2637/3722/3532 2633/3748/3546 2636/3749/3547
f 2640/3724/3533 2637/3722/3532 2636/3749/3547
f 2640/3724/3533 2636/3749/3547 2639/3750/3548
f 2643/3726/3534 2640/3724/3533 2639/3750/3548
f 2643/3726/3534 2639/3750/3548 2642/3751/3549
f 2646/3728/3535 2643/3726/3534 2642/3751/3549
f 2646/3728/3535 2642/3751/3549 2645/3730/3536
f 1905/3752/2851 2647/3753/3550 1906/3754/2853
f 1906/3754/2853 2647/3753/3550 2648/3755/3551
f 1906/3754/2853 2648/3755/3551 2131/3756/3035
f 2131/3756/3035 2648/3755/3551 2649/3757/3552
f 2131/3756/3035 2649/3757/3552 2132/3758/3037
f 2132/3758/3037 2649/3757/3552 2133/3759/3039
f 2133/3759/3039 2649/3757/3552 2652/3760/3553
f 2133/3759/3039 2652/3760/3553 2134/3761/3041
f 2134/3761/3041 2652/3760/3553 2655/3762/3554
f 2134/3761/3041 2655/3762/3554 2135/3763/3043
f 2135/3763/3043 2655/3762/3554 2658/3764/3555
f 2135/3763/3043 2658/3764/3555 2136/3765/3045
f 2136/3765/3045 2658/3764/3555 2661/3766/3556
f 2136/3765/3045 2661/3766/3556 2137/3767/3047
f 2137/3767/3047 2661/3766/3556 2664/3768/3557
f 2137/3767/3047 2664/3768/3557 2138/3769/3049
f 2138/3769/3049 2664/3768/3557 2667/3770/3558
f 2138/3769/3049 2667/3770/3558 2139/3771/3051
f 2139/3771/3051 2667/3770/3558 2670/3772/3559
f 2139/3771/3051 2670/3772/3559 2140/3773/3053
f 2140/3773/3053 2670/3772/3559 2669/3774/3560
f 2140/3773/3053 2669/3774/3560 1897/3775/2834
f 1897/3775/2834 2669/3774/3560 2668/3776/3561
f 1897/3775/2834 2668/3776/3561 1898/3777/2833
f 1898/3777/2833 2668/3776/3561 1899/3778/2837
f 1899/3778/2837 2668/3776/3561 2665/3779/3562
f 1899/3778/2837 2665/3779/3562 1900/3780/2844
f 1900/3780/2844 2665/3779/3562 2662/3781/3563
f 1900/3780/2844 2662/3781/3563 1901/3782/2847
f 1901/3782/2847 2662/3781/3563 2659/3783/3564
f 1901/3782/2847 2659/3783/3564 1902/3784/2849
f 1902/3784/2849 2659/3783/3564 2656/3785/3565
f 1902/3784/2849 2656/3785/3565 1903/3786/2823
f 1903/3786/2823 2656/3785/3565 2653/3787/3566
f 1903/3786/2823 2653/3787/3566 1904/3788/2824
f 1904/3788/2824 2653/3787/3566 2650/3789/3567
f 1904/3788/2824 2650/3789/3567 1905/3752/2851
f 1905/3752/2851 2650/3789/3567 2647/3753/3550
f 2652/3760/3553 2649/3757/3552 2648/3755/3551
f 2648/3755/3551 2647/3753/3550 2651/3790/3568
f 2651/3790/3568 2647/3753/3550 2650/3789/3567
f 2651/3790/3568 2650/3789/3567 2654/3791/3569
f 2654/3791/3569 2650/3789/3567 2653/3787/3566
f 2654/3791/3569 2653/3787/3566 2657/3792/3570
f 2657/3792/3570 2653/3787/3566 2656/3785/3565
f 2657/3792/3570 2656/3785/3565 2660/3793/3571
f 2660/3793/3571 2656/3785/3565 2659/3783/3564
f 2660/3793/3571 2659/3783/3564 2663/3794/3572
f 2663/3794/3572 2659/3783/3564 2662/3781/3563
f 2663/3794/3572 2662/3781/3563 2666/3795/3573
f 2666/3795/3573 2662/3781/3563 2665/3779/3562
f 2666/3795/3573 2665/3779/3562 2669/3774/3560
f 2669/3774/3560 2665/3779/3562 2668/3776/3561
f 2655/3762/3554 2652/3760/3553 2651/3790/3568
f 2651/3790/3568 2652/3760/3553 2648/3755/3551
f 2655/3762/3554 2651/3790/3568 2654/3791/3569
f 2658/3764/3555 2655/3762/3554 2654/3791/3569
f 2658/3764/3555 2654/3791/3569 2657/3792/3570
f 2661/3766/3556 2658/3764/3555 2657/3792/3570
f 2661/3766/3556 2657/3792/3570 2660/3793/3571
f 2664/3768/3557 2661/3766/3556 2660/3793/3571
f 2664/3768/3557 2660/3793/3571 2663/3794/3572
f 2667/3770/3558 2664/3768/3557 2663/3794/3572
f 2667/3770/3558 2663/3794/3572 2666/3795/3573
f 2670/3772/3559 2667/3770/3558 2666/3795/3573
f 2670/3772/3559 2666/3795/3573 2669/3774/3560
f 1815/3796/2754 2671/3797/3574 1816/3798/2753
f 1816/3798/2753 2671/3797/3574 2672/3799/3575
f 1816/3798/2753 2672/3799/3575 2068/3800/3015
f 2068/3800/3015 2672/3799/3575 2673/3801/3576
f 2068/3800/3015 2673/3801/3576 2069/3802/3016
f 2069/3802/3016 2673/3801/3576 2070/3803/3018
f 2070/3803/3018 2673/3801/3576 2676/3804/3577
f 2070/3803/3018 2676/3804/3577 2071/3805/3020
f 2071/3805/3020 2676/3804/3577 2679/3806/3578
f 2071/3805/3020 2679/3806/3578 2072/3807/3023
f 2072/3807/3023 2679/3806/3578 2682/3808/3579
f 2072/3807/3023 2682/3808/3579 2073/3809/3025
f 2073/3809/3025 2682/3808/3579 2685/3810/3580
f 2073/3809/3025 2685/3810/3580 2074/3811/3026
f 2074/3811/3026 2685/3810/3580 2688/3812/3581
f 2074/3811/3026 2688/3812/3581 2075/3813/2970
f 2075/3813/2970 2688/3812/3581 2691/3814/3582
f 2075/3813/2970 2691/3814/3582 2076/3815/2953
f 2076/3815/2953 2691/3814/3582 2694/3816/3583
f 2076/3815/2953 2694/3816/3583 2050/3817/2954
f 2050/3817/2954 2694/3816/3583 2693/3818/3584
f 2050/3817/2954 2693/3818/3584 1807/3819/2711
f 1807/3819/2711 2693/3818/3584 2692/3820/3585
f 1807/3819/2711 2692/3820/3585 1808/3821/2713
f 1808/3821/2713 2692/3820/3585 1809/3822/2715
f 1809/3822/2715 2692/3820/3585 2689/3823/3586
f 1809/3822/2715 2689/3823/3586 1810/3824/2719
f 1810/3824/2719 2689/3823/3586 2686/3825/3587
f 1810/3824/2719 2686/3825/3587 1811/3826/2720
f 1811/3826/2720 2686/3825/3587 2683/3827/3588
f 1811/3826/2720 2683/3827/3588 1812/3828/2721
f 1812/3828/2721 2683/3827/3588 2680/3829/3589
f 1812/3828/2721 2680/3829/3589 1813/3830/2745
f 1813/3830/2745 2680/3829/3589 2677/3831/3590
f 1813/3830/2745 2677/3831/3590 1814/3832/2755
f 1814/3832/2755 2677/3831/3590 2674/3833/3591
f 1814/3832/2755 2674/3833/3591 1815/3796/2754
f 1815/3796/2754 2674/3833/3591 2671/3797/3574
f 2676/3804/3577 2673/3801/3576 2672/3799/3575
f 2672/3799/3575 2671/3797/3574 2675/3834/3592
f 2675/3834/3592 2671/3797/3574 2674/3833/3591
f 2675/3834/3592 2674/3833/3591 2678/3835/3593
f 2678/3835/3593 2674/3833/3591 2677/3831/3590
f 2678/3835/3593 2677/3831/3590 2681/3836/3594
f 2681/3836/3594 2677/3831/3590 2680/3829/3589
f 2681/3836/3594 2680/3829/3589 2684/3837/3595
f 2684/3837/3595 2680/3829/3589 2683/3827/3588
f 2684/3837/3595 2683/3827/3588 2687/3838/3596
f 2687/3838/3596 2683/3827/3588 2686/3825/3587
f 2687/3838/3596 2686/3825/3587 2690/3839/3597
f 2690/3839/3597 2686/3825/3587 2689/3823/3586
f 2690/3839/3597 2689/3823/3586 2693/3818/3584
f 2693/3818/3584 2689/3823/3586 2692/3820/3585
f 2679/3806/3578 2676/3804/3577 2675/3834/3592
f 2675/3834/3592 2676/3804/3577 2672/3799/3575
f 2679/3806/3578 2675/3834/3592 2678/3835/3593
f 2682/3808/3579 2679/3806/3578 2678/3835/3593
f 2682/3808/3579 2678/3835/3593 2681/3836/3594
f 2685/3810/3580 2682/3808/3579 2681/3836/3594
f 2685/3810/3580 2681/3836/3594 2684/3837/3595
f 2688/3812/3581 2685/3810/3580 2684/3837/3595
f 2688/3812/3581 2684/3837/3595 2687/3838/3596
f 2691/3814/3582 2688/3812/3581 2687/3838/3596
f 2691/3814/3582 2687/3838/3596 2690/3839/3597
f 2694/3816/3583 2691/3814/3582 2690/3839/3597
f 2694/3816/3583 2690/3839/3597 2693/3818/3584
f 1824/3840/2770 2695/3841/3598 1825/3842/2772
f 1825/3842/2772 2695/3841/3598 2696/3843/3599
f 1825/3842/2772 2696/3843/3599 1969/3844/2873
f 1969/3844/2873 2696/3843/3599 2697/3845/3600
f 1969/3844/2873 2697/3845/3600 1970/3846/2875
f 1970/3846/2875 2697/3845/3600 1971/3847/2877
f 1971/3847/2877 2697/3845/3600 2700/3848/3601
f 1971/3847/2877 2700/3848/3601 1972/3849/2879
f 1972/3849/2879 2700/3848/3601 2703/3850/3602
f 1972/3849/2879 2703/3850/3602 1973/3851/2881
f 1973/3851/2881 2703/3850/3602 2706/3852/3603
f 1973/3851/2881 2706/3852/3603 1974/3853/2883
f 1974/3853/2883 2706/3852/3603 2709/3854/3604
f 1974/3853/2883 2709/3854/3604 1975/3855/2885
f 1975/3855/2885 2709/3854/3604 2712/3856/3605
f 1975/3855/2885 2712/3856/3605 1976/3857/2887
f 1976/3857/2887 2712/3856/3605 2715/3858/3606
f 1976/3857/2887 2715/3858/3606 1977/3859/2889
f 1977/3859/2889 2715/3858/3606 2718/3860/3607
f 1977/3859/2889 2718/3860/3607 1978/3861/2891
f 1978/3861/2891 2718/3860/3607 2717/3862/3608
f 1978/3861/2891 2717/3862/3608 1816/3863/2753
f 1816/3863/2753 2717/3862/3608 2716/3864/3609
f 1816/3863/2753 2716/3864/3609 1817/3865/2752
f 1817/3865/2752 2716/3864/3609 1818/3866/2756
f 1818/3866/2756 2716/3864/3609 2713/3867/3610
f 1818/3866/2756 2713/3867/3610 1819/3868/2763
f 1819/3868/2763 2713/3867/3610 2710/3869/3611
f 1819/3868/2763 2710/3869/3611 1820/3870/2766
f 1820/3870/2766 2710/3869/3611 2707/3871/3612
f 1820/3870/2766 2707/3871/3612 1821/3872/2768
f 1821/3872/2768 2707/3871/3612 2704/3873/3613
f 1821/3872/2768 2704/3873/3613 1822/3874/2742
f 1822/3874/2742 2704/3873/3613 2701/3875/3614
f 1822/3874/2742 2701/3875/3614 1823/3876/2743
f 1823/3876/2743 2701/3875/3614 2698/3877/3615
f 1823/3876/2743 2698/3877/3615 1824/3840/2770
f 1824/3840/2770 2698/3877/3615 2695/3841/3598
f 2700/3848/3601 2697/3845/3600 2696/3843/3599
f 2696/3843/3599 2695/3841/3598 2699/3878/3616
f 2699/3878/3616 2695/3841/3598 2698/3877/3615
f 2699/3878/3616 2698/3877/3615 2702/3879/3617
f 2702/3879/3617 2698/3877/3615 2701/3875/3614
f 2702/3879/3617 2701/3875/3614 2705/3880/3618
f 2705/3880/3618 2701/3875/3614 2704/3873/3613
f 2705/3880/3618 2704/3873/3613 2708/3881/3619
f 2708/3881/3619 2704/3873/3613 2707/3871/3612
f 2708/3881/3619 2707/3871/3612 2711/3882/3620
f 2711/3882/3620 2707/3871/3612 2710/3869/3611
f 2711/3882/3620 2710/3869/3611 2714/3883/3621
f 2714/3883/3621 2710/3869/3611 2713/3867/3610
f 2714/3883/3621 2713/3867/3610 2717/3862/3608
f 2717/3862/3608 2713/3867/3610 2716/3864/3609
f 2703/3850/3602 2700/3848/3601 2699/3878/3616
f 2699/3878/3616 2700/3848/3601 2696/3843/3599
f 2703/3850/3602 2699/3878/3616 2702/3879/3617
f 2706/3852/3603 2703/3850/3602 2702/3879/3617
f 2706/3852/3603 2702/3879/3617 2705/3880/3618
f 2709/3854/3604 2706/3852/3603 2705/3880/3618
f 2709/3854/3604 2705/3880/3618 2708/3881/3619
f 2712/3856/3605 2709/3854/3604 2708/3881/3619
f 2712/3856/3605 2708/3881/3619 2711/3882/3620
f 2715/3858/3606 2712/3856/3605 2711/3882/3620
f 2715/3858/3606 2711/3882/3620 2714/3883/3621
f 2718/3860/3607 2715/3858/3606 2714/3883/3621
f 2718/3860/3607 2714/3883/3621 2717/3862/3608
f 1896/3884/2835 2719/3885/3622 1897/3886/2834
f 1897/3886/2834 2719/3885/3622 2720/3887/3623
f 1897/3886/2834 2720/3887/3623 1825/3888/2772
f 1825/3888/2772 2720/3887/3623 2721/3889/3624
f 1825/3888/2772 2721/3889/3624 1826/3890/2773
f 1826/3890/2773 2721/3889/3624 1827/3891/2775
f 1827/3891/2775 2721/3889/3624 2724/3892/3625
f 1827/3891/2775 2724/3892/3625 1828/3893/2777
f 1828/3893/2777 2724/3892/3625 2727/3894/3626
f 1828/3893/2777 2727/3894/3626 1829/3895/2780
f 1829/3895/2780 2727/3894/3626 2730/3896/3627
f 1829/3895/2780 2730/3896/3627 1830/3897/2782
f 1830/3897/2782 2730/3896/3627 2733/3898/3628
f 1830/3897/2782 2733/3898/3628 1831/3899/2783
f 1831/3899/2783 2733/3898/3628 2736/3900/3629
f 1831/3899/2783 2736/3900/3629 1832/3901/2727
f 1832/3901/2727 2736/3900/3629 2739/3902/3630
f 1832/3901/2727 2739/3902/3630 1833/3903/2710
f 1833/3903/2710 2739/3902/3630 2742/3904/3631
f 1833/3903/2710 2742/3904/3631 1807/3905/2711
f 1807/3905/2711 2742/3904/3631 2741/3906/3632
f 1807/3905/2711 2741/3906/3632 1888/3907/2792
f 1888/3907/2792 2741/3906/3632 2740/3908/3633
f 1888/3907/2792 2740/3908/3633 1889/3909/2794
f 1889/3909/2794 2740/3908/3633 1890/3910/2796
f 1890/3910/2796 2740/3908/3633 2737/3911/3634
f 1890/3910/2796 2737/3911/3634 1891/3912/2800
f 1891/3912/2800 2737/3911/3634 2734/3913/3635
f 1891/3912/2800 2734/3913/3635 1892/3914/2801
f 1892/3914/2801 2734/3913/3635 2731/3915/3636
f 1892/3914/2801 2731/3915/3636 1893/3916/2802
f 1893/3916/2802 2731/3915/3636 2728/3917/3637
f 1893/3916/2802 2728/3917/3637 1894/3918/2826
f 1894/3918/2826 2728/3917/3637 2725/3919/3638
f 1894/3918/2826 2725/3919/3638 1895/3920/2836
f 1895/3920/2836 2725/3919/3638 2722/3921/3639
f 1895/3920/2836 2722/3921/3639 1896/3884/2835
f 1896/3884/2835 2722/3921/3639 2719/3885/3622
f 2724/3892/3625 2721/3889/3624 2720/3887/3623
f 2720/3887/3623 2719/3885/3622 2723/3922/3640
f 2723/3922/3640 2719/3885/3622 2722/3921/3639
f 2723/3922/3640 2722/3921/3639 2726/3923/3641
f 2726/3923/3641 2722/3921/3639 2725/3919/3638
f 2726/3923/3641 2725/3919/3638 2729/3924/3642
f 2729/3924/3642 2725/3919/3638 2728/3917/3637
f 2729/3924/3642 2728/3917/3637 2732/3925/3643
f 2732/3925/3643 2728/3917/3637 2731/3915/3636
f 2732/3925/3643 2731/3915/3636 2735/3926/3644
f 2735/3926/3644 2731/3915/3636 2734/3913/3635
f 2735/3926/3644 2734/3913/3635 2738/3927/3645
f 2738/3927/3645 2734/3913/3635 2737/3911/3634
f 2738/3927/3645 2737/3911/3634 2741/3906/3632
f 2741/3906/3632 2737/3911/3634 2740/3908/3633
f 2727/3894/3626 2724/3892/3625 2723/3922/3640
f 2723/3922/3640 2724/3892/3625 2720/3887/3623
f 2727/3894/3626 2723/3922/3640 2726/3923/3641
f 2730/3896/3627 2727/3894/3626 2726/3923/3641
f 2730/3896/3627 2726/3923/3641 2729/3924/3642
f 2733/3898/3628 2730/3896/3627 2729/3924/3642
f 2733/3898/3628 2729/3924/3642 2732/3925/3643
f 2736/3900/3629 2733/3898/3628 2732/3925/3643
f 2736/3900/3629 2732/3925/3643 2735/3926/3644
f 2739/3902/3630 2736/3900/3629 2735/3926/3644
f 2739/3902/3630 2735/3926/3644 2738/3927/3645
f 2742/3904/3631 2739/3902/3630 2738/3927/3645
f 2742/3904/3631 2738/3927/3645 2741/3906/3632
f 645/3928/3646 2140/3929/3053 603/3930/3647
f 603/3930/3647 2140/3929/3053 1897/3931/2834
f 603/3930/3647 1897/3931/2834 604/3932/3648
f 604/3932/3648 1897/3931/2834 605/3933/3649
f 605/3933/3649 1897/3931/2834 606/3934/3650
f 606/3934/3650 1897/3931/2834 607/3935/3651
f 607/3935/3651 1897/3931/2834 608/3936/3652
f 608/3936/3652 1897/3931/2834 609/3937/3653
f 609/3937/3653 1897/3931/2834 610/3938/3654
f 610/3938/3654 1897/3931/2834 611/3939/3655
f 611/3939/3655 1897/3931/2834 612/3940/3656
f 612/3940/3656 1897/3931/2834 613/3941/3657
f 613/3941/3657 1897/3931/2834 614/3942/3658
f 614/3942/3658 1897/3931/2834 1825/3943/2772
f 614/3942/3658 1825/3943/2772 615/3944/3659
f 615/3944/3659 1825/3943/2772 616/3945/3660
f 616/3945/3660 1825/3943/2772 617/3946/3661
f 617/3946/3661 1825/3943/2772 618/3947/3662
f 618/3947/3662 1825/3943/2772 619/3948/3663
f 619/3948/3663 1825/3943/2772 620/3949/3664
f 620/3949/3664 1825/3943/2772 621/3950/3665
f 621/3950/3665 1825/3943/2772 622/3951/3666
f 622/3951/3666 1825/3943/2772 623/3952/3667
f 623/3952/3667 1825/3943/2772 624/3953/3668
f 624/3953/3668 1825/3943/2772 1969/3954/2873
f 624/3953/3668 1969/3954/2873 625/3955/3669
f 625/3955/3669 1969/3954/2873 626/3956/3670
f 626/3956/3670 1969/3954/2873 627/3957/3671
f 627/3957/3671 1969/3954/2873 628/3958/3672
f 628/3958/3672 1969/3954/2873 629/3959/3673
f 629/3959/3673 1969/3954/2873 630/3960/3674
f 630/3960/3674 1969/3954/2873 631/3961/3675
f 631/3961/3675 1969/3954/2873 632/3962/3676
f 632/3962/3676 1969/3954/2873 633/3963/3677
f 633/3963/3677 1969/3954/2873 634/3964/3678
f 634/3964/3678 1969/3954/2873 635/3965/3679
f 635/3965/3679 1969/3954/2873 2140/3929/3053
f 635/3965/3679 2140/3929/3053 636/3966/3680
f 636/3966/3680 2140/3929/3053 637/3967/3681
f 637/3967/3681 2140/3929/3053 638/3968/3682
f 638/3968/3682 2140/3929/3053 639/3969/3683
f 639/3969/3683 2140/3929/3053 640/3970/3684
f 640/3970/3684 2140/3929/3053 641/3971/3685
f 641/3971/3685 2140/3929/3053 642/3972/3686
f 642/3972/3686 2140/3929/3053 643/3973/3687
f 643/3973/3687 2140/3929/3053 644/3974/3688
f 644/3974/3688 2140/3929/3053 645/3928/3646
f 1206/3975/3689 1205/3976/3690 2149/3977/3096
f 2149/3977/3096 1205/3976/3690 1247/3978/3691
f 2149/3977/3096 1247/3978/3691 1246/3979/3692
f 1245/3980/3693 1261/3981/3694 1246/3979/3692
f 1246/3979/3692 1261/3981/3694 1260/3982/3695
f 1246/3979/3692 1260/3982/3695 2149/3977/3096
f 2149/3977/3096 1260/3982/3695 1259/3983/3696
f 2149/3977/3096 1259/3983/3696 1258/3984/3697
f 1261/3981/3694 1245/3980/3693 1262/3985/3698
f 1262/3985/3698 1245/3980/3693 1244/3986/3699
f 1262/3985/3698 1244/3986/3699 1263/3987/3700
f 1263/3987/3700 1244/3986/3699 1243/3988/3701
f 1263/3987/3700 1243/3988/3701 1264/3989/3702
f 1264/3989/3702 1243/3988/3701 1242/3990/3703
f 1264/3989/3702 1242/3990/3703 1265/3991/3704
f 1265/3991/3704 1242/3990/3703 1241/3992/3705
f 1265/3991/3704 1241/3992/3705 1266/3993/3706
f 1266/3993/3706 1241/3992/3705 1240/3994/3707
f 1266/3993/3706 1240/3994/3707 1267/3995/3708
f 1267/3995/3708 1240/3994/3707 1239/3996/3709
f 1267/3995/3708 1239/3996/3709 1268/3997/3710
f 1268/3997/3710 1239/3996/3709 2326/3998/3265
f 1268/3997/3710 2326/3998/3265 1269/3999/3711
f 1269/3999/3711 2326/3998/3265 1270/4000/3712
f 1270/4000/3712 2326/3998/3265 1271/4001/3713
f 1271/4001/3713 2326/3998/3265 1272/4002/3714
f 1272/4002/3714 2326/3998/3265 1273/4003/3715
f 1273/4003/3715 2326/3998/3265 1274/4004/3716
f 1274/4004/3716 2326/3998/3265 1275/4005/3717
f 1275/4005/3717 2326/3998/3265 1276/4006/3718
f 1276/4006/3718 2326/3998/3265 1277/4007/3719
f 1277/4007/3719 2326/3998/3265 1278/4008/3720
f 1278/4008/3720 2326/3998/3265 1279/4009/3721
f 1279/4009/3721 2326/3998/3265 2464/4010/3411
f 1279/4009/3721 2464/4010/3411 1280/4011/3722
f 1280/4011/3722 2464/4010/3411 1281/4012/3723
f 1281/4012/3723 2464/4010/3411 1282/4013/3724
f 1282/4013/3724 2464/4010/3411 1283/4014/3725
f 1283/4014/3725 2464/4010/3411 1284/4015/3726
f 1284/4015/3726 2464/4010/3411 1285/4016/3727
f 1285/4016/3727 2464/4010/3411 1286/4017/3728
f 1286/4017/3728 2464/4010/3411 1287/4018/3729
f 1287/4018/3729 2464/4010/3411 1288/4019/3730
f 1288/4019/3730 2464/4010/3411 1289/4020/3731
f 1289/4020/3731 2464/4010/3411 1290/4021/3732
f 1290/4021/3732 2464/4010/3411 1248/4022/3733
f 1248/4022/3733 2464/4010/3411 1249/4023/3734
f 1249/4023/3734 2464/4010/3411 1250/4024/3735
f 1250/4024/3735 2464/4010/3411 2149/3977/3096
f 1250/4024/3735 2149/3977/3096 1251/4025/3736
f 1251/4025/3736 2149/3977/3096 1252/4026/3737
f 1252/4026/3737 2149/3977/3096 1253/4027/3738
f 1253/4027/3738 2149/3977/3096 1254/4028/3739
f 1254/4028/3739 2149/3977/3096 1255/4029/3740
f 1255/4029/3740 2149/3977/3096 1256/4030/3741
f 1256/4030/3741 2149/3977/3096 1257/4031/3742
f 1257/4031/3742 2149/3977/3096 1258/3984/3697
f 1239/3996/3709 1238/4032/3743 2326/3998/3265
f 2326/3998/3265 1238/4032/3743 1237/4033/3744
f 2326/3998/3265 1237/4033/3744 1236/4034/3745
f 1236/4034/3745 1235/4035/3746 2326/3998/3265
f 2326/3998/3265 1235/4035/3746 1234/4036/3747
f 2326/3998/3265 1234/4036/3747 1233/4037/3748
f 1233/4037/3748 1232/4038/3749 2326/3998/3265
f 2326/3998/3265 1232/4038/3749 1231/4039/3750
f 2326/3998/3265 1231/4039/3750 1230/4040/3751
f 1230/4040/3751 1229/4041/3752 2326/3998/3265
f 2326/3998/3265 1229/4041/3752 1228/4042/3753
f 2326/3998/3265 1228/4042/3753 1987/4043/2934
f 1987/4043/2934 1228/4042/3753 1227/4044/3754
f 1987/4043/2934 1227/4044/3754 1226/4045/3755
f 1226/4045/3755 1225/4046/3756 1987/4043/2934
f 1987/4043/2934 1225/4046/3756 1224/4047/3757
f 1987/4043/2934 1224/4047/3757 1223/4048/3758
f 1223/4048/3758 1222/4049/3759 1987/4043/2934
f 1987/4043/2934 1222/4049/3759 1221/4050/3760
f 1987/4043/2934 1221/4050/3760 1220/4051/3761
f 1220/4051/3761 1219/4052/3762 1987/4043/2934
f 1987/4043/2934 1219/4052/3762 1218/4053/3763
f 1987/4043/2934 1218/4053/3763 1217/4054/3764
f 1217/4054/3764 1216/4055/3765 1987/4043/2934
f 1987/4043/2934 1216/4055/3765 1215/4056/3766
f 1987/4043/2934 1215/4056/3766 1214/4057/3767
f 1987/4043/2934 1214/4057/3767 2149/3977/3096
f 2149/3977/3096 1214/4057/3767 1213/4058/3768
f 2149/3977/3096 1213/4058/3768 1212/4059/3769
f 1212/4059/3769 1211/4060/3770 2149/3977/3096
f 2149/3977/3096 1211/4060/3770 1210/4061/3771
f 2149/3977/3096 1210/4061/3771 1209/4062/3772
f 1209/4062/3772 1208/4063/3773 2149/3977/3096
f 2149/3977/3096 1208/4063/3773 1207/4064/3774
f 2149/3977/3096 1207/4064/3774 1206/3975/3689
f 1034/4065/3775 1033/4066/3776 2335/4067/3276
f 2335/4067/3276 1033/4066/3776 1075/4068/3777
f 2335/4067/3276 1075/4068/3777 1074/4069/3778
f 1074/4069/3778 1073/4070/3779 2335/4067/3276
f 2335/4067/3276 1073/4070/3779 1072/4071/3780
f 2335/4067/3276 1072/4071/3780 1071/4072/3781
f 1071/4072/3781 1070/4073/3782 2335/4067/3276
f 2335/4067/3276 1070/4073/3782 1069/4074/3783
f 2335/4067/3276 1069/4074/3783 1068/4075/3784
f 1068/4075/3784 1067/4076/3785 2335/4067/3276
f 2335/4067/3276 1067/4076/3785 1066/4077/3786
f 2335/4067/3276 1066/4077/3786 1065/4078/3787
f 1065/4078/3787 1064/4079/3788 2335/4067/3276
f 2335/4067/3276 1064/4079/3788 2068/4080/3015
f 2068/4080/3015 1064/4079/3788 1153/4081/3789
f 2068/4080/3015 1153/4081/3789 1152/4082/3790
f 1064/4079/3788 1063/4083/3791 1153/4081/3789
f 1153/4081/3789 1063/4083/3791 1154/4084/3792
f 1154/4084/3792 1063/4083/3791 1062/4085/3793
f 1154/4084/3792 1062/4085/3793 1155/4086/3794
f 1155/4086/3794 1062/4085/3793 1061/4087/3795
f 1155/4086/3794 1061/4087/3795 1156/4088/3796
f 1156/4088/3796 1061/4087/3795 1060/4089/3797
f 1156/4088/3796 1060/4089/3797 1157/4090/3798
f 1157/4090/3798 1060/4089/3797 1059/4091/3799
f 1157/4090/3798 1059/4091/3799 1158/4092/3800
f 1158/4092/3800 1059/4091/3799 1058/4093/3801
f 1158/4092/3800 1058/4093/3801 1159/4094/3802
f 1159/4094/3802 1058/4093/3801 1057/4095/3803
f 1159/4094/3802 1057/4095/3803 1160/4096/3804
f 1160/4096/3804 1057/4095/3803 1056/4097/3805
f 1160/4096/3804 1056/4097/3805 1161/4098/3806
f 1161/4098/3806 1056/4097/3805 1055/4099/3807
f 1161/4098/3806 1055/4099/3807 1119/4100/3808
f 1119/4100/3808 1055/4099/3807 1054/4101/3809
f 1119/4100/3808 1054/4101/3809 1120/4102/3810
f 1120/4102/3810 1054/4101/3809 1053/4103/3811
f 1120/4102/3810 1053/4103/3811 1121/4104/3812
f 1121/4104/3812 1053/4103/3811 1052/4105/3813
f 1121/4104/3812 1052/4105/3813 1122/4106/3814
f 1122/4106/3814 1052/4105/3813 1051/4107/3815
f 1122/4106/3814 1051/4107/3815 1123/4108/3816
f 1123/4108/3816 1051/4107/3815 1050/4109/3817
f 1123/4108/3816 1050/4109/3817 1124/4110/3818
f 1124/4110/3818 1050/4109/3817 1049/4111/3819
f 1124/4110/3818 1049/4111/3819 1189/4112/3820
f 1189/4112/3820 1049/4111/3819 1190/4113/3821
f 1190/4113/3821 1049/4111/3819 1048/4114/3822
f 1190/4113/3821 1048/4114/3822 1191/4115/3823
f 1191/4115/3823 1048/4114/3822 1047/4116/3824
f 1191/4115/3823 1047/4116/3824 1192/4117/3825
f 1192/4117/3825 1047/4116/3824 1046/4118/3826
f 1192/4117/3825 1046/4118/3826 1193/4119/3827
f 1193/4119/3827 1046/4118/3826 1045/4120/3828
f 1193/4119/3827 1045/4120/3828 1194/4121/3829
f 1194/4121/3829 1045/4120/3828 1044/4122/3830
f 1194/4121/3829 1044/4122/3830 1195/4123/3831
f 1195/4123/3831 1044/4122/3830 1043/4124/3832
f 1195/4123/3831 1043/4124/3832 1196/4125/3833
f 1196/4125/3833 1043/4124/3832 1042/4126/3834
f 1196/4125/3833 1042/4126/3834 1197/4127/3835
f 1197/4127/3835 1042/4126/3834 1041/4128/3836
f 1197/4127/3835 1041/4128/3836 1198/4129/3837
f 1198/4129/3837 1041/4128/3836 1040/4130/3838
f 1198/4129/3837 1040/4130/3838 1199/4131/3839
f 1199/4131/3839 1040/4130/3838 1039/4132/3840
f 1199/4131/3839 1039/4132/3840 1200/4133/3841
f 1200/4133/3841 1039/4132/3840 1038/4134/3842
f 1200/4133/3841 1038/4134/3842 1201/4135/3843
f 1201/4135/3843 1038/4134/3842 1037/4136/3844
f 1201/4135/3843 1037/4136/3844 1202/4137/3845
f 1202/4137/3845 1037/4136/3844 1036/4138/3846
f 1202/4137/3845 1036/4138/3846 1203/4139/3847
f 1203/4139/3847 1036/4138/3846 1035/4140/3848
f 1203/4139/3847 1035/4140/3848 1204/4141/3849
f 1204/4141/3849 1035/4140/3848 1034/4065/3775
f 1204/4141/3849 1034/4065/3775 1978/4142/2891
f 1978/4142/2891 1034/4065/3775 2335/4067/3276
f 1118/4143/3850 1184/4144/3851 1076/4145/3852
f 1076/4145/3852 1184/4144/3851 1183/4146/3853
f 1076/4145/3852 1183/4146/3853 1077/4147/3854
f 1077/4147/3854 1183/4146/3853 1182/4148/3855
f 1077/4147/3854 1182/4148/3855 1078/4149/3856
f 1078/4149/3856 1182/4148/3855 1181/4150/3857
f 1078/4149/3856 1181/4150/3857 1079/4151/3858
f 1079/4151/3858 1181/4150/3857 1180/4152/3859
f 1079/4151/3858 1180/4152/3859 1080/4153/3860
f 1080/4153/3860 1180/4152/3859 1179/4154/3861
f 1080/4153/3860 1179/4154/3861 1081/4155/3862
f 1081/4155/3862 1179/4154/3861 1178/4156/3863
f 1081/4155/3862 1178/4156/3863 1082/4157/3864
f 1082/4157/3864 1178/4156/3863 1177/4158/3865
f 1082/4157/3864 1177/4158/3865 1083/4159/3866
f 1083/4159/3866 1177/4158/3865 1176/4160/3867
f 1083/4159/3866 1176/4160/3867 1084/4161/3868
f 1084/4161/3868 1176/4160/3867 1175/4162/3869
f 1084/4161/3868 1175/4162/3869 1085/4163/3870
f 1085/4163/3870 1175/4162/3869 1174/4164/3871
f 1085/4163/3870 1174/4164/3871 1816/4165/2753
f 1816/4165/2753 1174/4164/3871 1978/4142/2891
f 1978/4142/2891 1174/4164/3871 1173/4166/3872
f 1978/4142/2891 1173/4166/3872 1172/4167/3873
f 1184/4144/3851 1118/4143/3850 1185/4168/3874
f 1185/4168/3874 1118/4143/3850 1117/4169/3875
f 1185/4168/3874 1117/4169/3875 1186/4170/3876
f 1186/4170/3876 1117/4169/3875 1116/4171/3877
f 1186/4170/3876 1116/4171/3877 1187/4172/3878
f 1187/4172/3878 1116/4171/3877 1115/4173/3879
f 1187/4172/3878 1115/4173/3879 1188/4174/3880
f 1188/4174/3880 1115/4173/3879 1114/4175/3881
f 1188/4174/3880 1114/4175/3881 1189/4112/3820
f 1189/4112/3820 1114/4175/3881 1124/4110/3818
f 1124/4110/3818 1114/4175/3881 1125/4176/3882
f 1125/4176/3882 1114/4175/3881 1113/4177/3883
f 1125/4176/3882 1113/4177/3883 1126/4178/3884
f 1126/4178/3884 1113/4177/3883 1112/4179/3885
f 1126/4178/3884 1112/4179/3885 1127/4180/3886
f 1127/4180/3886 1112/4179/3885 1111/4181/3887
f 1127/4180/3886 1111/4181/3887 1128/4182/3888
f 1128/4182/3888 1111/4181/3887 1110/4183/3889
f 1128/4182/3888 1110/4183/3889 1129/4184/3890
f 1129/4184/3890 1110/4183/3889 1109/4185/3891
f 1129/4184/3890 1109/4185/3891 1130/4186/3892
f 1130/4186/3892 1109/4185/3891 1108/4187/3893
f 1130/4186/3892 1108/4187/3893 1131/4188/3894
f 1131/4188/3894 1108/4187/3893 1107/4189/3895
f 1131/4188/3894 1107/4189/3895 1132/4190/3896
f 1132/4190/3896 1107/4189/3895 1106/4191/3897
f 1132/4190/3896 1106/4191/3897 1133/4192/3898
f 1133/4192/3898 1106/4191/3897 1105/4193/3899
f 1133/4192/3898 1105/4193/3899 1134/4194/3900
f 1134/4194/3900 1105/4193/3899 1104/4195/3901
f 1134/4194/3900 1104/4195/3901 1135/4196/3902
f 1135/4196/3902 1104/4195/3901 1103/4197/3903
f 1135/4196/3902 1103/4197/3903 1136/4198/3904
f 1136/4198/3904 1103/4197/3903 1102/4199/3905
f 1136/4198/3904 1102/4199/3905 1137/4200/3906
f 1137/4200/3906 1102/4199/3905 1101/4201/3907
f 1137/4200/3906 1101/4201/3907 1138/4202/3908
f 1138/4202/3908 1101/4201/3907 1100/4203/3909
f 1138/4202/3908 1100/4203/3909 1139/4204/3910
f 1139/4204/3910 1100/4203/3909 1099/4205/3911
f 1139/4204/3910 1099/4205/3911 2068/4080/3015
f 2068/4080/3015 1099/4205/3911 1816/4165/2753
f 1816/4165/2753 1099/4205/3911 1098/4206/3912
f 1816/4165/2753 1098/4206/3912 1097/4207/3913
f 1097/4207/3913 1096/4208/3914 1816/4165/2753
f 1816/4165/2753 1096/4208/3914 1095/4209/3915
f 1816/4165/2753 1095/4209/3915 1094/4210/3916
f 1094/4210/3916 1093/4211/3917 1816/4165/2753
f 1816/4165/2753 1093/4211/3917 1092/4212/3918
f 1816/4165/2753 1092/4212/3918 1091/4213/3919
f 1091/4213/3919 1090/4214/3920 1816/4165/2753
f 1816/4165/2753 1090/4214/3920 1089/4215/3921
f 1816/4165/2753 1089/4215/3921 1088/4216/3922
f 1088/4216/3922 1087/4217/3923 1816/4165/2753
f 1816/4165/2753 1087/4217/3923 1086/4218/3924
f 1816/4165/2753 1086/4218/3924 1085/4163/3870
f 1152/4082/3790 1151/4219/3925 2068/4080/3015
f 2068/4080/3015 1151/4219/3925 1150/4220/3926
f 2068/4080/3015 1150/4220/3926 1149/4221/3927
f 1149/4221/3927 1148/4222/3928 2068/4080/3015
f 2068/4080/3015 1148/4222/3928 1147/4223/3929
f 2068/4080/3015 1147/4223/3929 1146/4224/3930
f 1146/4224/3930 1145/4225/3931 2068/4080/3015
f 2068/4080/3015 1145/4225/3931 1144/4226/3932
f 2068/4080/3015 1144/4226/3932 1143/4227/3933
f 1143/4227/3933 1142/4228/3934 2068/4080/3015
f 2068/4080/3015 1142/4228/3934 1141/4229/3935
f 2068/4080/3015 1141/4229/3935 1140/4230/3936
f 1140/4230/3936 1139/4204/3910 2068/4080/3015
f 1163/4231/3937 1162/4232/3938 1978/4142/2891
f 1978/4142/2891 1162/4232/3938 1204/4141/3849
f 1172/4167/3873 1171/4233/3939 1978/4142/2891
f 1978/4142/2891 1171/4233/3939 1170/4234/3940
f 1978/4142/2891 1170/4234/3940 1169/4235/3941
f 1169/4235/3941 1168/4236/3942 1978/4142/2891
f 1978/4142/2891 1168/4236/3942 1167/4237/3943
f 1978/4142/2891 1167/4237/3943 1166/4238/3944
f 1166/4238/3944 1165/4239/3945 1978/4142/2891
f 1978/4142/2891 1165/4239/3945 1164/4240/3946
f 1978/4142/2891 1164/4240/3946 1163/4231/3937
f 1335/4241/3947 1334/4242/3948 2059/4243/2996
f 2059/4243/2996 1334/4242/3948 1376/4244/3949
f 2059/4243/2996 1376/4244/3949 1507/4245/3950
f 1507/4245/3950 1376/4244/3949 1375/4246/3951
f 1507/4245/3950 1375/4246/3951 1508/4247/3952
f 1508/4247/3952 1375/4246/3951 1374/4248/3953
f 1508/4247/3952 1374/4248/3953 1509/4249/3954
f 1509/4249/3954 1374/4248/3953 1373/4250/3955
f 1509/4249/3954 1373/4250/3955 1510/4251/3956
f 1510/4251/3956 1373/4250/3955 1372/4252/3957
f 1510/4251/3956 1372/4252/3957 1511/4253/3958
f 1511/4253/3958 1372/4252/3957 1371/4254/3959
f 1511/4253/3958 1371/4254/3959 1512/4255/3960
f 1512/4255/3960 1371/4254/3959 1370/4256/3961
f 1512/4255/3960 1370/4256/3961 1513/4257/3962
f 1513/4257/3962 1370/4256/3961 1369/4258/3963
f 1513/4257/3962 1369/4258/3963 1514/4259/3964
f 1514/4259/3964 1369/4258/3963 1368/4260/3965
f 1514/4259/3964 1368/4260/3965 1515/4261/3966
f 1515/4261/3966 1368/4260/3965 1367/4262/3967
f 1515/4261/3966 1367/4262/3967 1516/4263/3968
f 1516/4263/3968 1367/4262/3967 1366/4264/3969
f 1516/4263/3968 1366/4264/3969 1517/4265/3970
f 1517/4265/3970 1366/4264/3969 1518/4266/3971
f 1518/4266/3971 1366/4264/3969 1365/4267/3972
f 1518/4266/3971 1365/4267/3972 1519/4268/3973
f 1519/4268/3973 1365/4267/3972 1364/4269/3974
f 1519/4268/3973 1364/4269/3974 1520/4270/3975
f 1520/4270/3975 1364/4269/3974 1363/4271/3976
f 1520/4270/3975 1363/4271/3976 1521/4272/3977
f 1521/4272/3977 1363/4271/3976 1362/4273/3978
f 1521/4272/3977 1362/4273/3978 1522/4274/3979
f 1522/4274/3979 1362/4273/3978 1361/4275/3980
f 1522/4274/3979 1361/4275/3980 1360/4276/3981
f 1522/4274/3979 1360/4276/3981 1523/4277/3982
f 1523/4277/3982 1360/4276/3981 1359/4278/3983
f 1523/4277/3982 1359/4278/3983 1524/4279/3984
f 1524/4279/3984 1359/4278/3983 1632/4280/3985
f 1524/4279/3984 1632/4280/3985 1681/4281/3986
f 1681/4281/3986 1632/4280/3985 1631/4282/3987
f 1681/4281/3986 1631/4282/3987 1682/4283/3988
f 1682/4283/3988 1631/4282/3987 1630/4284/3989
f 1682/4283/3988 1630/4284/3989 1683/4285/3990
f 1683/4285/3990 1630/4284/3989 1629/4286/3991
f 1683/4285/3990 1629/4286/3991 1684/4287/3992
f 1684/4287/3992 1629/4286/3991 1628/4288/3993
f 1684/4287/3992 1628/4288/3993 1685/4289/3994
f 1685/4289/3994 1628/4288/3993 1627/4290/3995
f 1685/4289/3994 1627/4290/3995 1686/4291/3996
f 1686/4291/3996 1627/4290/3995 1626/4292/3997
f 1686/4291/3996 1626/4292/3997 1687/4293/3998
f 1687/4293/3998 1626/4292/3997 1625/4294/3999
f 1687/4293/3998 1625/4294/3999 1688/4295/4000
f 1688/4295/4000 1625/4294/3999 1624/4296/4001
f 1688/4295/4000 1624/4296/4001 1689/4297/4002
f 1689/4297/4002 1624/4296/4001 1690/4298/4003
f 1690/4298/4003 1624/4296/4001 1623/4299/4004
f 1690/4298/4003 1623/4299/4004 1691/4300/4005
f 1691/4300/4005 1623/4299/4004 1622/4301/4006
f 1691/4300/4005 1622/4301/4006 1692/4302/4007
f 1692/4302/4007 1622/4301/4006 1621/4303/4008
f 1692/4302/4007 1621/4303/4008 1693/4304/4009
f 1693/4304/4009 1621/4303/4008 1620/4305/4010
f 1693/4304/4009 1620/4305/4010 1694/4306/4011
f 1694/4306/4011 1620/4305/4010 1619/4307/4012
f 1694/4306/4011 1619/4307/4012 1695/4308/4013
f 1695/4308/4013 1619/4307/4012 1618/4309/4014
f 1695/4308/4013 1618/4309/4014 1696/4310/4015
f 1696/4310/4015 1618/4309/4014 1617/4311/4016
f 1696/4310/4015 1617/4311/4016 1697/4312/4017
f 1697/4312/4017 1617/4311/4016 1616/4313/4018
f 1697/4312/4017 1616/4313/4018 1698/4314/4019
f 1698/4314/4019 1616/4313/4018 1615/4315/4020
f 1698/4314/4019 1615/4315/4020 2254/4316/3201
f 2254/4316/3201 1615/4315/4020 1614/4317/4021
f 2254/4316/3201 1614/4317/4021 1613/4318/4022
f 1359/4278/3983 1358/4319/4023 1632/4280/3985
f 1632/4280/3985 1358/4319/4023 1633/4320/4024
f 1633/4320/4024 1358/4319/4023 1357/4321/4025
f 1633/4320/4024 1357/4321/4025 1634/4322/4026
f 1634/4322/4026 1357/4321/4025 1356/4323/4027
f 1634/4322/4026 1356/4323/4027 1592/4324/4028
f 1592/4324/4028 1356/4323/4027 1355/4325/4029
f 1592/4324/4028 1355/4325/4029 1593/4326/4030
f 1593/4326/4030 1355/4325/4029 1354/4327/4031
f 1593/4326/4030 1354/4327/4031 1594/4328/4032
f 1594/4328/4032 1354/4327/4031 1353/4329/4033
f 1594/4328/4032 1353/4329/4033 1595/4330/4034
f 1595/4330/4034 1353/4329/4033 1352/4331/4035
f 1595/4330/4034 1352/4331/4035 1596/4332/4036
f 1596/4332/4036 1352/4331/4035 1351/4333/4037
f 1596/4332/4036 1351/4333/4037 1597/4334/4038
f 1597/4334/4038 1351/4333/4037 1350/4335/4039
f 1597/4334/4038 1350/4335/4039 1598/4336/4040
f 1598/4336/4040 1350/4335/4039 1349/4337/4041
f 1598/4336/4040 1349/4337/4041 1599/4338/4042
f 1599/4338/4042 1349/4337/4041 1348/4339/4043
f 1599/4338/4042 1348/4339/4043 1600/4340/4044
f 1600/4340/4044 1348/4339/4043 1347/4341/4045
f 1600/4340/4044 1347/4341/4045 1601/4342/4046
f 1601/4342/4046 1347/4341/4045 1346/4343/4047
f 1601/4342/4046 1346/4343/4047 2254/4316/3201
f 2254/4316/3201 1346/4343/4047 2059/4243/2996
f 2059/4243/2996 1346/4343/4047 1345/4344/4048
f 2059/4243/2996 1345/4344/4048 1344/4345/4049
f 1344/4345/4049 1343/4346/4050 2059/4243/2996
f 2059/4243/2996 1343/4346/4050 1342/4347/4051
f 2059/4243/2996 1342/4347/4051 1341/4348/4052
f 1341/4348/4052 1340/4349/4053 2059/4243/2996
f 2059/4243/2996 1340/4349/4053 1339/4350/4054
f 2059/4243/2996 1339/4350/4054 1338/4351/4055
f 1338/4351/4055 1337/4352/4056 2059/4243/2996
f 2059/4243/2996 1337/4352/4056 1336/4353/4057
f 2059/4243/2996 1336/4353/4057 1335/4241/3947
f 1462/4354/4058 1786/4355/4059 1420/4356/4060
f 1420/4356/4060 1786/4355/4059 1785/4357/4061
f 1420/4356/4060 1785/4357/4061 1421/4358/4062
f 1421/4358/4062 1785/4357/4061 1784/4359/4063
f 1421/4358/4062 1784/4359/4063 1422/4360/4064
f 1422/4360/4064 1784/4359/4063 1783/4361/4065
f 1422/4360/4064 1783/4361/4065 1423/4362/4066
f 1423/4362/4066 1783/4361/4065 1782/4363/4067
f 1423/4362/4066 1782/4363/4067 1718/4364/4068
f 1718/4364/4068 1782/4363/4067 1531/4365/4069
f 1718/4364/4068 1531/4365/4069 1530/4366/4070
f 1786/4355/4059 1462/4354/4058 1787/4367/4071
f 1787/4367/4071 1462/4354/4058 1461/4368/4072
f 1787/4367/4071 1461/4368/4072 1788/4369/4073
f 1788/4369/4073 1461/4368/4072 1460/4370/4074
f 1788/4369/4073 1460/4370/4074 1789/4371/4075
f 1789/4371/4075 1460/4370/4074 1459/4372/4076
f 1789/4371/4075 1459/4372/4076 1790/4373/4077
f 1790/4373/4077 1459/4372/4076 1458/4374/4078
f 1790/4373/4077 1458/4374/4078 1791/4375/4079
f 1791/4375/4079 1458/4374/4078 1457/4376/4080
f 1791/4375/4079 1457/4376/4080 1792/4377/4081
f 1792/4377/4081 1457/4376/4080 1456/4378/4082
f 1792/4377/4081 1456/4378/4082 1793/4379/4083
f 1793/4379/4083 1456/4378/4082 1455/4380/4084
f 1793/4379/4083 1455/4380/4084 1794/4381/4085
f 1794/4381/4085 1455/4380/4084 1454/4382/4086
f 1794/4381/4085 1454/4382/4086 1795/4383/4087
f 1795/4383/4087 1454/4382/4086 2446/4384/3350
f 1795/4383/4087 2446/4384/3350 2317/4385/3221
f 1454/4382/4086 1453/4386/4088 2446/4384/3350
f 2446/4384/3350 1453/4386/4088 1452/4387/4089
f 2446/4384/3350 1452/4387/4089 1451/4388/4090
f 1451/4388/4090 1450/4389/4091 2446/4384/3350
f 2446/4384/3350 1450/4389/4091 1449/4390/4092
f 2446/4384/3350 1449/4390/4092 1448/4391/4093
f 1448/4391/4093 1447/4392/4094 2446/4384/3350
f 2446/4384/3350 1447/4392/4094 1446/4393/4095
f 2446/4384/3350 1446/4393/4095 1445/4394/4096
f 1445/4394/4096 1444/4395/4097 2446/4384/3350
f 2446/4384/3350 1444/4395/4097 1443/4396/4098
f 2446/4384/3350 1443/4396/4098 1442/4397/4099
f 1442/4397/4099 1441/4398/4100 2446/4384/3350
f 2446/4384/3350 1441/4398/4100 1440/4399/4101
f 2446/4384/3350 1440/4399/4101 1701/4400/4102
f 1701/4400/4102 1440/4399/4101 1439/4401/4103
f 1701/4400/4102 1439/4401/4103 1702/4402/4104
f 1702/4402/4104 1439/4401/4103 1703/4403/4105
f 1703/4403/4105 1439/4401/4103 1438/4404/4106
f 1703/4403/4105 1438/4404/4106 1704/4405/4107
f 1704/4405/4107 1438/4404/4106 1437/4406/4108
f 1704/4405/4107 1437/4406/4108 1705/4407/4109
f 1705/4407/4109 1437/4406/4108 1436/4408/4110
f 1705/4407/4109 1436/4408/4110 1706/4409/4111
f 1706/4409/4111 1436/4408/4110 1435/4410/4112
f 1706/4409/4111 1435/4410/4112 1707/4411/4113
f 1707/4411/4113 1435/4410/4112 1434/4412/4114
f 1707/4411/4113 1434/4412/4114 1708/4413/4115
f 1708/4413/4115 1434/4412/4114 1433/4414/4116
f 1708/4413/4115 1433/4414/4116 1709/4415/4117
f 1709/4415/4117 1433/4414/4116 1432/4416/4118
f 1709/4415/4117 1432/4416/4118 1710/4417/4119
f 1710/4417/4119 1432/4416/4118 1431/4418/4120
f 1710/4417/4119 1431/4418/4120 1430/4419/4121
f 1710/4417/4119 1430/4419/4121 1711/4420/4122
f 1711/4420/4122 1430/4419/4121 1429/4421/4123
f 1711/4420/4122 1429/4421/4123 1712/4422/4124
f 1712/4422/4124 1429/4421/4123 1428/4423/4125
f 1712/4422/4124 1428/4423/4125 1713/4424/4126
f 1713/4424/4126 1428/4423/4125 1427/4425/4127
f 1713/4424/4126 1427/4425/4127 1714/4426/4128
f 1714/4426/4128 1427/4425/4127 1426/4427/4129
f 1714/4426/4128 1426/4427/4129 1715/4428/4130
f 1715/4428/4130 1426/4427/4129 1425/4429/4131
f 1715/4428/4130 1425/4429/4131 1716/4430/4132
f 1716/4430/4132 1425/4429/4131 1424/4431/4133
f 1716/4430/4132 1424/4431/4133 1717/4432/4134
f 1717/4432/4134 1424/4431/4133 1423/4362/4066
f 1717/4432/4134 1423/4362/4066 1718/4364/4068
f 1548/4433/4135 2317/4385/3221 1506/4434/4136
f 1506/4434/4136 2317/4385/3221 2059/4243/2996
f 1506/4434/4136 2059/4243/2996 1507/4245/3950
f 1547/4435/4137 1766/4436/4138 1548/4433/4135
f 1548/4433/4135 1766/4436/4138 1765/4437/4139
f 1548/4433/4135 1765/4437/4139 2317/4385/3221
f 2317/4385/3221 1765/4437/4139 1764/4438/4140
f 2317/4385/3221 1764/4438/4140 1806/4439/4141
f 1547/4435/4137 1546/4440/4142 1766/4436/4138
f 1766/4436/4138 1546/4440/4142 1767/4441/4143
f 1767/4441/4143 1546/4440/4142 1545/4442/4144
f 1767/4441/4143 1545/4442/4144 1768/4443/4145
f 1768/4443/4145 1545/4442/4144 1544/4444/4146
f 1768/4443/4145 1544/4444/4146 1769/4445/4147
f 1769/4445/4147 1544/4444/4146 1543/4446/4148
f 1769/4445/4147 1543/4446/4148 1770/4447/4149
f 1770/4447/4149 1543/4446/4148 1542/4448/4150
f 1770/4447/4149 1542/4448/4150 1771/4449/4151
f 1771/4449/4151 1542/4448/4150 1541/4450/4152
f 1771/4449/4151 1541/4450/4152 1772/4451/4153
f 1772/4451/4153 1541/4450/4152 1540/4452/4154
f 1772/4451/4153 1540/4452/4154 1773/4453/4155
f 1773/4453/4155 1540/4452/4154 1539/4454/4156
f 1773/4453/4155 1539/4454/4156 1774/4455/4157
f 1774/4455/4157 1539/4454/4156 1538/4456/4158
f 1774/4455/4157 1538/4456/4158 1775/4457/4159
f 1775/4457/4159 1538/4456/4158 1776/4458/4160
f 1776/4458/4160 1538/4456/4158 1537/4459/4161
f 1776/4458/4160 1537/4459/4161 1777/4460/4162
f 1777/4460/4162 1537/4459/4161 1536/4461/4163
f 1777/4460/4162 1536/4461/4163 1778/4462/4164
f 1778/4462/4164 1536/4461/4163 1535/4463/4165
f 1778/4462/4164 1535/4463/4165 1779/4464/4166
f 1779/4464/4166 1535/4463/4165 1534/4465/4167
f 1779/4464/4166 1534/4465/4167 1780/4466/4168
f 1780/4466/4168 1534/4465/4167 1533/4467/4169
f 1780/4466/4168 1533/4467/4169 1532/4468/4170
f 1780/4466/4168 1532/4468/4170 1781/4469/4171
f 1781/4469/4171 1532/4468/4170 1531/4365/4069
f 1781/4469/4171 1531/4365/4069 1782/4363/4067
f 1718/4364/4068 1530/4366/4070 1719/4470/4172
f 1719/4470/4172 1530/4366/4070 1529/4471/4173
f 1719/4470/4172 1529/4471/4173 1720/4472/4174
f 1720/4472/4174 1529/4471/4173 1528/4473/4175
f 1720/4472/4174 1528/4473/4175 1678/4474/4176
f 1678/4474/4176 1528/4473/4175 1527/4475/4177
f 1678/4474/4176 1527/4475/4177 1679/4476/4178
f 1679/4476/4178 1527/4475/4177 1526/4477/4179
f 1679/4476/4178 1526/4477/4179 1680/4478/4180
f 1680/4478/4180 1526/4477/4179 1525/4479/4181
f 1680/4478/4180 1525/4479/4181 1681/4281/3986
f 1681/4281/3986 1525/4479/4181 1524/4279/3984
f 1613/4318/4022 1612/4480/4182 2254/4316/3201
f 2254/4316/3201 1612/4480/4182 1611/4481/4183
f 2254/4316/3201 1611/4481/4183 1610/4482/4184
f 1610/4482/4184 1609/4483/4185 2254/4316/3201
f 2254/4316/3201 1609/4483/4185 1608/4484/4186
f 2254/4316/3201 1608/4484/4186 1607/4485/4187
f 1607/4485/4187 1606/4486/4188 2254/4316/3201
f 2254/4316/3201 1606/4486/4188 1605/4487/4189
f 2254/4316/3201 1605/4487/4189 1604/4488/4190
f 1604/4488/4190 1603/4489/4191 2254/4316/3201
f 2254/4316/3201 1603/4489/4191 1602/4490/4192
f 2254/4316/3201 1602/4490/4192 1601/4342/4046
f 1701/4400/4102 1700/4491/4193 2446/4384/3350
f 2446/4384/3350 1700/4491/4193 1699/4492/4194
f 2446/4384/3350 1699/4492/4194 2254/4316/3201
f 2254/4316/3201 1699/4492/4194 1698/4314/4019
f 1806/4439/4141 1805/4493/4195 2317/4385/3221
f 2317/4385/3221 1805/4493/4195 1804/4494/4196
f 2317/4385/3221 1804/4494/4196 1803/4495/4197
f 1803/4495/4197 1802/4496/4198 2317/4385/3221
f 2317/4385/3221 1802/4496/4198 1801/4497/4199
f 2317/4385/3221 1801/4497/4199 1800/4498/4200
f 1800/4498/4200 1799/4499/4201 2317/4385/3221
f 2317/4385/3221 1799/4499/4201 1798/4500/4202
f 2317/4385/3221 1798/4500/4202 1797/4501/4203
f 1797/4501/4203 1796/4502/4204 2317/4385/3221
f 2317/4385/3221 1796/4502/4204 1795/4383/4087
f 647/4503/4205 646/4504/4206 2245/4505/3182
f 2245/4505/3182 646/4504/4206 688/4506/4207
f 2245/4505/3182 688/4506/4207 687/4507/4208
f 687/4507/4208 686/4508/4209 2245/4505/3182
f 2245/4505/3182 686/4508/4209 685/4509/4210
f 2245/4505/3182 685/4509/4210 684/4510/4211
f 684/4510/4211 683/4511/4212 2245/4505/3182
f 2245/4505/3182 683/4511/4212 682/4512/4213
f 2245/4505/3182 682/4512/4213 681/4513/4214
f 681/4513/4214 680/4514/4215 2245/4505/3182
f 2245/4505/3182 680/4514/4215 679/4515/4216
f 2245/4505/3182 679/4515/4216 678/4516/4217
f 678/4516/4217 677/4517/4218 2245/4505/3182
f 2245/4505/3182 677/4517/4218 2455/4518/3368
f 2455/4518/3368 677/4517/4218 676/4519/4219
f 2455/4518/3368 676/4519/4219 675/4520/4220
f 675/4520/4220 674/4521/4221 2455/4518/3368
f 2455/4518/3368 674/4521/4221 673/4522/4222
f 2455/4518/3368 673/4522/4222 672/4523/4223
f 672/4523/4223 671/4524/4224 2455/4518/3368
f 2455/4518/3368 671/4524/4224 670/4525/4225
f 2455/4518/3368 670/4525/4225 669/4526/4226
f 668/4527/4227 763/4528/4228 669/4526/4226
f 669/4526/4226 763/4528/4228 762/4529/4229
f 669/4526/4226 762/4529/4229 2455/4518/3368
f 2455/4518/3368 762/4529/4229 761/4530/4230
f 2455/4518/3368 761/4530/4230 760/4531/4231
f 763/4528/4228 668/4527/4227 764/4532/4232
f 764/4532/4232 668/4527/4227 667/4533/4233
f 764/4532/4232 667/4533/4233 765/4534/4234
f 765/4534/4234 667/4533/4233 666/4535/4235
f 765/4534/4234 666/4535/4235 766/4536/4236
f 766/4536/4236 666/4535/4235 665/4537/4237
f 766/4536/4236 665/4537/4237 767/4538/4238
f 767/4538/4238 665/4537/4237 664/4539/4239
f 767/4538/4238 664/4539/4239 768/4540/4240
f 768/4540/4240 664/4539/4239 663/4541/4241
f 768/4540/4240 663/4541/4241 769/4542/4242
f 769/4542/4242 663/4541/4241 662/4543/4243
f 769/4542/4242 662/4543/4243 770/4544/4244
f 770/4544/4244 662/4543/4243 661/4545/4245
f 770/4544/4244 661/4545/4245 771/4546/4246
f 771/4546/4246 661/4545/4245 660/4547/4247
f 771/4546/4246 660/4547/4247 772/4548/4248
f 772/4548/4248 660/4547/4247 659/4549/4249
f 772/4548/4248 659/4549/4249 773/4550/4250
f 773/4550/4250 659/4549/4249 658/4551/4251
f 773/4550/4250 658/4551/4251 774/4552/4252
f 774/4552/4252 658/4551/4251 657/4553/4253
f 774/4552/4252 657/4553/4253 732/4554/4254
f 732/4554/4254 657/4553/4253 656/4555/4255
f 732/4554/4254 656/4555/4255 733/4556/4256
f 733/4556/4256 656/4555/4255 655/4557/4257
f 733/4556/4256 655/4557/4257 734/4558/4258
f 734/4558/4258 655/4557/4257 1906/4559/2853
f 734/4558/4258 1906/4559/2853 735/4560/4259
f 735/4560/4259 1906/4559/2853 736/4561/4260
f 736/4561/4260 1906/4559/2853 737/4562/4261
f 737/4562/4261 1906/4559/2853 738/4563/4262
f 738/4563/4262 1906/4559/2853 739/4564/4263
f 739/4564/4263 1906/4559/2853 740/4565/4264
f 740/4565/4264 1906/4559/2853 741/4566/4265
f 741/4566/4265 1906/4559/2853 777/4567/4266
f 741/4566/4265 777/4567/4266 776/4568/4267
f 655/4557/4257 654/4569/4268 1906/4559/2853
f 1906/4559/2853 654/4569/4268 653/4570/4269
f 1906/4559/2853 653/4570/4269 652/4571/4270
f 652/4571/4270 651/4572/4271 1906/4559/2853
f 1906/4559/2853 651/4572/4271 650/4573/4272
f 1906/4559/2853 650/4573/4272 649/4574/4273
f 649/4574/4273 648/4575/4274 1906/4559/2853
f 1906/4559/2853 648/4575/4274 647/4503/4205
f 1906/4559/2853 647/4503/4205 2245/4505/3182
f 760/4531/4231 759/4576/4275 2455/4518/3368
f 2455/4518/3368 759/4576/4275 758/4577/4276
f 2455/4518/3368 758/4577/4276 757/4578/4277
f 757/4578/4277 756/4579/4278 2455/4518/3368
f 2455/4518/3368 756/4579/4278 755/4580/4279
f 2455/4518/3368 755/4580/4279 805/4581/4280
f 805/4581/4280 755/4580/4279 806/4582/4281
f 806/4582/4281 755/4580/4279 754/4583/4282
f 806/4582/4281 754/4583/4282 807/4584/4283
f 807/4584/4283 754/4583/4282 753/4585/4284
f 807/4584/4283 753/4585/4284 808/4586/4285
f 808/4586/4285 753/4585/4284 752/4587/4286
f 808/4586/4285 752/4587/4286 809/4588/4287
f 809/4588/4287 752/4587/4286 751/4589/4288
f 809/4588/4287 751/4589/4288 810/4590/4289
f 810/4590/4289 751/4589/4288 750/4591/4290
f 810/4590/4289 750/4591/4290 811/4592/4291
f 811/4592/4291 750/4591/4290 749/4593/4292
f 811/4592/4291 749/4593/4292 812/4594/4293
f 812/4594/4293 749/4593/4292 748/4595/4294
f 812/4594/4293 748/4595/4294 813/4596/4295
f 813/4596/4295 748/4595/4294 747/4597/4296
f 813/4596/4295 747/4597/4296 814/4598/4297
f 814/4598/4297 747/4597/4296 746/4599/4298
f 814/4598/4297 746/4599/4298 815/4600/4299
f 815/4600/4299 746/4599/4298 745/4601/4300
f 815/4600/4299 745/4601/4300 816/4602/4301
f 816/4602/4301 745/4601/4300 744/4603/4302
f 816/4602/4301 744/4603/4302 817/4604/4303
f 817/4604/4303 744/4603/4302 743/4605/4304
f 817/4604/4303 743/4605/4304 775/4606/4305
f 775/4606/4305 743/4605/4304 742/4607/4306
f 775/4606/4305 742/4607/4306 776/4568/4267
f 776/4568/4267 742/4607/4306 741/4566/4265
f 805/4581/4280 804/4608/4307 2455/4518/3368
f 2455/4518/3368 804/4608/4307 803/4609/4308
f 2455/4518/3368 803/4609/4308 802/4610/4309
f 802/4610/4309 801/4611/4310 2455/4518/3368
f 2455/4518/3368 801/4611/4310 800/4612/4311
f 2455/4518/3368 800/4612/4311 799/4613/4312
f 799/4613/4312 798/4614/4313 2455/4518/3368
f 2455/4518/3368 798/4614/4313 2131/4615/3035
f 2131/4615/3035 798/4614/4313 797/4616/4314
f 2131/4615/3035 797/4616/4314 796/4617/4315
f 796/4617/4315 795/4618/4316 2131/4615/3035
f 2131/4615/3035 795/4618/4316 794/4619/4317
f 2131/4615/3035 794/4619/4317 793/4620/4318
f 793/4620/4318 792/4621/4319 2131/4615/3035
f 2131/4615/3035 792/4621/4319 791/4622/4320
f 2131/4615/3035 791/4622/4320 790/4623/4321
f 790/4623/4321 789/4624/4322 2131/4615/3035
f 2131/4615/3035 789/4624/4322 788/4625/4323
f 2131/4615/3035 788/4625/4323 787/4626/4324
f 787/4626/4324 786/4627/4325 2131/4615/3035
f 2131/4615/3035 786/4627/4325 785/4628/4326
f 2131/4615/3035 785/4628/4326 784/4629/4327
f 2131/4615/3035 784/4629/4327 1906/4559/2853
f 1906/4559/2853 784/4629/4327 783/4630/4328
f 1906/4559/2853 783/4630/4328 782/4631/4329
f 782/4631/4329 781/4632/4330 1906/4559/2853
f 1906/4559/2853 781/4632/4330 780/4633/4331
f 1906/4559/2853 780/4633/4331 779/4634/4332
f 779/4634/4332 778/4635/4333 1906/4559/2853
f 1906/4559/2853 778/4635/4333 777/4567/4266
f 860/4636/4334 872/4637/4335 818/4638/4336
f 818/4638/4336 872/4637/4335 1022/4639/4337
f 818/4638/4336 1022/4639/4337 819/4640/4338
f 819/4640/4338 1022/4639/4337 1021/4641/4339
f 819/4640/4338 1021/4641/4339 820/4642/4340
f 820/4642/4340 1021/4641/4339 1020/4643/4341
f 820/4642/4340 1020/4643/4341 821/4644/4342
f 821/4644/4342 1020/4643/4341 1019/4645/4343
f 821/4644/4342 1019/4645/4343 822/4646/4344
f 822/4646/4344 1019/4645/4343 1018/4647/4345
f 822/4646/4344 1018/4647/4345 823/4648/4346
f 823/4648/4346 1018/4647/4345 1017/4649/4347
f 823/4648/4346 1017/4649/4347 824/4650/4348
f 824/4650/4348 1017/4649/4347 1016/4651/4349
f 824/4650/4348 1016/4651/4349 825/4652/4350
f 825/4652/4350 1016/4651/4349 1015/4653/4351
f 825/4652/4350 1015/4653/4351 826/4654/4352
f 826/4654/4352 1015/4653/4351 1014/4655/4353
f 826/4654/4352 1014/4655/4353 827/4656/4354
f 827/4656/4354 1014/4655/4353 1013/4657/4355
f 827/4656/4354 1013/4657/4355 828/4658/4356
f 828/4658/4356 1013/4657/4355 1012/4659/4357
f 828/4658/4356 1012/4659/4357 829/4660/4358
f 829/4660/4358 1012/4659/4357 904/4661/4359
f 829/4660/4358 904/4661/4359 946/4662/4360
f 872/4637/4335 860/4636/4334 873/4663/4361
f 873/4663/4361 860/4636/4334 859/4664/4362
f 873/4663/4361 859/4664/4362 874/4665/4363
f 874/4665/4363 859/4664/4362 858/4666/4364
f 874/4665/4363 858/4666/4364 875/4667/4365
f 875/4667/4365 858/4666/4364 857/4668/4366
f 875/4667/4365 857/4668/4366 876/4669/4367
f 876/4669/4367 857/4668/4366 856/4670/4368
f 876/4669/4367 856/4670/4368 877/4671/4369
f 877/4671/4369 856/4670/4368 855/4672/4370
f 877/4671/4369 855/4672/4370 878/4673/4371
f 878/4673/4371 855/4672/4370 854/4674/4372
f 878/4673/4371 854/4674/4372 879/4675/4373
f 879/4675/4373 854/4674/4372 853/4676/4374
f 879/4675/4373 853/4676/4374 880/4677/4375
f 880/4677/4375 853/4676/4374 852/4678/4376
f 880/4677/4375 852/4678/4376 881/4679/4377
f 881/4679/4377 852/4678/4376 851/4680/4378
f 881/4679/4377 851/4680/4378 882/4681/4379
f 882/4681/4379 851/4680/4378 850/4682/4380
f 882/4681/4379 850/4682/4380 947/4683/4381
f 947/4683/4381 850/4682/4380 948/4684/4382
f 948/4684/4382 850/4682/4380 849/4685/4383
f 948/4684/4382 849/4685/4383 949/4686/4384
f 949/4686/4384 849/4685/4383 848/4687/4385
f 949/4686/4384 848/4687/4385 950/4688/4386
f 950/4688/4386 848/4687/4385 847/4689/4387
f 950/4688/4386 847/4689/4387 951/4690/4388
f 951/4690/4388 847/4689/4387 846/4691/4389
f 951/4690/4388 846/4691/4389 952/4692/4390
f 952/4692/4390 846/4691/4389 845/4693/4391
f 952/4692/4390 845/4693/4391 953/4694/4392
f 953/4694/4392 845/4693/4391 844/4695/4393
f 953/4694/4392 844/4695/4393 954/4696/4394
f 954/4696/4394 844/4695/4393 843/4697/4395
f 954/4696/4394 843/4697/4395 955/4698/4396
f 955/4698/4396 843/4697/4395 842/4699/4397
f 955/4698/4396 842/4699/4397 956/4700/4398
f 956/4700/4398 842/4699/4397 841/4701/4399
f 956/4700/4398 841/4701/4399 957/4702/4400
f 957/4702/4400 841/4701/4399 840/4703/4401
f 957/4702/4400 840/4703/4401 958/4704/4402
f 958/4704/4402 840/4703/4401 839/4705/4403
f 958/4704/4402 839/4705/4403 936/4706/4404
f 936/4706/4404 839/4705/4403 937/4707/4405
f 937/4707/4405 839/4705/4403 838/4708/4406
f 937/4707/4405 838/4708/4406 938/4709/4407
f 938/4709/4407 838/4708/4406 837/4710/4408
f 938/4709/4407 837/4710/4408 939/4711/4409
f 939/4711/4409 837/4710/4408 836/4712/4410
f 939/4711/4409 836/4712/4410 940/4713/4411
f 940/4713/4411 836/4712/4410 835/4714/4412
f 940/4713/4411 835/4714/4412 941/4715/4413
f 941/4715/4413 835/4714/4412 834/4716/4414
f 941/4715/4413 834/4716/4414 942/4717/4415
f 942/4717/4415 834/4716/4414 833/4718/4416
f 942/4717/4415 833/4718/4416 943/4719/4417
f 943/4719/4417 833/4718/4416 832/4720/4418
f 943/4719/4417 832/4720/4418 944/4721/4419
f 944/4721/4419 832/4720/4418 831/4722/4420
f 944/4721/4419 831/4722/4420 945/4723/4421
f 945/4723/4421 831/4722/4420 830/4724/4422
f 945/4723/4421 830/4724/4422 946/4662/4360
f 946/4662/4360 830/4724/4422 829/4660/4358
f 862/4725/4423 861/4726/4424 2050/4727/2954
f 2050/4727/2954 861/4726/4424 903/4728/4425
f 2050/4727/2954 903/4728/4425 902/4729/4426
f 902/4729/4426 901/4730/4427 2050/4727/2954
f 2050/4727/2954 901/4730/4427 900/4731/4428
f 2050/4727/2954 900/4731/4428 899/4732/4429
f 899/4732/4429 898/4733/4430 2050/4727/2954
f 2050/4727/2954 898/4733/4430 897/4734/4431
f 2050/4727/2954 897/4734/4431 896/4735/4432
f 896/4735/4432 895/4736/4433 2050/4727/2954
f 2050/4727/2954 895/4736/4433 894/4737/4434
f 2050/4727/2954 894/4737/4434 893/4738/4435
f 893/4738/4435 892/4739/4436 2050/4727/2954
f 2050/4727/2954 892/4739/4436 2236/4740/3140
f 2236/4740/3140 892/4739/4436 981/4741/4437
f 2236/4740/3140 981/4741/4437 980/4742/4438
f 892/4739/4436 891/4743/4439 981/4741/4437
f 981/4741/4437 891/4743/4439 982/4744/4440
f 982/4744/4440 891/4743/4439 890/4745/4441
f 982/4744/4440 890/4745/4441 983/4746/4442
f 983/4746/4442 890/4745/4441 889/4747/4443
f 983/4746/4442 889/4747/4443 984/4748/4444
f 984/4748/4444 889/4747/4443 888/4749/4445
f 984/4748/4444 888/4749/4445 985/4750/4446
f 985/4750/4446 888/4749/4445 887/4751/4447
f 985/4750/4446 887/4751/4447 986/4752/4448
f 986/4752/4448 887/4751/4447 886/4753/4449
f 986/4752/4448 886/4753/4449 987/4754/4450
f 987/4754/4450 886/4753/4449 885/4755/4451
f 987/4754/4450 885/4755/4451 988/4756/4452
f 988/4756/4452 885/4755/4451 884/4757/4453
f 988/4756/4452 884/4757/4453 989/4758/4454
f 989/4758/4454 884/4757/4453 883/4759/4455
f 989/4758/4454 883/4759/4455 947/4683/4381
f 947/4683/4381 883/4759/4455 882/4681/4379
f 1022/4639/4337 872/4637/4335 1023/4760/4456
f 1023/4760/4456 872/4637/4335 871/4761/4457
f 1023/4760/4456 871/4761/4457 1024/4762/4458
f 1024/4762/4458 871/4761/4457 870/4763/4459
f 1024/4762/4458 870/4763/4459 1025/4764/4460
f 1025/4764/4460 870/4763/4459 869/4765/4461
f 1025/4764/4460 869/4765/4461 1026/4766/4462
f 1026/4766/4462 869/4765/4461 868/4767/4463
f 1026/4766/4462 868/4767/4463 1027/4768/4464
f 1027/4768/4464 868/4767/4463 867/4769/4465
f 1027/4768/4464 867/4769/4465 1028/4770/4466
f 1028/4770/4466 867/4769/4465 866/4771/4467
f 1028/4770/4466 866/4771/4467 1029/4772/4468
f 1029/4772/4468 866/4771/4467 865/4773/4469
f 1029/4772/4468 865/4773/4469 1030/4774/4470
f 1030/4774/4470 865/4773/4469 864/4775/4471
f 1030/4774/4470 864/4775/4471 1031/4776/4472
f 1031/4776/4472 864/4775/4471 863/4777/4473
f 1031/4776/4472 863/4777/4473 1807/4778/2711
f 1807/4778/2711 863/4777/4473 2050/4727/2954
f 2050/4727/2954 863/4777/4473 862/4725/4423
f 958/4704/4402 936/4706/4404 959/4779/4474
f 959/4779/4474 936/4706/4404 935/4780/4475
f 959/4779/4474 935/4780/4475 960/4781/4476
f 960/4781/4476 935/4780/4475 934/4782/4477
f 960/4781/4476 934/4782/4477 961/4783/4478
f 961/4783/4478 934/4782/4477 933/4784/4479
f 961/4783/4478 933/4784/4479 962/4785/4480
f 962/4785/4480 933/4784/4479 932/4786/4481
f 962/4785/4480 932/4786/4481 963/4787/4482
f 963/4787/4482 932/4786/4481 931/4788/4483
f 963/4787/4482 931/4788/4483 964/4789/4484
f 964/4789/4484 931/4788/4483 930/4790/4485
f 964/4789/4484 930/4790/4485 965/4791/4486
f 965/4791/4486 930/4790/4485 929/4792/4487
f 965/4791/4486 929/4792/4487 966/4793/4488
f 966/4793/4488 929/4792/4487 928/4794/4489
f 966/4793/4488 928/4794/4489 967/4795/4490
f 967/4795/4490 928/4794/4489 927/4796/4491
f 967/4795/4490 927/4796/4491 2236/4740/3140
f 2236/4740/3140 927/4796/4491 1888/4797/2792
f 1888/4797/2792 927/4796/4491 926/4798/4492
f 1888/4797/2792 926/4798/4492 925/4799/4493
f 925/4799/4493 924/4800/4494 1888/4797/2792
f 1888/4797/2792 924/4800/4494 923/4801/4495
f 1888/4797/2792 923/4801/4495 922/4802/4496
f 922/4802/4496 921/4803/4497 1888/4797/2792
f 1888/4797/2792 921/4803/4497 920/4804/4498
f 1888/4797/2792 920/4804/4498 919/4805/4499
f 919/4805/4499 918/4806/4500 1888/4797/2792
f 1888/4797/2792 918/4806/4500 917/4807/4501
f 1888/4797/2792 917/4807/4501 916/4808/4502
f 916/4808/4502 915/4809/4503 1888/4797/2792
f 1888/4797/2792 915/4809/4503 914/4810/4504
f 1888/4797/2792 914/4810/4504 913/4811/4505
f 912/4812/4506 1003/4813/4507 913/4811/4505
f 913/4811/4505 1003/4813/4507 1002/4814/4508
f 913/4811/4505 1002/4814/4508 1888/4797/2792
f 1888/4797/2792 1002/4814/4508 1807/4778/2711
f 1807/4778/2711 1002/4814/4508 1001/4815/4509
f 1807/4778/2711 1001/4815/4509 1000/4816/4510
f 1003/4813/4507 912/4812/4506 1004/4817/4511
f 1004/4817/4511 912/4812/4506 911/4818/4512
f 1004/4817/4511 911/4818/4512 1005/4819/4513
f 1005/4819/4513 911/4818/4512 910/4820/4514
f 1005/4819/4513 910/4820/4514 1006/4821/4515
f 1006/4821/4515 910/4820/4514 909/4822/4516
f 1006/4821/4515 909/4822/4516 1007/4823/4517
f 1007/4823/4517 909/4822/4516 908/4824/4518
f 1007/4823/4517 908/4824/4518 1008/4825/4519
f 1008/4825/4519 908/4824/4518 907/4826/4520
f 1008/4825/4519 907/4826/4520 1009/4827/4521
f 1009/4827/4521 907/4826/4520 906/4828/4522
f 1009/4827/4521 906/4828/4522 1010/4829/4523
f 1010/4829/4523 906/4828/4522 905/4830/4524
f 1010/4829/4523 905/4830/4524 1011/4831/4525
f 1011/4831/4525 905/4830/4524 904/4661/4359
f 1011/4831/4525 904/4661/4359 1012/4659/4357
f 980/4742/4438 979/4832/4526 2236/4740/3140
f 2236/4740/3140 979/4832/4526 978/4833/4527
f 2236/4740/3140 978/4833/4527 977/4834/4528
f 977/4834/4528 976/4835/4529 2236/4740/3140
f 2236/4740/3140 976/4835/4529 975/4836/4530
f 2236/4740/3140 975/4836/4530 974/4837/4531
f 974/4837/4531 973/4838/4532 2236/4740/3140
f 2236/4740/3140 973/4838/4532 972/4839/4533
f 2236/4740/3140 972/4839/4533 971/4840/4534
f 971/4840/4534 970/4841/4535 2236/4740/3140
f 2236/4740/3140 970/4841/4535 969/4842/4536
f 2236/4740/3140 969/4842/4536 968/4843/4537
f 968/4843/4537 967/4795/4490 2236/4740/3140
f 991/4844/4538 990/4845/4539 1807/4778/2711
f 1807/4778/2711 990/4845/4539 1032/4846/4540
f 1807/4778/2711 1032/4846/4540 1031/4776/4472
f 1000/4816/4510 999/4847/4541 1807/4778/2711
f 1807/4778/2711 999/4847/4541 998/4848/4542
f 1807/4778/2711 998/4848/4542 997/4849/4543
f 997/4849/4543 996/4850/4544 1807/4778/2711
f 1807/4778/2711 996/4850/4544 995/4851/4545
f 1807/4778/2711 995/4851/4545 994/4852/4546
f 994/4852/4546 993/4853/4547 1807/4778/2711
f 1807/4778/2711 993/4853/4547 992/4854/4548
f 1807/4778/2711 992/4854/4548 991/4844/4538
# 2742 vertices
# 4854 texture params
# 4548 normals
# 5480 facets

# 1 groups
